experiment,run_idx,step_idx,ck_stage,technique_id,technique_name,action_success,detected,detect_prob,detection_delay,impact_minutes,attacker_belief_high_cap,nash_prob_chosen,discounted_payoff_step
Solver_Bayesian_Adaptive,0,0,Reconnaissance,T0887,Wireless Sniffing,True,True,0.7200000000000001,1,0,0.8181818181818181,0.3333333333333333,664.4000000004977
Solver_Bayesian_Adaptive,1,0,Reconnaissance,T0842,Network Sniffing,True,False,0.025,0,0,0.11111111111111108,0.9999999999993111,1028.6249999996512
Solver_Bayesian_Adaptive,1,1,Weaponization,T0849,Masquerading,False,False,0.005250000000000001,0,0,0.015384615384615373,0.3333333333333333,1147.7911874995416
Solver_Bayesian_Adaptive,1,2,Delivery,T0865,Spearphishing Attachment,False,True,0.3960000000000001,1,0,0.06569343065693425,1.0,1040.3117500003862
Solver_Bayesian_Adaptive,2,0,Reconnaissance,T0842,Network Sniffing,True,False,0.025,0,0,0.11111111111111108,0.9999999999989795,1028.6250000005637
Solver_Bayesian_Adaptive,2,1,Weaponization,T0849,Masquerading,False,False,0.04725000000000001,0,0,0.015384615384615373,0.9380952380949004,1096.1206875008731
Solver_Bayesian_Adaptive,2,2,Delivery,T0865,Spearphishing Attachment,False,False,0.3960000000000001,0,0,0.01,1.0,1040.3117500002
Solver_Bayesian_Adaptive,2,3,Exploitation,T0863,User Execution,True,True,0.051750000000000004,1,0,0.043478260869565216,1.0,3524.4245410538665
Solver_Bayesian_Adaptive,3,0,Reconnaissance,T0888,Remote System Information Discovery,True,False,0.27,0,0,0.11111111111111108,0.3333333333333333,735.4374999991389
Solver_Bayesian_Adaptive,3,1,Weaponization,T0849,Masquerading,True,False,0.04725000000000001,0,0,0.015384615384615373,0.9380952380940029,1096.1206875001037
Solver_Bayesian_Adaptive,3,2,Delivery,T0865,Spearphishing Attachment,False,True,0.3960000000000001,1,0,0.06569343065693425,1.0,1040.3117499994978
Solver_Bayesian_Adaptive,4,0,Reconnaissance,T0842,Network Sniffing,True,False,0.025,0,0,0.11111111111111108,1.0,1028.6249999992083
Solver_Bayesian_Adaptive,4,1,Weaponization,T0849,Masquerading,True,False,0.04725000000000001,0,0,0.015384615384615373,0.9380952380920973,1096.12068749971
Solver_Bayesian_Adaptive,4,2,Delivery,T0865,Spearphishing Attachment,True,False,0.3960000000000001,0,0,0.01,1.0,1040.3117499996315
Solver_Bayesian_Adaptive,4,3,Exploitation,T0863,User Execution,True,False,0.051750000000000004,0,0,0.01,1.0,3524.4245410539784
Solver_Bayesian_Adaptive,4,4,Installation,T1505.003,Server Software Component: Web Shell,True,True,0.162,1,0,0.043478260869565216,1.0,2794.9781968747297
Solver_Bayesian_Adaptive,5,0,Reconnaissance,T0842,Network Sniffing,True,False,0.025,0,0,0.11111111111111108,1.0,1028.6250000002842
Solver_Bayesian_Adaptive,5,1,Weaponization,T0849,Masquerading,True,False,0.026250000000000002,0,0,0.015384615384615373,0.3333333333333333,1121.95593750049
Solver_Bayesian_Adaptive,5,2,Delivery,T0865,Spearphishing Attachment,True,False,0.3960000000000001,0,0,0.01,1.0,1040.3117500005417
Solver_Bayesian_Adaptive,5,3,Exploitation,T0863,User Execution,True,False,0.051750000000000004,0,0,0.01,1.0,3524.4245410553517
Solver_Bayesian_Adaptive,5,4,Installation,T1505.003,Server Software Component: Web Shell,True,False,0.162,0,0,0.01,1.0,2794.9781968753887
Solver_Bayesian_Adaptive,5,5,Command & Control,T0884,Connection Proxy,True,False,0.11250000000000002,0,0,0.01,1.0,4290.2525886236535
Solver_Bayesian_Adaptive,5,6,Actions on Objectives,T0882,Theft of Operational Information,True,False,0.17550000000000002,0,50,0.01,1.0,4498.938792678793
Solver_Bayesian_Adaptive,6,0,Reconnaissance,T0842,Network Sniffing,True,False,0.025,0,0,0.11111111111111108,0.9999999999976164,1028.624999999376
Solver_Bayesian_Adaptive,6,1,Weaponization,T0849,Masquerading,False,False,0.04725000000000001,0,0,0.015384615384615373,0.9380952380984402,1096.1206874996653
Solver_Bayesian_Adaptive,6,2,Delivery,T0865,Spearphishing Attachment,True,True,0.3960000000000001,1,0,0.06569343065693425,1.0,1040.311750000229
Solver_Bayesian_Adaptive,7,0,Reconnaissance,T0842,Network Sniffing,True,False,0.025,0,0,0.11111111111111108,1.0,1028.625000000244
Solver_Bayesian_Adaptive,7,1,Weaponization,T0818,Engineering Workstation Compromise,False,False,0.1575,0,0,0.015384615384615373,0.3333333333333333,1290.6135937503145
Solver_Bayesian_Adaptive,7,2,Delivery,T0865,Spearphishing Attachment,False,False,0.3960000000000001,0,0,0.01,1.0,1040.31175000052
Solver_Bayesian_Adaptive,7,3,Exploitation,T0863,User Execution,False,False,0.051750000000000004,0,0,0.01,1.0,3524.424541055238
Solver_Bayesian_Adaptive,7,4,Installation,T1505.003,Server Software Component: Web Shell,True,True,0.162,1,0,0.043478260869565216,1.0,2794.978196875044
Solver_Bayesian_Adaptive,8,0,Reconnaissance,T0887,Wireless Sniffing,True,False,0.08000000000000002,0,0,0.11111111111111108,0.3333333333333333,1387.6000000009894
Solver_Bayesian_Adaptive,8,1,Weaponization,T0849,Masquerading,True,False,0.04725000000000001,0,0,0.015384615384615373,0.9380952380916666,1096.120687500867
Solver_Bayesian_Adaptive,8,2,Delivery,T0865,Spearphishing Attachment,False,False,0.3960000000000001,0,0,0.01,1.0,1040.3117500008575
Solver_Bayesian_Adaptive,8,3,Exploitation,T0863,User Execution,True,False,0.051750000000000004,0,0,0.01,1.0,3524.4245410550648
Solver_Bayesian_Adaptive,8,4,Installation,T1505.003,Server Software Component: Web Shell,True,False,0.162,0,0,0.01,1.0,2794.9781968747575
Solver_Bayesian_Adaptive,8,5,Command & Control,T0884,Connection Proxy,True,True,0.11250000000000002,1,0,0.043478260869565216,1.0,4290.252588623066
Solver_Bayesian_Adaptive,9,0,Reconnaissance,T0842,Network Sniffing,True,False,0.025,0,0,0.11111111111111108,1.0,1028.6249999997
Solver_Bayesian_Adaptive,9,1,Weaponization,T0818,Engineering Workstation Compromise,True,False,0.28350000000000003,0,0,0.015384615384615373,0.3333333333333333,1094.7544687496083
Solver_Bayesian_Adaptive,9,2,Delivery,T0865,Spearphishing Attachment,False,False,0.3960000000000001,0,0,0.01,1.0,1040.3117499991467
Solver_Bayesian_Adaptive,9,3,Exploitation,T0863,User Execution,True,False,0.051750000000000004,0,0,0.01,1.0,3524.4245410546437
Solver_Bayesian_Adaptive,9,4,Installation,T1505.003,Server Software Component: Web Shell,True,False,0.162,0,0,0.01,1.0,2794.978196875787
Solver_Bayesian_Adaptive,9,5,Command & Control,T0884,Connection Proxy,True,False,0.11250000000000002,0,0,0.01,1.0,4290.252588623382
Solver_Bayesian_Adaptive,9,6,Actions on Objectives,T0882,Theft of Operational Information,False,False,0.17550000000000002,0,0,0.01,1.0,4498.938792679268
Solver_Bayesian_Adaptive,10,0,Reconnaissance,T0842,Network Sniffing,True,False,0.025,0,0,0.11111111111111108,1.0,1028.6250000002137
Solver_Bayesian_Adaptive,10,1,Weaponization,T0849,Masquerading,True,False,0.04725000000000001,0,0,0.015384615384615373,0.9380952380946436,1096.1206874997674
Solver_Bayesian_Adaptive,10,2,Delivery,T0865,Spearphishing Attachment,True,True,0.3960000000000001,1,0,0.06569343065693425,1.0,1040.3117500007245
Solver_Bayesian_Adaptive,11,0,Reconnaissance,T0842,Network Sniffing,True,False,0.025,0,0,0.11111111111111108,1.0,1028.6250000007176
Solver_Bayesian_Adaptive,11,1,Weaponization,T0849,Masquerading,True,False,0.04725000000000001,0,0,0.015384615384615373,0.9380952380933881,1096.1206875005141
Solver_Bayesian_Adaptive,11,2,Delivery,T0865,Spearphishing Attachment,True,False,0.3960000000000001,0,0,0.01,1.0,1040.3117499992786
Solver_Bayesian_Adaptive,11,3,Exploitation,T0863,User Execution,True,False,0.051750000000000004,0,0,0.01,1.0,3524.424541055478
Solver_Bayesian_Adaptive,11,4,Installation,T1505.003,Server Software Component: Web Shell,True,False,0.162,0,0,0.01,1.0,2794.9781968745306
Solver_Bayesian_Adaptive,11,5,Command & Control,T0884,Connection Proxy,True,False,0.11250000000000002,0,0,0.01,1.0,4290.252588622309
Solver_Bayesian_Adaptive,11,6,Actions on Objectives,T0882,Theft of Operational Information,False,False,0.17550000000000002,0,0,0.01,1.0,4498.938792679314
Solver_Bayesian_Adaptive,12,0,Reconnaissance,T0888,Remote System Information Discovery,True,False,0.03,0,0,0.11111111111111108,0.3333333333333333,973.9374999992941
Solver_Bayesian_Adaptive,12,1,Weaponization,T0849,Masquerading,False,False,0.026250000000000002,0,0,0.015384615384615373,0.3333333333333333,1121.9559375000858
Solver_Bayesian_Adaptive,12,2,Delivery,T0865,Spearphishing Attachment,True,True,0.3960000000000001,1,0,0.06569343065693425,1.0,1040.3117500001767
Solver_Bayesian_Adaptive,13,0,Reconnaissance,T0842,Network Sniffing,True,False,0.025,0,0,0.11111111111111108,0.999999999998829,1028.6249999997485
Solver_Bayesian_Adaptive,13,1,Weaponization,T0849,Masquerading,False,False,0.04725000000000001,0,0,0.015384615384615373,0.9380952380900378,1096.1206875004464
Solver_Bayesian_Adaptive,13,2,Delivery,T0865,Spearphishing Attachment,False,True,0.3960000000000001,1,0,0.06569343065693425,1.0,1040.311750000678
Solver_Bayesian_Adaptive,14,0,Reconnaissance,T0842,Network Sniffing,True,False,0.025,0,0,0.11111111111111108,0.9999999999969452,1028.625000000619
Solver_Bayesian_Adaptive,14,1,Weaponization,T0818,Engineering Workstation Compromise,False,False,0.1575,0,0,0.015384615384615373,0.3333333333333333,1290.613593749245
Solver_Bayesian_Adaptive,14,2,Delivery,T0865,Spearphishing Attachment,False,False,0.3960000000000001,0,0,0.01,1.0,1040.3117500003827
Solver_Bayesian_Adaptive,14,3,Exploitation,T0863,User Execution,True,False,0.051750000000000004,0,0,0.01,1.0,3524.4245410552717
Solver_Bayesian_Adaptive,14,4,Installation,T1505.003,Server Software Component: Web Shell,True,False,0.162,0,0,0.01,1.0,2794.978196875188
Solver_Bayesian_Adaptive,14,5,Command & Control,T0884,Connection Proxy,True,False,0.11250000000000002,0,0,0.01,1.0,4290.252588623068
Solver_Bayesian_Adaptive,14,6,Actions on Objectives,T0882,Theft of Operational Information,False,False,0.17550000000000002,0,0,0.01,1.0,4498.938792678634
Solver_Bayesian_Adaptive,15,0,Reconnaissance,T0842,Network Sniffing,True,False,0.025,0,0,0.11111111111111108,1.0,1028.6249999999995
Solver_Bayesian_Adaptive,15,1,Weaponization,T0820,Exploitation for Evasion,True,True,0.6615000000000001,1,0,0.35999999999999993,0.3333333333333333,957.306687499064
Solver_Bayesian_Adaptive,16,0,Reconnaissance,T0842,Network Sniffing,True,False,0.025,0,0,0.11111111111111108,0.9999999999989765,1028.6250000006917
Solver_Bayesian_Adaptive,16,1,Weaponization,T0849,Masquerading,False,False,0.04725000000000001,0,0,0.015384615384615373,0.9380952380903237,1096.120687500362
Solver_Bayesian_Adaptive,16,2,Delivery,T0865,Spearphishing Attachment,True,False,0.3960000000000001,0,0,0.01,1.0,1040.3117500003477
Solver_Bayesian_Adaptive,16,3,Exploitation,T0863,User Execution,True,False,0.051750000000000004,0,0,0.01,1.0,3524.4245410550297
Solver_Bayesian_Adaptive,16,4,Installation,T1505.003,Server Software Component: Web Shell,True,False,0.162,0,0,0.01,1.0,2794.9781968751377
Solver_Bayesian_Adaptive,16,5,Command & Control,T0884,Connection Proxy,True,False,0.11250000000000002,0,0,0.01,1.0,4290.25258862363
Solver_Bayesian_Adaptive,16,6,Actions on Objectives,T0882,Theft of Operational Information,False,False,0.17550000000000002,0,0,0.01,1.0,4498.938792678619
Solver_Bayesian_Adaptive,17,0,Reconnaissance,T0887,Wireless Sniffing,True,True,0.4,1,0,0.8181818181818181,0.3333333333333333,1025.9999999995123
Solver_Bayesian_Adaptive,18,0,Reconnaissance,T0888,Remote System Information Discovery,True,False,0.03,0,0,0.11111111111111108,0.3333333333333333,973.9374999992289
Solver_Bayesian_Adaptive,18,1,Weaponization,T0849,Masquerading,True,False,0.005250000000000001,0,0,0.015384615384615373,0.3333333333333333,1147.7911875000752
Solver_Bayesian_Adaptive,18,2,Delivery,T0865,Spearphishing Attachment,True,True,0.3960000000000001,1,0,0.06569343065693425,1.0,1040.311749999303
Solver_Bayesian_Adaptive,19,0,Reconnaissance,T0842,Network Sniffing,True,False,0.025,0,0,0.11111111111111108,1.0,1028.624999999769
Solver_Bayesian_Adaptive,19,1,Weaponization,T0849,Masquerading,True,False,0.04725000000000001,0,0,0.015384615384615373,0.9380952380930341,1096.1206875001742
Solver_Bayesian_Adaptive,19,2,Delivery,T0865,Spearphishing Attachment,True,False,0.3960000000000001,0,0,0.01,1.0,1040.3117500008022
Solver_Bayesian_Adaptive,19,3,Exploitation,T0863,User Execution,True,False,0.051750000000000004,0,0,0.01,1.0,3524.4245410547023
Solver_Bayesian_Adaptive,19,4,Installation,T1505.003,Server Software Component: Web Shell,True,False,0.162,0,0,0.01,1.0,2794.978196874275
Solver_Bayesian_Adaptive,19,5,Command & Control,T0884,Connection Proxy,False,True,0.11250000000000002,1,0,0.043478260869565216,1.0,4290.252588622862
Solver_Bayesian_Adaptive,20,0,Reconnaissance,T0842,Network Sniffing,True,False,0.025,0,0,0.11111111111111108,1.0,1028.625000000351
Solver_Bayesian_Adaptive,20,1,Weaponization,T0849,Masquerading,False,False,0.04725000000000001,0,0,0.015384615384615373,0.9380952380958055,1096.1206875003527
Solver_Bayesian_Adaptive,20,2,Delivery,T0865,Spearphishing Attachment,True,True,0.3960000000000001,1,0,0.06569343065693425,1.0,1040.3117499997186
Solver_Bayesian_Adaptive,21,0,Reconnaissance,T0842,Network Sniffing,False,False,0.025,0,0,0.11111111111111108,1.0,1028.6249999996814
Solver_Bayesian_Adaptive,21,1,Weaponization,T0818,Engineering Workstation Compromise,False,False,0.28350000000000003,0,0,0.015384615384615373,0.3333333333333333,1094.754468749091
Solver_Bayesian_Adaptive,21,2,Delivery,T0865,Spearphishing Attachment,True,True,0.3960000000000001,1,0,0.06569343065693425,1.0,1040.3117499997604
Solver_Bayesian_Adaptive,22,0,Reconnaissance,T0842,Network Sniffing,False,False,0.005000000000000001,0,0,0.11111111111111108,0.3333333333333333,1049.7250000004115
Solver_Bayesian_Adaptive,22,1,Weaponization,T0849,Masquerading,True,False,0.04725000000000001,0,0,0.015384615384615373,0.9380952380934847,1096.1206874998843
Solver_Bayesian_Adaptive,22,2,Delivery,T0865,Spearphishing Attachment,False,False,0.3960000000000001,0,0,0.01,1.0,1040.3117499993944
Solver_Bayesian_Adaptive,22,3,Exploitation,T0863,User Execution,True,False,0.051750000000000004,0,0,0.01,1.0,3524.42454105525
Solver_Bayesian_Adaptive,22,4,Installation,T1505.003,Server Software Component: Web Shell,True,False,0.162,0,0,0.01,1.0,2794.978196875405
Solver_Bayesian_Adaptive,22,5,Command & Control,T0884,Connection Proxy,True,False,0.11250000000000002,0,0,0.01,1.0,4290.25258862363
Solver_Bayesian_Adaptive,22,6,Actions on Objectives,T0882,Theft of Operational Information,True,False,0.17550000000000002,0,50,0.01,1.0,4498.938792678091
Solver_Bayesian_Adaptive,23,0,Reconnaissance,T0842,Network Sniffing,True,False,0.025,0,0,0.11111111111111108,1.0,1028.6250000006457
Solver_Bayesian_Adaptive,23,1,Weaponization,T0820,Exploitation for Evasion,True,False,0.0735,0,0,0.015384615384615373,0.3333333333333333,2059.145187499355
Solver_Bayesian_Adaptive,23,2,Delivery,T0865,Spearphishing Attachment,True,True,0.3960000000000001,1,0,0.06569343065693425,1.0,1040.3117499997065
Solver_Bayesian_Adaptive,24,0,Reconnaissance,T0842,Network Sniffing,True,False,0.025,0,0,0.11111111111111108,0.9999999999984914,1028.6249999990446
Solver_Bayesian_Adaptive,24,1,Weaponization,T0818,Engineering Workstation Compromise,True,True,0.28350000000000003,1,0,0.35999999999999993,0.3333333333333333,1094.7544687491054
Solver_Bayesian_Adaptive,25,0,Reconnaissance,T0842,Network Sniffing,True,False,0.025,0,0,0.11111111111111108,1.0,1028.625000000447
Solver_Bayesian_Adaptive,25,1,Weaponization,T0820,Exploitation for Evasion,True,True,0.6615000000000001,1,0,0.35999999999999993,0.3333333333333333,957.3066874991431
Solver_Bayesian_Adaptive,26,0,Reconnaissance,T0842,Network Sniffing,True,False,0.025,0,0,0.11111111111111108,1.0,1028.6250000009386
Solver_Bayesian_Adaptive,26,1,Weaponization,T0849,Masquerading,False,False,0.04725000000000001,0,0,0.015384615384615373,0.9380952380927798,1096.1206875000842
Solver_Bayesian_Adaptive,26,2,Delivery,T0865,Spearphishing Attachment,False,True,0.3960000000000001,1,0,0.06569343065693425,1.0,1040.3117500006006
Solver_Bayesian_Adaptive,27,0,Reconnaissance,T0842,Network Sniffing,True,False,0.025,0,0,0.11111111111111108,1.0,1028.6249999997635
Solver_Bayesian_Adaptive,27,1,Weaponization,T0849,Masquerading,False,False,0.04725000000000001,0,0,0.015384615384615373,0.9380952380910905,1096.1206875001956
Solver_Bayesian_Adaptive,27,2,Delivery,T0865,Spearphishing Attachment,True,True,0.3960000000000001,1,0,0.06569343065693425,1.0,1040.3117499991733
Solver_Bayesian_Adaptive,28,0,Reconnaissance,T0842,Network Sniffing,True,False,0.025,0,0,0.11111111111111108,0.9999999999970199,1028.6250000000496
Solver_Bayesian_Adaptive,28,1,Weaponization,T0818,Engineering Workstation Compromise,False,False,0.0315,0,0,0.015384615384615373,0.3333333333333333,1486.4727187492354
Solver_Bayesian_Adaptive,28,2,Delivery,T0865,Spearphishing Attachment,False,False,0.3960000000000001,0,0,0.01,1.0,1040.311750000679
Solver_Bayesian_Adaptive,28,3,Exploitation,T0863,User Execution,True,False,0.051750000000000004,0,0,0.01,1.0,3524.4245410548347
Solver_Bayesian_Adaptive,28,4,Installation,T1505.003,Server Software Component: Web Shell,True,False,0.162,0,0,0.01,1.0,2794.9781968757457
Solver_Bayesian_Adaptive,28,5,Command & Control,T0884,Connection Proxy,False,False,0.11250000000000002,0,0,0.01,1.0,4290.252588622589
Solver_Bayesian_Adaptive,28,6,Actions on Objectives,T0882,Theft of Operational Information,True,True,0.17550000000000002,1,0,0.043478260869565216,1.0,4498.938792679269
Solver_Bayesian_Adaptive,29,0,Reconnaissance,T0842,Network Sniffing,True,False,0.025,0,0,0.11111111111111108,0.9999999999943062,1028.6250000006053
Solver_Bayesian_Adaptive,29,1,Weaponization,T0820,Exploitation for Evasion,True,True,0.6615000000000001,1,0,0.35999999999999993,0.3333333333333333,957.3066874998576
Solver_Bayesian_Adaptive,30,0,Reconnaissance,T0887,Wireless Sniffing,True,False,0.08000000000000002,0,0,0.11111111111111108,0.3333333333333333,1387.6000000008587
Solver_Bayesian_Adaptive,30,1,Weaponization,T0818,Engineering Workstation Compromise,True,False,0.28350000000000003,0,0,0.015384615384615373,0.3333333333333333,1094.7544687496475
Solver_Bayesian_Adaptive,30,2,Delivery,T0865,Spearphishing Attachment,True,False,0.3960000000000001,0,0,0.01,1.0,1040.3117499996538
Solver_Bayesian_Adaptive,30,3,Exploitation,T0863,User Execution,True,False,0.051750000000000004,0,0,0.01,1.0,3524.4245410548747
Solver_Bayesian_Adaptive,30,4,Installation,T1505.003,Server Software Component: Web Shell,False,True,0.162,1,0,0.043478260869565216,1.0,2794.9781968747975
Solver_Bayesian_Adaptive,31,0,Reconnaissance,T0842,Network Sniffing,True,False,0.025,0,0,0.11111111111111108,1.0,1028.6249999990803
Solver_Bayesian_Adaptive,31,1,Weaponization,T0849,Masquerading,True,False,0.005250000000000001,0,0,0.015384615384615373,0.3333333333333333,1147.7911874993285
Solver_Bayesian_Adaptive,31,2,Delivery,T0865,Spearphishing Attachment,True,False,0.3960000000000001,0,0,0.01,1.0,1040.3117500006088
Solver_Bayesian_Adaptive,31,3,Exploitation,T0863,User Execution,True,False,0.051750000000000004,0,0,0.01,1.0,3524.424541054037
Solver_Bayesian_Adaptive,31,4,Installation,T1505.003,Server Software Component: Web Shell,False,False,0.162,0,0,0.01,1.0,2794.978196874928
Solver_Bayesian_Adaptive,31,5,Command & Control,T0884,Connection Proxy,True,False,0.11250000000000002,0,0,0.01,1.0,4290.252588623531
Solver_Bayesian_Adaptive,31,6,Actions on Objectives,T0882,Theft of Operational Information,False,False,0.17550000000000002,0,0,0.01,1.0,4498.938792678206
Solver_Bayesian_Adaptive,32,0,Reconnaissance,T0842,Network Sniffing,False,False,0.025,0,0,0.11111111111111108,1.0,1028.6249999992547
Solver_Bayesian_Adaptive,32,1,Weaponization,T0818,Engineering Workstation Compromise,True,False,0.1575,0,0,0.015384615384615373,0.3333333333333333,1290.613593750455
Solver_Bayesian_Adaptive,32,2,Delivery,T0865,Spearphishing Attachment,True,False,0.3960000000000001,0,0,0.01,1.0,1040.311749999649
Solver_Bayesian_Adaptive,32,3,Exploitation,T0863,User Execution,True,False,0.051750000000000004,0,0,0.01,1.0,3524.424541055022
Solver_Bayesian_Adaptive,32,4,Installation,T1505.003,Server Software Component: Web Shell,False,False,0.162,0,0,0.01,1.0,2794.9781968745006
Solver_Bayesian_Adaptive,32,5,Command & Control,T0884,Connection Proxy,True,False,0.11250000000000002,0,0,0.01,1.0,4290.252588622433
Solver_Bayesian_Adaptive,32,6,Actions on Objectives,T0882,Theft of Operational Information,True,False,0.17550000000000002,0,50,0.01,1.0,4498.938792678302
Solver_Bayesian_Adaptive,33,0,Reconnaissance,T0842,Network Sniffing,True,False,0.025,0,0,0.11111111111111108,1.0,1028.6250000008033
Solver_Bayesian_Adaptive,33,1,Weaponization,T0820,Exploitation for Evasion,True,True,0.6615000000000001,1,0,0.35999999999999993,0.3333333333333333,957.3066875008576
Solver_Bayesian_Adaptive,34,0,Reconnaissance,T0887,Wireless Sniffing,True,False,0.4,0,0,0.11111111111111108,0.3333333333333333,1026.0000000000734
Solver_Bayesian_Adaptive,34,1,Weaponization,T0849,Masquerading,True,False,0.04725000000000001,0,0,0.015384615384615373,0.9380952380965778,1096.1206874996897
Solver_Bayesian_Adaptive,34,2,Delivery,T0865,Spearphishing Attachment,True,False,0.3960000000000001,0,0,0.01,1.0,1040.311750000253
Solver_Bayesian_Adaptive,34,3,Exploitation,T0863,User Execution,False,False,0.051750000000000004,0,0,0.01,1.0,3524.4245410542944
Solver_Bayesian_Adaptive,34,4,Installation,T1505.003,Server Software Component: Web Shell,False,False,0.162,0,0,0.01,1.0,2794.9781968751417
Solver_Bayesian_Adaptive,34,5,Command & Control,T0884,Connection Proxy,True,True,0.11250000000000002,1,0,0.043478260869565216,1.0,4290.252588622926
Solver_Bayesian_Adaptive,35,0,Reconnaissance,T0842,Network Sniffing,True,False,0.025,0,0,0.11111111111111108,1.0,1028.624999999712
Solver_Bayesian_Adaptive,35,1,Weaponization,T0849,Masquerading,False,False,0.04725000000000001,0,0,0.015384615384615373,0.9380952380878969,1096.1206875003713
Solver_Bayesian_Adaptive,35,2,Delivery,T0865,Spearphishing Attachment,True,False,0.3960000000000001,0,0,0.01,1.0,1040.3117500005712
Solver_Bayesian_Adaptive,35,3,Exploitation,T0863,User Execution,True,False,0.051750000000000004,0,0,0.01,1.0,3524.424541054805
Solver_Bayesian_Adaptive,35,4,Installation,T1505.003,Server Software Component: Web Shell,True,False,0.162,0,0,0.01,1.0,2794.978196874343
Solver_Bayesian_Adaptive,35,5,Command & Control,T0884,Connection Proxy,False,False,0.11250000000000002,0,0,0.01,1.0,4290.252588623121
Solver_Bayesian_Adaptive,35,6,Actions on Objectives,T0882,Theft of Operational Information,True,False,0.17550000000000002,0,50,0.01,1.0,4498.938792679184
Solver_Bayesian_Adaptive,36,0,Reconnaissance,T0842,Network Sniffing,True,False,0.025,0,0,0.11111111111111108,1.0,1028.6249999990189
Solver_Bayesian_Adaptive,36,1,Weaponization,T0820,Exploitation for Evasion,True,False,0.0735,0,0,0.015384615384615373,0.3333333333333333,2059.145187500275
Solver_Bayesian_Adaptive,36,2,Delivery,T0865,Spearphishing Attachment,True,False,0.3960000000000001,0,0,0.01,1.0,1040.3117499998814
Solver_Bayesian_Adaptive,36,3,Exploitation,T0863,User Execution,True,False,0.051750000000000004,0,0,0.01,1.0,3524.4245410554936
Solver_Bayesian_Adaptive,36,4,Installation,T1505.003,Server Software Component: Web Shell,True,False,0.162,0,0,0.01,1.0,2794.978196875042
Solver_Bayesian_Adaptive,36,5,Command & Control,T0884,Connection Proxy,True,False,0.11250000000000002,0,0,0.01,1.0,4290.252588622649
Solver_Bayesian_Adaptive,36,6,Actions on Objectives,T0882,Theft of Operational Information,False,False,0.17550000000000002,0,0,0.01,1.0,4498.938792678483
Solver_Bayesian_Adaptive,37,0,Reconnaissance,T0842,Network Sniffing,True,False,0.025,0,0,0.11111111111111108,1.0,1028.62499999949
Solver_Bayesian_Adaptive,37,1,Weaponization,T0818,Engineering Workstation Compromise,True,False,0.1575,0,0,0.015384615384615373,0.3333333333333333,1290.613593749379
Solver_Bayesian_Adaptive,37,2,Delivery,T0865,Spearphishing Attachment,False,False,0.3960000000000001,0,0,0.01,1.0,1040.3117500003468
Solver_Bayesian_Adaptive,37,3,Exploitation,T0863,User Execution,True,False,0.051750000000000004,0,0,0.01,1.0,3524.4245410553253
Solver_Bayesian_Adaptive,37,4,Installation,T1505.003,Server Software Component: Web Shell,False,False,0.162,0,0,0.01,1.0,2794.978196874252
Solver_Bayesian_Adaptive,37,5,Command & Control,T0884,Connection Proxy,False,False,0.11250000000000002,0,0,0.01,1.0,4290.2525886231615
Solver_Bayesian_Adaptive,37,6,Actions on Objectives,T0882,Theft of Operational Information,True,False,0.17550000000000002,0,50,0.01,1.0,4498.938792678745
Solver_Bayesian_Adaptive,38,0,Reconnaissance,T0842,Network Sniffing,True,False,0.025,0,0,0.11111111111111108,1.0,1028.6249999992012
Solver_Bayesian_Adaptive,38,1,Weaponization,T0849,Masquerading,False,False,0.04725000000000001,0,0,0.015384615384615373,0.9380952380947308,1096.120687499366
Solver_Bayesian_Adaptive,38,2,Delivery,T0865,Spearphishing Attachment,True,False,0.3960000000000001,0,0,0.01,1.0,1040.3117499993718
Solver_Bayesian_Adaptive,38,3,Exploitation,T0863,User Execution,True,False,0.051750000000000004,0,0,0.01,1.0,3524.424541054335
Solver_Bayesian_Adaptive,38,4,Installation,T1505.003,Server Software Component: Web Shell,False,False,0.162,0,0,0.01,1.0,2794.9781968745037
Solver_Bayesian_Adaptive,38,5,Command & Control,T0884,Connection Proxy,True,False,0.11250000000000002,0,0,0.01,1.0,4290.2525886231915
Solver_Bayesian_Adaptive,38,6,Actions on Objectives,T0882,Theft of Operational Information,True,True,0.17550000000000002,1,0,0.043478260869565216,1.0,4498.938792679223
Solver_Bayesian_Adaptive,39,0,Reconnaissance,T0887,Wireless Sniffing,False,False,0.4,0,0,0.11111111111111108,0.3333333333333333,1026.000000000443
Solver_Bayesian_Adaptive,39,1,Weaponization,T0818,Engineering Workstation Compromise,False,False,0.0315,0,0,0.015384615384615373,0.3333333333333333,1486.4727187494511
Solver_Bayesian_Adaptive,39,2,Delivery,T0865,Spearphishing Attachment,True,False,0.3960000000000001,0,0,0.01,1.0,1040.3117500008143
Solver_Bayesian_Adaptive,39,3,Exploitation,T0863,User Execution,True,False,0.051750000000000004,0,0,0.01,1.0,3524.4245410551357
Solver_Bayesian_Adaptive,39,4,Installation,T1505.003,Server Software Component: Web Shell,False,False,0.162,0,0,0.01,1.0,2794.9781968753605
Solver_Bayesian_Adaptive,39,5,Command & Control,T0884,Connection Proxy,True,True,0.11250000000000002,1,0,0.043478260869565216,1.0,4290.25258862295
Solver_Bayesian_Adaptive,40,0,Reconnaissance,T0842,Network Sniffing,True,False,0.005000000000000001,0,0,0.11111111111111108,0.3333333333333333,1049.7249999997518
Solver_Bayesian_Adaptive,40,1,Weaponization,T0818,Engineering Workstation Compromise,True,False,0.1575,0,0,0.015384615384615373,0.3333333333333333,1290.6135937496113
Solver_Bayesian_Adaptive,40,2,Delivery,T0865,Spearphishing Attachment,False,True,0.3960000000000001,1,0,0.06569343065693425,1.0,1040.3117500006115
Solver_Bayesian_Adaptive,41,0,Reconnaissance,T0888,Remote System Information Discovery,True,False,0.03,0,0,0.11111111111111108,0.3333333333333333,973.9375000007477
Solver_Bayesian_Adaptive,41,1,Weaponization,T0849,Masquerading,True,False,0.04725000000000001,0,0,0.015384615384615373,0.3333333333333333,1096.1206875008595
Solver_Bayesian_Adaptive,41,2,Delivery,T0865,Spearphishing Attachment,True,False,0.3960000000000001,0,0,0.01,1.0,1040.3117499997431
Solver_Bayesian_Adaptive,41,3,Exploitation,T0863,User Execution,True,True,0.051750000000000004,1,0,0.043478260869565216,1.0,3524.424541054743
Solver_Bayesian_Adaptive,42,0,Reconnaissance,T0887,Wireless Sniffing,True,True,0.4,1,0,0.8181818181818181,0.3333333333333333,1026.0000000002235
Solver_Bayesian_Adaptive,43,0,Reconnaissance,T0842,Network Sniffing,True,False,0.025,0,0,0.11111111111111108,0.9999999999961453,1028.6249999998633
Solver_Bayesian_Adaptive,43,1,Weaponization,T0820,Exploitation for Evasion,True,True,0.6615000000000001,1,0,0.35999999999999993,0.3333333333333333,957.3066875008593
Solver_Bayesian_Adaptive,44,0,Reconnaissance,T0888,Remote System Information Discovery,True,False,0.03,0,0,0.11111111111111108,0.3333333333333333,973.937500000321
Solver_Bayesian_Adaptive,44,1,Weaponization,T0849,Masquerading,False,False,0.04725000000000001,0,0,0.015384615384615373,0.9380952381010691,1096.1206875004607
Solver_Bayesian_Adaptive,44,2,Delivery,T0865,Spearphishing Attachment,False,False,0.3960000000000001,0,0,0.01,1.0,1040.3117500007115
Solver_Bayesian_Adaptive,44,3,Exploitation,T0863,User Execution,True,False,0.051750000000000004,0,0,0.01,1.0,3524.4245410551052
Solver_Bayesian_Adaptive,44,4,Installation,T1505.003,Server Software Component: Web Shell,True,True,0.162,1,0,0.043478260869565216,1.0,2794.9781968748975
Solver_Bayesian_Adaptive,45,0,Reconnaissance,T0842,Network Sniffing,True,False,0.025,0,0,0.11111111111111108,1.0,1028.62499999913
Solver_Bayesian_Adaptive,45,1,Weaponization,T0849,Masquerading,True,False,0.04725000000000001,0,0,0.015384615384615373,0.9380952380931565,1096.1206875000369
Solver_Bayesian_Adaptive,45,2,Delivery,T0865,Spearphishing Attachment,False,True,0.3960000000000001,1,0,0.06569343065693425,1.0,1040.311750000195
Solver_Bayesian_Adaptive,46,0,Reconnaissance,T0842,Network Sniffing,True,False,0.025,0,0,0.11111111111111108,1.0,1028.6250000006453
Solver_Bayesian_Adaptive,46,1,Weaponization,T0849,Masquerading,True,False,0.04725000000000001,0,0,0.015384615384615373,0.9380952380949173,1096.1206875004978
Solver_Bayesian_Adaptive,46,2,Delivery,T0865,Spearphishing Attachment,True,False,0.3960000000000001,0,0,0.01,1.0,1040.311749999415
Solver_Bayesian_Adaptive,46,3,Exploitation,T0863,User Execution,False,False,0.051750000000000004,0,0,0.01,1.0,3524.424541053962
Solver_Bayesian_Adaptive,46,4,Installation,T1505.003,Server Software Component: Web Shell,False,False,0.162,0,0,0.01,1.0,2794.978196874982
Solver_Bayesian_Adaptive,46,5,Command & Control,T0884,Connection Proxy,False,False,0.11250000000000002,0,0,0.01,1.0,4290.252588622757
Solver_Bayesian_Adaptive,46,6,Actions on Objectives,T0882,Theft of Operational Information,True,False,0.17550000000000002,0,50,0.01,1.0,4498.938792678365
Solver_Bayesian_Adaptive,47,0,Reconnaissance,T0842,Network Sniffing,True,False,0.025,0,0,0.11111111111111108,1.0,1028.625000000761
Solver_Bayesian_Adaptive,47,1,Weaponization,T0849,Masquerading,False,False,0.026250000000000002,0,0,0.015384615384615373,0.3333333333333333,1121.955937500721
Solver_Bayesian_Adaptive,47,2,Delivery,T0865,Spearphishing Attachment,True,False,0.3960000000000001,0,0,0.01,1.0,1040.3117500001752
Solver_Bayesian_Adaptive,47,3,Exploitation,T0863,User Execution,True,False,0.051750000000000004,0,0,0.01,1.0,3524.424541055532
Solver_Bayesian_Adaptive,47,4,Installation,T1505.003,Server Software Component: Web Shell,True,False,0.162,0,0,0.01,1.0,2794.9781968746697
Solver_Bayesian_Adaptive,47,5,Command & Control,T0884,Connection Proxy,False,False,0.11250000000000002,0,0,0.01,1.0,4290.252588622637
Solver_Bayesian_Adaptive,47,6,Actions on Objectives,T0882,Theft of Operational Information,True,True,0.17550000000000002,1,0,0.043478260869565216,1.0,4498.938792679461
Solver_Bayesian_Adaptive,48,0,Reconnaissance,T0842,Network Sniffing,True,False,0.025,0,0,0.11111111111111108,1.0,1028.6250000005823
Solver_Bayesian_Adaptive,48,1,Weaponization,T0818,Engineering Workstation Compromise,False,False,0.0315,0,0,0.015384615384615373,0.3333333333333333,1486.4727187494539
Solver_Bayesian_Adaptive,48,2,Delivery,T0865,Spearphishing Attachment,True,True,0.3960000000000001,1,0,0.06569343065693425,1.0,1040.3117500002065
Solver_Bayesian_Adaptive,49,0,Reconnaissance,T0888,Remote System Information Discovery,False,False,0.15,0,0,0.11111111111111108,0.3333333333333333,854.6874999993014
Solver_Bayesian_Adaptive,49,1,Weaponization,T0818,Engineering Workstation Compromise,True,False,0.0315,0,0,0.015384615384615373,0.3333333333333333,1486.472718749925
Solver_Bayesian_Adaptive,49,2,Delivery,T0865,Spearphishing Attachment,True,False,0.3960000000000001,0,0,0.01,1.0,1040.3117499999162
Solver_Bayesian_Adaptive,49,3,Exploitation,T0863,User Execution,True,False,0.051750000000000004,0,0,0.01,1.0,3524.424541055298
Solver_Bayesian_Adaptive,49,4,Installation,T1505.003,Server Software Component: Web Shell,True,True,0.162,1,0,0.043478260869565216,1.0,2794.978196875283
Solver_Bayesian_Adaptive,50,0,Reconnaissance,T0842,Network Sniffing,True,False,0.025,0,0,0.11111111111111108,1.0,1028.6249999992347
Solver_Bayesian_Adaptive,50,1,Weaponization,T0849,Masquerading,True,False,0.04725000000000001,0,0,0.015384615384615373,0.3333333333333333,1096.1206875007115
Solver_Bayesian_Adaptive,50,2,Delivery,T0865,Spearphishing Attachment,False,False,0.3960000000000001,0,0,0.01,1.0,1040.3117499992456
Solver_Bayesian_Adaptive,50,3,Exploitation,T0863,User Execution,True,False,0.051750000000000004,0,0,0.01,1.0,3524.4245410541344
Solver_Bayesian_Adaptive,50,4,Installation,T1505.003,Server Software Component: Web Shell,False,False,0.162,0,0,0.01,1.0,2794.9781968748107
Solver_Bayesian_Adaptive,50,5,Command & Control,T0884,Connection Proxy,False,False,0.11250000000000002,0,0,0.01,1.0,4290.2525886230305
Solver_Bayesian_Adaptive,50,6,Actions on Objectives,T0882,Theft of Operational Information,False,False,0.17550000000000002,0,0,0.01,1.0,4498.938792678247
Solver_Bayesian_Adaptive,51,0,Reconnaissance,T0842,Network Sniffing,True,False,0.025,0,0,0.11111111111111108,1.0,1028.6249999995373
Solver_Bayesian_Adaptive,51,1,Weaponization,T0818,Engineering Workstation Compromise,False,False,0.0315,0,0,0.015384615384615373,0.3333333333333333,1486.4727187493218
Solver_Bayesian_Adaptive,51,2,Delivery,T0865,Spearphishing Attachment,False,True,0.3960000000000001,1,0,0.06569343065693425,1.0,1040.3117500005571
Solver_Bayesian_Adaptive,52,0,Reconnaissance,T0842,Network Sniffing,True,False,0.025,0,0,0.11111111111111108,0.9999999999982944,1028.6250000000641
Solver_Bayesian_Adaptive,52,1,Weaponization,T0849,Masquerading,True,False,0.04725000000000001,0,0,0.015384615384615373,0.9380952380946795,1096.1206874999941
Solver_Bayesian_Adaptive,52,2,Delivery,T0865,Spearphishing Attachment,True,True,0.3960000000000001,1,0,0.06569343065693425,1.0,1040.3117499993555
Solver_Bayesian_Adaptive,53,0,Reconnaissance,T0888,Remote System Information Discovery,True,False,0.15,0,0,0.11111111111111108,0.3333333333333333,854.6874999997552
Solver_Bayesian_Adaptive,53,1,Weaponization,T0849,Masquerading,True,False,0.04725000000000001,0,0,0.015384615384615373,0.3333333333333333,1096.1206875000812
Solver_Bayesian_Adaptive,53,2,Delivery,T0865,Spearphishing Attachment,False,False,0.3960000000000001,0,0,0.01,1.0,1040.3117500000353
Solver_Bayesian_Adaptive,53,3,Exploitation,T0863,User Execution,True,False,0.051750000000000004,0,0,0.01,1.0,3524.424541054172
Solver_Bayesian_Adaptive,53,4,Installation,T1505.003,Server Software Component: Web Shell,True,False,0.162,0,0,0.01,1.0,2794.9781968753427
Solver_Bayesian_Adaptive,53,5,Command & Control,T0884,Connection Proxy,False,False,0.11250000000000002,0,0,0.01,1.0,4290.252588623244
Solver_Bayesian_Adaptive,53,6,Actions on Objectives,T0882,Theft of Operational Information,True,False,0.17550000000000002,0,50,0.01,1.0,4498.938792678596
Solver_Bayesian_Adaptive,54,0,Reconnaissance,T0842,Network Sniffing,False,False,0.025,0,0,0.11111111111111108,1.0,1028.6249999991405
Solver_Bayesian_Adaptive,54,1,Weaponization,T0849,Masquerading,True,False,0.04725000000000001,0,0,0.015384615384615373,0.9380952381029238,1096.1206875000842
Solver_Bayesian_Adaptive,54,2,Delivery,T0865,Spearphishing Attachment,True,False,0.3960000000000001,0,0,0.01,1.0,1040.3117500003548
Solver_Bayesian_Adaptive,54,3,Exploitation,T0863,User Execution,True,False,0.051750000000000004,0,0,0.01,1.0,3524.4245410554936
Solver_Bayesian_Adaptive,54,4,Installation,T1505.003,Server Software Component: Web Shell,True,False,0.162,0,0,0.01,1.0,2794.978196874431
Solver_Bayesian_Adaptive,54,5,Command & Control,T0884,Connection Proxy,False,False,0.11250000000000002,0,0,0.01,1.0,4290.252588622486
Solver_Bayesian_Adaptive,54,6,Actions on Objectives,T0882,Theft of Operational Information,True,False,0.17550000000000002,0,50,0.01,1.0,4498.938792678376
Solver_Bayesian_Adaptive,55,0,Reconnaissance,T0842,Network Sniffing,True,False,0.045000000000000005,0,0,0.11111111111111108,0.3333333333333333,1007.5249999997421
Solver_Bayesian_Adaptive,55,1,Weaponization,T0820,Exploitation for Evasion,True,False,0.3675,0,0,0.015384615384615373,0.3333333333333333,1508.2259374999353
Solver_Bayesian_Adaptive,55,2,Delivery,T0865,Spearphishing Attachment,False,False,0.3960000000000001,0,0,0.01,1.0,1040.3117500006483
Solver_Bayesian_Adaptive,55,3,Exploitation,T0863,User Execution,True,False,0.051750000000000004,0,0,0.01,1.0,3524.424541054624
Solver_Bayesian_Adaptive,55,4,Installation,T1505.003,Server Software Component: Web Shell,True,False,0.162,0,0,0.01,1.0,2794.9781968747197
Solver_Bayesian_Adaptive,55,5,Command & Control,T0884,Connection Proxy,True,False,0.11250000000000002,0,0,0.01,1.0,4290.252588622787
Solver_Bayesian_Adaptive,55,6,Actions on Objectives,T0882,Theft of Operational Information,False,False,0.17550000000000002,0,0,0.01,1.0,4498.938792678972
Solver_Bayesian_Adaptive,56,0,Reconnaissance,T0842,Network Sniffing,True,False,0.025,0,0,0.11111111111111108,0.9999999999990761,1028.6249999998554
Solver_Bayesian_Adaptive,56,1,Weaponization,T0849,Masquerading,False,False,0.04725000000000001,0,0,0.015384615384615373,0.9380952380963571,1096.1206875002083
Solver_Bayesian_Adaptive,56,2,Delivery,T0865,Spearphishing Attachment,True,False,0.3960000000000001,0,0,0.01,1.0,1040.3117500004532
Solver_Bayesian_Adaptive,56,3,Exploitation,T0863,User Execution,True,False,0.051750000000000004,0,0,0.01,1.0,3524.424541054277
Solver_Bayesian_Adaptive,56,4,Installation,T1505.003,Server Software Component: Web Shell,True,False,0.162,0,0,0.01,1.0,2794.978196874361
Solver_Bayesian_Adaptive,56,5,Command & Control,T0884,Connection Proxy,False,False,0.11250000000000002,0,0,0.01,1.0,4290.252588622601
Solver_Bayesian_Adaptive,56,6,Actions on Objectives,T0882,Theft of Operational Information,True,True,0.17550000000000002,1,0,0.043478260869565216,1.0,4498.938792678807
Solver_Bayesian_Adaptive,57,0,Reconnaissance,T0842,Network Sniffing,True,True,0.025,1,0,0.8181818181818181,1.0,1028.6250000008256
Solver_Bayesian_Adaptive,58,0,Reconnaissance,T0842,Network Sniffing,True,False,0.025,0,0,0.11111111111111108,1.0,1028.625000000723
Solver_Bayesian_Adaptive,58,1,Weaponization,T0849,Masquerading,True,False,0.026250000000000002,0,0,0.015384615384615373,0.3333333333333333,1121.9559374991634
Solver_Bayesian_Adaptive,58,2,Delivery,T0865,Spearphishing Attachment,True,True,0.3960000000000001,1,0,0.06569343065693425,1.0,1040.3117499992388
Solver_Bayesian_Adaptive,59,0,Reconnaissance,T0842,Network Sniffing,True,False,0.025,0,0,0.11111111111111108,1.0,1028.6250000005364
Solver_Bayesian_Adaptive,59,1,Weaponization,T0818,Engineering Workstation Compromise,False,False,0.28350000000000003,0,0,0.015384615384615373,0.3333333333333333,1094.7544687492011
Solver_Bayesian_Adaptive,59,2,Delivery,T0865,Spearphishing Attachment,True,False,0.3960000000000001,0,0,0.01,1.0,1040.311749999259
Solver_Bayesian_Adaptive,59,3,Exploitation,T0863,User Execution,True,False,0.051750000000000004,0,0,0.01,1.0,3524.4245410543335
Solver_Bayesian_Adaptive,59,4,Installation,T1505.003,Server Software Component: Web Shell,False,False,0.162,0,0,0.01,1.0,2794.9781968757543
Solver_Bayesian_Adaptive,59,5,Command & Control,T0884,Connection Proxy,False,False,0.11250000000000002,0,0,0.01,1.0,4290.2525886228495
Solver_Bayesian_Adaptive,59,6,Actions on Objectives,T0882,Theft of Operational Information,True,True,0.17550000000000002,1,0,0.043478260869565216,1.0,4498.93879267812
Solver_Bayesian_Adaptive,60,0,Reconnaissance,T0842,Network Sniffing,True,False,0.025,0,0,0.11111111111111108,1.0,1028.6250000008067
Solver_Bayesian_Adaptive,60,1,Weaponization,T0820,Exploitation for Evasion,True,False,0.3675,0,0,0.015384615384615373,0.3333333333333333,1508.225937499386
Solver_Bayesian_Adaptive,60,2,Delivery,T0865,Spearphishing Attachment,True,True,0.3960000000000001,1,0,0.06569343065693425,1.0,1040.3117499991965
Solver_Bayesian_Adaptive,61,0,Reconnaissance,T0842,Network Sniffing,True,False,0.025,0,0,0.11111111111111108,0.9999999999962862,1028.6250000001012
Solver_Bayesian_Adaptive,61,1,Weaponization,T0849,Masquerading,True,False,0.04725000000000001,0,0,0.015384615384615373,0.9380952380985156,1096.1206875002129
Solver_Bayesian_Adaptive,61,2,Delivery,T0865,Spearphishing Attachment,True,False,0.3960000000000001,0,0,0.01,1.0,1040.3117500006217
Solver_Bayesian_Adaptive,61,3,Exploitation,T0863,User Execution,True,False,0.051750000000000004,0,0,0.01,1.0,3524.4245410544013
Solver_Bayesian_Adaptive,61,4,Installation,T1505.003,Server Software Component: Web Shell,False,False,0.162,0,0,0.01,1.0,2794.978196874374
Solver_Bayesian_Adaptive,61,5,Command & Control,T0884,Connection Proxy,True,False,0.11250000000000002,0,0,0.01,1.0,4290.252588623167
Solver_Bayesian_Adaptive,61,6,Actions on Objectives,T0882,Theft of Operational Information,False,False,0.17550000000000002,0,0,0.01,1.0,4498.938792678364
Solver_Bayesian_Adaptive,62,0,Reconnaissance,T0842,Network Sniffing,True,False,0.025,0,0,0.11111111111111108,0.9999999999949568,1028.6249999993106
Solver_Bayesian_Adaptive,62,1,Weaponization,T0849,Masquerading,False,False,0.04725000000000001,0,0,0.015384615384615373,0.9380952380998873,1096.1206875000626
Solver_Bayesian_Adaptive,62,2,Delivery,T0865,Spearphishing Attachment,True,False,0.3960000000000001,0,0,0.01,1.0,1040.3117500001013
Solver_Bayesian_Adaptive,62,3,Exploitation,T0863,User Execution,True,False,0.051750000000000004,0,0,0.01,1.0,3524.4245410539224
Solver_Bayesian_Adaptive,62,4,Installation,T1505.003,Server Software Component: Web Shell,False,False,0.162,0,0,0.01,1.0,2794.978196874415
Solver_Bayesian_Adaptive,62,5,Command & Control,T0884,Connection Proxy,False,False,0.11250000000000002,0,0,0.01,1.0,4290.252588622356
Solver_Bayesian_Adaptive,62,6,Actions on Objectives,T0882,Theft of Operational Information,True,False,0.17550000000000002,0,50,0.01,1.0,4498.9387926792
Solver_Bayesian_Adaptive,63,0,Reconnaissance,T0842,Network Sniffing,True,False,0.025,0,0,0.11111111111111108,0.9999999999983765,1028.6249999990807
Solver_Bayesian_Adaptive,63,1,Weaponization,T0849,Masquerading,True,False,0.04725000000000001,0,0,0.015384615384615373,0.9380952380953357,1096.1206874992656
Solver_Bayesian_Adaptive,63,2,Delivery,T0865,Spearphishing Attachment,True,False,0.3960000000000001,0,0,0.01,1.0,1040.3117499998534
Solver_Bayesian_Adaptive,63,3,Exploitation,T0863,User Execution,True,False,0.051750000000000004,0,0,0.01,1.0,3524.424541054454
Solver_Bayesian_Adaptive,63,4,Installation,T1505.003,Server Software Component: Web Shell,False,False,0.162,0,0,0.01,1.0,2794.978196875313
Solver_Bayesian_Adaptive,63,5,Command & Control,T0884,Connection Proxy,True,False,0.11250000000000002,0,0,0.01,1.0,4290.252588623699
Solver_Bayesian_Adaptive,63,6,Actions on Objectives,T0882,Theft of Operational Information,False,False,0.17550000000000002,0,0,0.01,1.0,4498.938792678899
Solver_Bayesian_Adaptive,64,0,Reconnaissance,T0887,Wireless Sniffing,True,False,0.08000000000000002,0,0,0.11111111111111108,0.3333333333333333,1387.5999999992125
Solver_Bayesian_Adaptive,64,1,Weaponization,T0820,Exploitation for Evasion,True,False,0.6615000000000001,0,0,0.015384615384615373,0.3333333333333333,957.3066875004595
Solver_Bayesian_Adaptive,64,2,Delivery,T0865,Spearphishing Attachment,True,False,0.3960000000000001,0,0,0.01,1.0,1040.3117499997768
Solver_Bayesian_Adaptive,64,3,Exploitation,T0863,User Execution,True,False,0.051750000000000004,0,0,0.01,1.0,3524.424541054672
Solver_Bayesian_Adaptive,64,4,Installation,T1505.003,Server Software Component: Web Shell,False,False,0.162,0,0,0.01,1.0,2794.9781968757343
Solver_Bayesian_Adaptive,64,5,Command & Control,T0884,Connection Proxy,True,False,0.11250000000000002,0,0,0.01,1.0,4290.252588623816
Solver_Bayesian_Adaptive,64,6,Actions on Objectives,T0882,Theft of Operational Information,True,False,0.17550000000000002,0,50,0.01,1.0,4498.9387926786085
Solver_Bayesian_Adaptive,65,0,Reconnaissance,T0842,Network Sniffing,True,False,0.025,0,0,0.11111111111111108,0.999999999995553,1028.624999999248
Solver_Bayesian_Adaptive,65,1,Weaponization,T0818,Engineering Workstation Compromise,False,False,0.1575,0,0,0.015384615384615373,0.3333333333333333,1290.6135937502875
Solver_Bayesian_Adaptive,65,2,Delivery,T0865,Spearphishing Attachment,False,False,0.3960000000000001,0,0,0.01,1.0,1040.3117499994903
Solver_Bayesian_Adaptive,65,3,Exploitation,T0863,User Execution,True,False,0.051750000000000004,0,0,0.01,1.0,3524.4245410538483
Solver_Bayesian_Adaptive,65,4,Installation,T1505.003,Server Software Component: Web Shell,False,False,0.162,0,0,0.01,1.0,2794.9781968748903
Solver_Bayesian_Adaptive,65,5,Command & Control,T0884,Connection Proxy,False,False,0.11250000000000002,0,0,0.01,1.0,4290.25258862286
Solver_Bayesian_Adaptive,65,6,Actions on Objectives,T0882,Theft of Operational Information,False,False,0.17550000000000002,0,0,0.01,1.0,4498.938792678765
Solver_Bayesian_Adaptive,66,0,Reconnaissance,T0842,Network Sniffing,True,False,0.025,0,0,0.11111111111111108,1.0,1028.6250000009968
Solver_Bayesian_Adaptive,66,1,Weaponization,T0849,Masquerading,True,False,0.005250000000000001,0,0,0.015384615384615373,0.3333333333333333,1147.7911874996348
Solver_Bayesian_Adaptive,66,2,Delivery,T0865,Spearphishing Attachment,True,True,0.3960000000000001,1,0,0.06569343065693425,1.0,1040.3117500004591
Solver_Bayesian_Adaptive,67,0,Reconnaissance,T0887,Wireless Sniffing,False,False,0.7200000000000001,0,0,0.11111111111111108,0.3333333333333333,664.4000000009319
Solver_Bayesian_Adaptive,67,1,Weaponization,T0818,Engineering Workstation Compromise,True,False,0.0315,0,0,0.015384615384615373,0.3333333333333333,1486.4727187497451
Solver_Bayesian_Adaptive,67,2,Delivery,T0865,Spearphishing Attachment,False,False,0.3960000000000001,0,0,0.01,1.0,1040.3117499991683
Solver_Bayesian_Adaptive,67,3,Exploitation,T0863,User Execution,True,False,0.051750000000000004,0,0,0.01,1.0,3524.424541054126
Solver_Bayesian_Adaptive,67,4,Installation,T1505.003,Server Software Component: Web Shell,True,False,0.162,0,0,0.01,1.0,2794.9781968756406
Solver_Bayesian_Adaptive,67,5,Command & Control,T0884,Connection Proxy,False,False,0.11250000000000002,0,0,0.01,1.0,4290.2525886224685
Solver_Bayesian_Adaptive,67,6,Actions on Objectives,T0882,Theft of Operational Information,False,False,0.17550000000000002,0,0,0.01,1.0,4498.9387926791405
Solver_Bayesian_Adaptive,68,0,Reconnaissance,T0842,Network Sniffing,True,False,0.025,0,0,0.11111111111111108,0.9999999999977195,1028.6249999994036
Solver_Bayesian_Adaptive,68,1,Weaponization,T0849,Masquerading,True,False,0.04725000000000001,0,0,0.015384615384615373,0.9380952380943854,1096.1206875004825
Solver_Bayesian_Adaptive,68,2,Delivery,T0865,Spearphishing Attachment,True,False,0.3960000000000001,0,0,0.01,1.0,1040.311749999932
Solver_Bayesian_Adaptive,68,3,Exploitation,T0863,User Execution,True,False,0.051750000000000004,0,0,0.01,1.0,3524.4245410542353
Solver_Bayesian_Adaptive,68,4,Installation,T1505.003,Server Software Component: Web Shell,True,False,0.162,0,0,0.01,1.0,2794.9781968744505
Solver_Bayesian_Adaptive,68,5,Command & Control,T0884,Connection Proxy,True,False,0.11250000000000002,0,0,0.01,1.0,4290.252588622717
Solver_Bayesian_Adaptive,68,6,Actions on Objectives,T0882,Theft of Operational Information,False,False,0.17550000000000002,0,0,0.01,1.0,4498.938792678649
Solver_Bayesian_Adaptive,69,0,Reconnaissance,T0842,Network Sniffing,True,False,0.025,0,0,0.11111111111111108,0.9999999999981807,1028.6249999993759
Solver_Bayesian_Adaptive,69,1,Weaponization,T0849,Masquerading,False,False,0.04725000000000001,0,0,0.015384615384615373,0.9380952380919989,1096.120687499156
Solver_Bayesian_Adaptive,69,2,Delivery,T0865,Spearphishing Attachment,False,True,0.3960000000000001,1,0,0.06569343065693425,1.0,1040.3117500001943
Solver_Bayesian_Adaptive,70,0,Reconnaissance,T0842,Network Sniffing,True,False,0.025,0,0,0.11111111111111108,1.0,1028.6250000005007
Solver_Bayesian_Adaptive,70,1,Weaponization,T0818,Engineering Workstation Compromise,False,False,0.0315,0,0,0.015384615384615373,0.3333333333333333,1486.4727187493916
Solver_Bayesian_Adaptive,70,2,Delivery,T0865,Spearphishing Attachment,True,True,0.3960000000000001,1,0,0.06569343065693425,1.0,1040.3117500001183
Solver_Bayesian_Adaptive,71,0,Reconnaissance,T0842,Network Sniffing,True,False,0.005000000000000001,0,0,0.11111111111111108,0.3333333333333333,1049.7250000001466
Solver_Bayesian_Adaptive,71,1,Weaponization,T0820,Exploitation for Evasion,True,False,0.6615000000000001,0,0,0.015384615384615373,0.3333333333333333,957.3066874996099
Solver_Bayesian_Adaptive,71,2,Delivery,T0865,Spearphishing Attachment,True,True,0.3960000000000001,1,0,0.06569343065693425,1.0,1040.3117499997647
Solver_Bayesian_Adaptive,72,0,Reconnaissance,T0842,Network Sniffing,True,False,0.025,0,0,0.11111111111111108,1.0,1028.6250000003708
Solver_Bayesian_Adaptive,72,1,Weaponization,T0849,Masquerading,True,False,0.04725000000000001,0,0,0.015384615384615373,0.9380952380950885,1096.1206874992813
Solver_Bayesian_Adaptive,72,2,Delivery,T0865,Spearphishing Attachment,False,True,0.3960000000000001,1,0,0.06569343065693425,1.0,1040.3117499996902
Solver_Bayesian_Adaptive,73,0,Reconnaissance,T0842,Network Sniffing,True,False,0.025,0,0,0.11111111111111108,1.0,1028.6250000003834
Solver_Bayesian_Adaptive,73,1,Weaponization,T0849,Masquerading,False,False,0.005250000000000001,0,0,0.015384615384615373,0.3333333333333333,1147.7911875008394
Solver_Bayesian_Adaptive,73,2,Delivery,T0865,Spearphishing Attachment,True,False,0.3960000000000001,0,0,0.01,1.0,1040.3117499996051
Solver_Bayesian_Adaptive,73,3,Exploitation,T0863,User Execution,True,False,0.051750000000000004,0,0,0.01,1.0,3524.424541055306
Solver_Bayesian_Adaptive,73,4,Installation,T1505.003,Server Software Component: Web Shell,True,True,0.162,1,0,0.043478260869565216,1.0,2794.978196874396
Solver_Bayesian_Adaptive,74,0,Reconnaissance,T0888,Remote System Information Discovery,False,False,0.15,0,0,0.11111111111111108,0.3333333333333333,854.6874999997196
Solver_Bayesian_Adaptive,74,1,Weaponization,T0818,Engineering Workstation Compromise,False,True,0.28350000000000003,1,0,0.35999999999999993,0.3333333333333333,1094.7544687495913
Solver_Bayesian_Adaptive,75,0,Reconnaissance,T0842,Network Sniffing,True,False,0.025,0,0,0.11111111111111108,1.0,1028.6249999994077
Solver_Bayesian_Adaptive,75,1,Weaponization,T0849,Masquerading,False,False,0.04725000000000001,0,0,0.015384615384615373,0.938095238096675,1096.1206874994175
Solver_Bayesian_Adaptive,75,2,Delivery,T0865,Spearphishing Attachment,True,False,0.3960000000000001,0,0,0.01,1.0,1040.3117499999832
Solver_Bayesian_Adaptive,75,3,Exploitation,T0863,User Execution,True,False,0.051750000000000004,0,0,0.01,1.0,3524.424541054097
Solver_Bayesian_Adaptive,75,4,Installation,T1505.003,Server Software Component: Web Shell,False,False,0.162,0,0,0.01,1.0,2794.9781968752536
Solver_Bayesian_Adaptive,75,5,Command & Control,T0884,Connection Proxy,False,False,0.11250000000000002,0,0,0.01,1.0,4290.252588622681
Solver_Bayesian_Adaptive,75,6,Actions on Objectives,T0882,Theft of Operational Information,True,True,0.17550000000000002,1,0,0.043478260869565216,1.0,4498.938792678899
Solver_Bayesian_Adaptive,76,0,Reconnaissance,T0842,Network Sniffing,False,False,0.025,0,0,0.11111111111111108,1.0,1028.625000000726
Solver_Bayesian_Adaptive,76,1,Weaponization,T0818,Engineering Workstation Compromise,True,False,0.1575,0,0,0.015384615384615373,0.3333333333333333,1290.6135937494134
Solver_Bayesian_Adaptive,76,2,Delivery,T0865,Spearphishing Attachment,False,False,0.3960000000000001,0,0,0.01,1.0,1040.3117500004896
Solver_Bayesian_Adaptive,76,3,Exploitation,T0863,User Execution,True,False,0.051750000000000004,0,0,0.01,1.0,3524.4245410541853
Solver_Bayesian_Adaptive,76,4,Installation,T1505.003,Server Software Component: Web Shell,False,False,0.162,0,0,0.01,1.0,2794.9781968756383
Solver_Bayesian_Adaptive,76,5,Command & Control,T0884,Connection Proxy,True,True,0.11250000000000002,1,0,0.043478260869565216,1.0,4290.252588623229
Solver_Bayesian_Adaptive,77,0,Reconnaissance,T0842,Network Sniffing,True,False,0.025,0,0,0.11111111111111108,1.0,1028.6250000001296
Solver_Bayesian_Adaptive,77,1,Weaponization,T0849,Masquerading,True,False,0.04725000000000001,0,0,0.015384615384615373,0.938095238096181,1096.1206874998725
Solver_Bayesian_Adaptive,77,2,Delivery,T0865,Spearphishing Attachment,False,False,0.3960000000000001,0,0,0.01,1.0,1040.31175000084
Solver_Bayesian_Adaptive,77,3,Exploitation,T0863,User Execution,True,False,0.051750000000000004,0,0,0.01,1.0,3524.4245410540825
Solver_Bayesian_Adaptive,77,4,Installation,T1505.003,Server Software Component: Web Shell,False,False,0.162,0,0,0.01,1.0,2794.978196875097
Solver_Bayesian_Adaptive,77,5,Command & Control,T0884,Connection Proxy,True,False,0.11250000000000002,0,0,0.01,1.0,4290.252588622804
Solver_Bayesian_Adaptive,77,6,Actions on Objectives,T0882,Theft of Operational Information,True,True,0.17550000000000002,1,0,0.043478260869565216,1.0,4498.938792678343
Solver_Bayesian_Adaptive,78,0,Reconnaissance,T0842,Network Sniffing,False,False,0.025,0,0,0.11111111111111108,0.9999999999979164,1028.6250000001894
Solver_Bayesian_Adaptive,78,1,Weaponization,T0820,Exploitation for Evasion,True,True,0.6615000000000001,1,0,0.35999999999999993,0.3333333333333333,957.3066875002626
Solver_Bayesian_Adaptive,79,0,Reconnaissance,T0842,Network Sniffing,True,False,0.025,0,0,0.11111111111111108,1.0,1028.6250000004986
Solver_Bayesian_Adaptive,79,1,Weaponization,T0849,Masquerading,True,False,0.026250000000000002,0,0,0.015384615384615373,0.3333333333333333,1121.9559374994838
Solver_Bayesian_Adaptive,79,2,Delivery,T0865,Spearphishing Attachment,False,False,0.3960000000000001,0,0,0.01,1.0,1040.3117500000449
Solver_Bayesian_Adaptive,79,3,Exploitation,T0863,User Execution,True,False,0.051750000000000004,0,0,0.01,1.0,3524.424541054819
Solver_Bayesian_Adaptive,79,4,Installation,T1505.003,Server Software Component: Web Shell,True,True,0.162,1,0,0.043478260869565216,1.0,2794.9781968743223
Solver_Bayesian_Adaptive,80,0,Reconnaissance,T0888,Remote System Information Discovery,True,True,0.15,1,0,0.8181818181818181,0.3333333333333333,854.687499999287
Solver_Bayesian_Adaptive,81,0,Reconnaissance,T0842,Network Sniffing,True,False,0.025,0,0,0.11111111111111108,1.0,1028.625000000384
Solver_Bayesian_Adaptive,81,1,Weaponization,T0849,Masquerading,True,False,0.04725000000000001,0,0,0.015384615384615373,0.9380952380973177,1096.1206874997126
Solver_Bayesian_Adaptive,81,2,Delivery,T0865,Spearphishing Attachment,False,True,0.3960000000000001,1,0,0.06569343065693425,1.0,1040.311750000229
Solver_Bayesian_Adaptive,82,0,Reconnaissance,T0842,Network Sniffing,True,False,0.025,0,0,0.11111111111111108,1.0,1028.6250000006369
Solver_Bayesian_Adaptive,82,1,Weaponization,T0818,Engineering Workstation Compromise,True,False,0.0315,0,0,0.015384615384615373,0.3333333333333333,1486.4727187496753
Solver_Bayesian_Adaptive,82,2,Delivery,T0865,Spearphishing Attachment,False,False,0.3960000000000001,0,0,0.01,1.0,1040.3117499998525
Solver_Bayesian_Adaptive,82,3,Exploitation,T0863,User Execution,True,False,0.051750000000000004,0,0,0.01,1.0,3524.4245410552003
Solver_Bayesian_Adaptive,82,4,Installation,T1505.003,Server Software Component: Web Shell,False,True,0.162,1,0,0.043478260869565216,1.0,2794.9781968748844
Solver_Bayesian_Adaptive,83,0,Reconnaissance,T0842,Network Sniffing,True,False,0.025,0,0,0.11111111111111108,1.0,1028.6250000006837
Solver_Bayesian_Adaptive,83,1,Weaponization,T0849,Masquerading,False,False,0.04725000000000001,0,0,0.015384615384615373,0.9380952380931585,1096.120687500686
Solver_Bayesian_Adaptive,83,2,Delivery,T0865,Spearphishing Attachment,False,False,0.3960000000000001,0,0,0.01,1.0,1040.3117499998184
Solver_Bayesian_Adaptive,83,3,Exploitation,T0863,User Execution,True,False,0.051750000000000004,0,0,0.01,1.0,3524.4245410553144
Solver_Bayesian_Adaptive,83,4,Installation,T1505.003,Server Software Component: Web Shell,True,False,0.162,0,0,0.01,1.0,2794.9781968758048
Solver_Bayesian_Adaptive,83,5,Command & Control,T0884,Connection Proxy,True,False,0.11250000000000002,0,0,0.01,1.0,4290.252588622943
Solver_Bayesian_Adaptive,83,6,Actions on Objectives,T0882,Theft of Operational Information,True,True,0.17550000000000002,1,0,0.043478260869565216,1.0,4498.9387926780155
Solver_Bayesian_Adaptive,84,0,Reconnaissance,T0842,Network Sniffing,True,False,0.045000000000000005,0,0,0.11111111111111108,0.3333333333333333,1007.5250000006164
Solver_Bayesian_Adaptive,84,1,Weaponization,T0849,Masquerading,False,False,0.005250000000000001,0,0,0.015384615384615373,0.3333333333333333,1147.7911875006284
Solver_Bayesian_Adaptive,84,2,Delivery,T0865,Spearphishing Attachment,False,True,0.3960000000000001,1,0,0.06569343065693425,1.0,1040.311750000017
Solver_Bayesian_Adaptive,85,0,Reconnaissance,T0888,Remote System Information Discovery,False,False,0.03,0,0,0.11111111111111108,0.3333333333333333,973.9374999994076
Solver_Bayesian_Adaptive,85,1,Weaponization,T0849,Masquerading,False,False,0.04725000000000001,0,0,0.015384615384615373,0.9380952380912262,1096.1206874996676
Solver_Bayesian_Adaptive,85,2,Delivery,T0865,Spearphishing Attachment,True,True,0.3960000000000001,1,0,0.06569343065693425,1.0,1040.3117499999103
Solver_Bayesian_Adaptive,86,0,Reconnaissance,T0842,Network Sniffing,False,False,0.025,0,0,0.11111111111111108,1.0,1028.6250000002174
Solver_Bayesian_Adaptive,86,1,Weaponization,T0849,Masquerading,False,False,0.04725000000000001,0,0,0.015384615384615373,0.9380952380940174,1096.1206875009234
Solver_Bayesian_Adaptive,86,2,Delivery,T0865,Spearphishing Attachment,False,False,0.3960000000000001,0,0,0.01,1.0,1040.3117500004284
Solver_Bayesian_Adaptive,86,3,Exploitation,T0863,User Execution,True,False,0.051750000000000004,0,0,0.01,1.0,3524.424541054002
Solver_Bayesian_Adaptive,86,4,Installation,T1505.003,Server Software Component: Web Shell,True,False,0.162,0,0,0.01,1.0,2794.9781968743396
Solver_Bayesian_Adaptive,86,5,Command & Control,T0884,Connection Proxy,False,False,0.11250000000000002,0,0,0.01,1.0,4290.252588623223
Solver_Bayesian_Adaptive,86,6,Actions on Objectives,T0882,Theft of Operational Information,True,False,0.17550000000000002,0,50,0.01,1.0,4498.938792678628
Solver_Bayesian_Adaptive,87,0,Reconnaissance,T0842,Network Sniffing,True,False,0.025,0,0,0.11111111111111108,1.0,1028.6249999996282
Solver_Bayesian_Adaptive,87,1,Weaponization,T0820,Exploitation for Evasion,True,False,0.0735,0,0,0.015384615384615373,0.3333333333333333,2059.1451874998975
Solver_Bayesian_Adaptive,87,2,Delivery,T0865,Spearphishing Attachment,True,False,0.3960000000000001,0,0,0.01,1.0,1040.311750000723
Solver_Bayesian_Adaptive,87,3,Exploitation,T0863,User Execution,True,False,0.051750000000000004,0,0,0.01,1.0,3524.4245410539484
Solver_Bayesian_Adaptive,87,4,Installation,T1505.003,Server Software Component: Web Shell,False,False,0.162,0,0,0.01,1.0,2794.978196875769
Solver_Bayesian_Adaptive,87,5,Command & Control,T0884,Connection Proxy,False,False,0.11250000000000002,0,0,0.01,1.0,4290.252588623482
Solver_Bayesian_Adaptive,87,6,Actions on Objectives,T0882,Theft of Operational Information,False,False,0.17550000000000002,0,0,0.01,1.0,4498.938792679424
Solver_Bayesian_Adaptive,88,0,Reconnaissance,T0842,Network Sniffing,True,False,0.025,0,0,0.11111111111111108,0.9999999999947098,1028.6249999996212
Solver_Bayesian_Adaptive,88,1,Weaponization,T0849,Masquerading,False,False,0.04725000000000001,0,0,0.015384615384615373,0.9380952380888097,1096.1206875007333
Solver_Bayesian_Adaptive,88,2,Delivery,T0865,Spearphishing Attachment,True,False,0.3960000000000001,0,0,0.01,1.0,1040.3117500004746
Solver_Bayesian_Adaptive,88,3,Exploitation,T0863,User Execution,True,True,0.051750000000000004,1,0,0.043478260869565216,1.0,3524.424541054853
Solver_Bayesian_Adaptive,89,0,Reconnaissance,T0842,Network Sniffing,True,False,0.025,0,0,0.11111111111111108,0.9999999999971764,1028.6249999996126
Solver_Bayesian_Adaptive,89,1,Weaponization,T0849,Masquerading,False,False,0.005250000000000001,0,0,0.015384615384615373,0.3333333333333333,1147.791187500288
Solver_Bayesian_Adaptive,89,2,Delivery,T0865,Spearphishing Attachment,False,False,0.3960000000000001,0,0,0.01,1.0,1040.3117500005778
Solver_Bayesian_Adaptive,89,3,Exploitation,T0863,User Execution,True,False,0.051750000000000004,0,0,0.01,1.0,3524.4245410541976
Solver_Bayesian_Adaptive,89,4,Installation,T1505.003,Server Software Component: Web Shell,False,False,0.162,0,0,0.01,1.0,2794.978196874214
Solver_Bayesian_Adaptive,89,5,Command & Control,T0884,Connection Proxy,True,False,0.11250000000000002,0,0,0.01,1.0,4290.25258862341
Solver_Bayesian_Adaptive,89,6,Actions on Objectives,T0882,Theft of Operational Information,True,True,0.17550000000000002,1,0,0.043478260869565216,1.0,4498.938792679243
Solver_Bayesian_Adaptive,90,0,Reconnaissance,T0842,Network Sniffing,True,False,0.045000000000000005,0,0,0.11111111111111108,0.3333333333333333,1007.5249999991445
Solver_Bayesian_Adaptive,90,1,Weaponization,T0849,Masquerading,True,False,0.005250000000000001,0,0,0.015384615384615373,0.3333333333333333,1147.7911875007132
Solver_Bayesian_Adaptive,90,2,Delivery,T0865,Spearphishing Attachment,True,True,0.3960000000000001,1,0,0.06569343065693425,1.0,1040.31174999939
Solver_Bayesian_Adaptive,91,0,Reconnaissance,T0887,Wireless Sniffing,True,False,0.08000000000000002,0,0,0.11111111111111108,0.3333333333333333,1387.600000000189
Solver_Bayesian_Adaptive,91,1,Weaponization,T0849,Masquerading,False,False,0.04725000000000001,0,0,0.015384615384615373,0.9380952380970005,1096.1206874994352
Solver_Bayesian_Adaptive,91,2,Delivery,T0865,Spearphishing Attachment,False,False,0.3960000000000001,0,0,0.01,1.0,1040.3117499992595
Solver_Bayesian_Adaptive,91,3,Exploitation,T0863,User Execution,True,True,0.051750000000000004,1,0,0.043478260869565216,1.0,3524.4245410553463
Solver_Bayesian_Adaptive,92,0,Reconnaissance,T0842,Network Sniffing,True,False,0.025,0,0,0.11111111111111108,1.0,1028.6250000008615
Solver_Bayesian_Adaptive,92,1,Weaponization,T0849,Masquerading,True,False,0.04725000000000001,0,0,0.015384615384615373,0.9380952380932036,1096.1206875001774
Solver_Bayesian_Adaptive,92,2,Delivery,T0865,Spearphishing Attachment,False,True,0.3960000000000001,1,0,0.06569343065693425,1.0,1040.3117499991818
Solver_Bayesian_Adaptive,93,0,Reconnaissance,T0842,Network Sniffing,True,False,0.025,0,0,0.11111111111111108,0.9999999999963642,1028.624999999683
Solver_Bayesian_Adaptive,93,1,Weaponization,T0820,Exploitation for Evasion,True,False,0.3675,0,0,0.015384615384615373,0.3333333333333333,1508.2259374992911
Solver_Bayesian_Adaptive,93,2,Delivery,T0865,Spearphishing Attachment,True,False,0.3960000000000001,0,0,0.01,1.0,1040.3117499995813
Solver_Bayesian_Adaptive,93,3,Exploitation,T0863,User Execution,True,False,0.051750000000000004,0,0,0.01,1.0,3524.4245410550307
Solver_Bayesian_Adaptive,93,4,Installation,T1505.003,Server Software Component: Web Shell,False,False,0.162,0,0,0.01,1.0,2794.978196875045
Solver_Bayesian_Adaptive,93,5,Command & Control,T0884,Connection Proxy,True,False,0.11250000000000002,0,0,0.01,1.0,4290.252588622424
Solver_Bayesian_Adaptive,93,6,Actions on Objectives,T0882,Theft of Operational Information,False,True,0.17550000000000002,1,0,0.043478260869565216,1.0,4498.938792679093
Solver_Bayesian_Adaptive,94,0,Reconnaissance,T0888,Remote System Information Discovery,True,False,0.03,0,0,0.11111111111111108,0.3333333333333333,973.9375000008899
Solver_Bayesian_Adaptive,94,1,Weaponization,T0820,Exploitation for Evasion,False,False,0.3675,0,0,0.015384615384615373,0.3333333333333333,1508.225937500693
Solver_Bayesian_Adaptive,94,2,Delivery,T0865,Spearphishing Attachment,True,False,0.3960000000000001,0,0,0.01,1.0,1040.3117500008289
Solver_Bayesian_Adaptive,94,3,Exploitation,T0863,User Execution,True,False,0.051750000000000004,0,0,0.01,1.0,3524.4245410548606
Solver_Bayesian_Adaptive,94,4,Installation,T1505.003,Server Software Component: Web Shell,True,True,0.162,1,0,0.043478260869565216,1.0,2794.978196875018
Solver_Bayesian_Adaptive,95,0,Reconnaissance,T0842,Network Sniffing,True,False,0.025,0,0,0.11111111111111108,1.0,1028.6249999997356
Solver_Bayesian_Adaptive,95,1,Weaponization,T0849,Masquerading,False,False,0.04725000000000001,0,0,0.015384615384615373,0.9380952380891777,1096.120687499488
Solver_Bayesian_Adaptive,95,2,Delivery,T0865,Spearphishing Attachment,False,False,0.3960000000000001,0,0,0.01,1.0,1040.311749999615
Solver_Bayesian_Adaptive,95,3,Exploitation,T0863,User Execution,True,False,0.051750000000000004,0,0,0.01,1.0,3524.4245410546064
Solver_Bayesian_Adaptive,95,4,Installation,T1505.003,Server Software Component: Web Shell,True,False,0.162,0,0,0.01,1.0,2794.9781968752086
Solver_Bayesian_Adaptive,95,5,Command & Control,T0884,Connection Proxy,True,False,0.11250000000000002,0,0,0.01,1.0,4290.252588622939
Solver_Bayesian_Adaptive,95,6,Actions on Objectives,T0882,Theft of Operational Information,False,False,0.17550000000000002,0,0,0.01,1.0,4498.9387926786385
Solver_Bayesian_Adaptive,96,0,Reconnaissance,T0842,Network Sniffing,True,False,0.025,0,0,0.11111111111111108,1.0,1028.6249999991087
Solver_Bayesian_Adaptive,96,1,Weaponization,T0818,Engineering Workstation Compromise,True,False,0.1575,0,0,0.015384615384615373,0.3333333333333333,1290.6135937501492
Solver_Bayesian_Adaptive,96,2,Delivery,T0865,Spearphishing Attachment,False,True,0.3960000000000001,1,0,0.06569343065693425,1.0,1040.3117500002231
Solver_Bayesian_Adaptive,97,0,Reconnaissance,T0842,Network Sniffing,True,False,0.025,0,0,0.11111111111111108,1.0,1028.6249999999086
Solver_Bayesian_Adaptive,97,1,Weaponization,T0820,Exploitation for Evasion,True,True,0.6615000000000001,1,0,0.35999999999999993,0.3333333333333333,957.3066874993833
Solver_Bayesian_Adaptive,98,0,Reconnaissance,T0842,Network Sniffing,True,False,0.025,0,0,0.11111111111111108,0.3333333333333333,1028.624999999285
Solver_Bayesian_Adaptive,98,1,Weaponization,T0849,Masquerading,True,False,0.04725000000000001,0,0,0.015384615384615373,0.9380952380913801,1096.1206875000046
Solver_Bayesian_Adaptive,98,2,Delivery,T0865,Spearphishing Attachment,True,False,0.3960000000000001,0,0,0.01,1.0,1040.3117499996324
Solver_Bayesian_Adaptive,98,3,Exploitation,T0863,User Execution,True,False,0.051750000000000004,0,0,0.01,1.0,3524.4245410550134
Solver_Bayesian_Adaptive,98,4,Installation,T1505.003,Server Software Component: Web Shell,False,True,0.162,1,0,0.043478260869565216,1.0,2794.9781968757334
Solver_Bayesian_Adaptive,99,0,Reconnaissance,T0842,Network Sniffing,True,False,0.025,0,0,0.11111111111111108,0.9999999999996813,1028.6249999996376
Solver_Bayesian_Adaptive,99,1,Weaponization,T0849,Masquerading,True,False,0.04725000000000001,0,0,0.015384615384615373,0.9380952380988397,1096.120687500033
Solver_Bayesian_Adaptive,99,2,Delivery,T0865,Spearphishing Attachment,True,True,0.3960000000000001,1,0,0.06569343065693425,1.0,1040.3117499997197
Solver_Bayesian_Adaptive,100,0,Reconnaissance,T0842,Network Sniffing,True,False,0.025,0,0,0.11111111111111108,1.0,1028.6249999997608
Solver_Bayesian_Adaptive,100,1,Weaponization,T0820,Exploitation for Evasion,True,False,0.0735,0,0,0.015384615384615373,0.3333333333333333,2059.1451874997206
Solver_Bayesian_Adaptive,100,2,Delivery,T0865,Spearphishing Attachment,True,False,0.3960000000000001,0,0,0.01,1.0,1040.3117500005303
Solver_Bayesian_Adaptive,100,3,Exploitation,T0863,User Execution,True,False,0.051750000000000004,0,0,0.01,1.0,3524.424541055392
Solver_Bayesian_Adaptive,100,4,Installation,T1505.003,Server Software Component: Web Shell,True,False,0.162,0,0,0.01,1.0,2794.978196875065
Solver_Bayesian_Adaptive,100,5,Command & Control,T0884,Connection Proxy,True,False,0.11250000000000002,0,0,0.01,1.0,4290.252588622943
Solver_Bayesian_Adaptive,100,6,Actions on Objectives,T0882,Theft of Operational Information,True,False,0.17550000000000002,0,50,0.01,1.0,4498.938792678661
Solver_Bayesian_Adaptive,101,0,Reconnaissance,T0842,Network Sniffing,True,False,0.025,0,0,0.11111111111111108,1.0,1028.6249999995962
Solver_Bayesian_Adaptive,101,1,Weaponization,T0820,Exploitation for Evasion,True,True,0.3675,1,0,0.35999999999999993,0.3333333333333333,1508.2259374992084
Solver_Bayesian_Adaptive,102,0,Reconnaissance,T0842,Network Sniffing,True,False,0.025,0,0,0.11111111111111108,1.0,1028.624999999991
Solver_Bayesian_Adaptive,102,1,Weaponization,T0818,Engineering Workstation Compromise,True,False,0.28350000000000003,0,0,0.015384615384615373,0.3333333333333333,1094.7544687492357
Solver_Bayesian_Adaptive,102,2,Delivery,T0865,Spearphishing Attachment,True,False,0.3960000000000001,0,0,0.01,1.0,1040.3117499995528
Solver_Bayesian_Adaptive,102,3,Exploitation,T0863,User Execution,True,False,0.051750000000000004,0,0,0.01,1.0,3524.4245410538406
Solver_Bayesian_Adaptive,102,4,Installation,T1505.003,Server Software Component: Web Shell,True,False,0.162,0,0,0.01,1.0,2794.9781968742886
Solver_Bayesian_Adaptive,102,5,Command & Control,T0884,Connection Proxy,False,False,0.11250000000000002,0,0,0.01,1.0,4290.252588623706
Solver_Bayesian_Adaptive,102,6,Actions on Objectives,T0882,Theft of Operational Information,True,True,0.17550000000000002,1,0,0.043478260869565216,1.0,4498.938792678163
Solver_Bayesian_Adaptive,103,0,Reconnaissance,T0887,Wireless Sniffing,True,False,0.08000000000000002,0,0,0.11111111111111108,0.3333333333333333,1387.6000000008987
Solver_Bayesian_Adaptive,103,1,Weaponization,T0818,Engineering Workstation Compromise,False,True,0.0315,1,0,0.35999999999999993,0.3333333333333333,1486.4727187506921
Solver_Bayesian_Adaptive,104,0,Reconnaissance,T0888,Remote System Information Discovery,True,False,0.15,0,0,0.11111111111111108,0.3333333333333333,854.6874999997355
Solver_Bayesian_Adaptive,104,1,Weaponization,T0820,Exploitation for Evasion,True,False,0.3675,0,0,0.015384615384615373,0.3333333333333333,1508.2259375007573
Solver_Bayesian_Adaptive,104,2,Delivery,T0865,Spearphishing Attachment,True,False,0.3960000000000001,0,0,0.01,1.0,1040.31174999916
Solver_Bayesian_Adaptive,104,3,Exploitation,T0863,User Execution,True,False,0.051750000000000004,0,0,0.01,1.0,3524.4245410547906
Solver_Bayesian_Adaptive,104,4,Installation,T1505.003,Server Software Component: Web Shell,True,False,0.162,0,0,0.01,1.0,2794.978196875752
Solver_Bayesian_Adaptive,104,5,Command & Control,T0884,Connection Proxy,True,False,0.11250000000000002,0,0,0.01,1.0,4290.252588623189
Solver_Bayesian_Adaptive,104,6,Actions on Objectives,T0882,Theft of Operational Information,False,True,0.17550000000000002,1,0,0.043478260869565216,1.0,4498.9387926788395
Solver_Bayesian_Adaptive,105,0,Reconnaissance,T0887,Wireless Sniffing,True,False,0.4,0,0,0.11111111111111108,0.3333333333333333,1025.999999999988
Solver_Bayesian_Adaptive,105,1,Weaponization,T0849,Masquerading,True,False,0.04725000000000001,0,0,0.015384615384615373,0.9380952380949769,1096.120687500245
Solver_Bayesian_Adaptive,105,2,Delivery,T0865,Spearphishing Attachment,True,False,0.3960000000000001,0,0,0.01,1.0,1040.3117499991754
Solver_Bayesian_Adaptive,105,3,Exploitation,T0863,User Execution,True,False,0.051750000000000004,0,0,0.01,1.0,3524.424541054743
Solver_Bayesian_Adaptive,105,4,Installation,T1505.003,Server Software Component: Web Shell,True,False,0.162,0,0,0.01,1.0,2794.9781968744023
Solver_Bayesian_Adaptive,105,5,Command & Control,T0884,Connection Proxy,True,False,0.11250000000000002,0,0,0.01,1.0,4290.25258862335
Solver_Bayesian_Adaptive,105,6,Actions on Objectives,T0882,Theft of Operational Information,True,False,0.17550000000000002,0,50,0.01,1.0,4498.938792678927
Solver_Bayesian_Adaptive,106,0,Reconnaissance,T0842,Network Sniffing,True,False,0.025,0,0,0.11111111111111108,1.0,1028.6249999992358
Solver_Bayesian_Adaptive,106,1,Weaponization,T0849,Masquerading,True,False,0.04725000000000001,0,0,0.015384615384615373,0.9380952380948253,1096.1206875001044
Solver_Bayesian_Adaptive,106,2,Delivery,T0865,Spearphishing Attachment,False,True,0.3960000000000001,1,0,0.06569343065693425,1.0,1040.3117500003523
Solver_Bayesian_Adaptive,107,0,Reconnaissance,T0842,Network Sniffing,True,False,0.025,0,0,0.11111111111111108,1.0,1028.625000000385
Solver_Bayesian_Adaptive,107,1,Weaponization,T0818,Engineering Workstation Compromise,True,True,0.28350000000000003,1,0,0.35999999999999993,0.3333333333333333,1094.7544687498487
Solver_Bayesian_Adaptive,108,0,Reconnaissance,T0887,Wireless Sniffing,True,True,0.08000000000000002,1,0,0.8181818181818181,0.3333333333333333,1387.600000000625
Solver_Bayesian_Adaptive,109,0,Reconnaissance,T0888,Remote System Information Discovery,True,False,0.15,0,0,0.11111111111111108,0.3333333333333333,854.6874999990613
Solver_Bayesian_Adaptive,109,1,Weaponization,T0849,Masquerading,False,False,0.04725000000000001,0,0,0.015384615384615373,0.9380952380930792,1096.1206874996358
Solver_Bayesian_Adaptive,109,2,Delivery,T0865,Spearphishing Attachment,True,True,0.3960000000000001,1,0,0.06569343065693425,1.0,1040.3117500002377
Solver_Bayesian_Adaptive,110,0,Reconnaissance,T0842,Network Sniffing,False,False,0.025,0,0,0.11111111111111108,1.0,1028.6250000008422
Solver_Bayesian_Adaptive,110,1,Weaponization,T0849,Masquerading,True,False,0.04725000000000001,0,0,0.015384615384615373,0.3333333333333333,1096.1206875002674
Solver_Bayesian_Adaptive,110,2,Delivery,T0865,Spearphishing Attachment,False,False,0.3960000000000001,0,0,0.01,1.0,1040.3117499998173
Solver_Bayesian_Adaptive,110,3,Exploitation,T0863,User Execution,True,False,0.051750000000000004,0,0,0.01,1.0,3524.424541055181
Solver_Bayesian_Adaptive,110,4,Installation,T1505.003,Server Software Component: Web Shell,False,False,0.162,0,0,0.01,1.0,2794.978196874666
Solver_Bayesian_Adaptive,110,5,Command & Control,T0884,Connection Proxy,True,False,0.11250000000000002,0,0,0.01,1.0,4290.2525886228805
Solver_Bayesian_Adaptive,110,6,Actions on Objectives,T0882,Theft of Operational Information,True,False,0.17550000000000002,0,50,0.01,1.0,4498.938792679252
Solver_Bayesian_Adaptive,111,0,Reconnaissance,T0842,Network Sniffing,True,False,0.025,0,0,0.11111111111111108,0.9999999999996078,1028.624999999047
Solver_Bayesian_Adaptive,111,1,Weaponization,T0849,Masquerading,False,False,0.04725000000000001,0,0,0.015384615384615373,0.9380952380938522,1096.1206875008959
Solver_Bayesian_Adaptive,111,2,Delivery,T0865,Spearphishing Attachment,True,False,0.3960000000000001,0,0,0.01,1.0,1040.3117499993905
Solver_Bayesian_Adaptive,111,3,Exploitation,T0863,User Execution,True,True,0.051750000000000004,1,0,0.043478260869565216,1.0,3524.4245410552503
Solver_Bayesian_Adaptive,112,0,Reconnaissance,T0887,Wireless Sniffing,True,False,0.08000000000000002,0,0,0.11111111111111108,0.3333333333333333,1387.6000000009474
Solver_Bayesian_Adaptive,112,1,Weaponization,T0849,Masquerading,True,False,0.04725000000000001,0,0,0.015384615384615373,0.938095238095145,1096.120687500536
Solver_Bayesian_Adaptive,112,2,Delivery,T0865,Spearphishing Attachment,True,False,0.3960000000000001,0,0,0.01,1.0,1040.3117500005576
Solver_Bayesian_Adaptive,112,3,Exploitation,T0863,User Execution,True,False,0.051750000000000004,0,0,0.01,1.0,3524.424541055203
Solver_Bayesian_Adaptive,112,4,Installation,T1505.003,Server Software Component: Web Shell,True,False,0.162,0,0,0.01,1.0,2794.9781968743273
Solver_Bayesian_Adaptive,112,5,Command & Control,T0884,Connection Proxy,True,False,0.11250000000000002,0,0,0.01,1.0,4290.252588622483
Solver_Bayesian_Adaptive,112,6,Actions on Objectives,T0882,Theft of Operational Information,False,False,0.17550000000000002,0,0,0.01,1.0,4498.938792679229
Solver_Bayesian_Adaptive,113,0,Reconnaissance,T0842,Network Sniffing,True,False,0.025,0,0,0.11111111111111108,0.9999999999982556,1028.6250000006391
Solver_Bayesian_Adaptive,113,1,Weaponization,T0849,Masquerading,True,False,0.04725000000000001,0,0,0.015384615384615373,0.9380952380914086,1096.1206874996512
Solver_Bayesian_Adaptive,113,2,Delivery,T0865,Spearphishing Attachment,False,False,0.3960000000000001,0,0,0.01,1.0,1040.3117500006852
Solver_Bayesian_Adaptive,113,3,Exploitation,T0863,User Execution,True,False,0.051750000000000004,0,0,0.01,1.0,3524.42454105525
Solver_Bayesian_Adaptive,113,4,Installation,T1505.003,Server Software Component: Web Shell,True,False,0.162,0,0,0.01,1.0,2794.9781968747116
Solver_Bayesian_Adaptive,113,5,Command & Control,T0884,Connection Proxy,True,False,0.11250000000000002,0,0,0.01,1.0,4290.252588622802
Solver_Bayesian_Adaptive,113,6,Actions on Objectives,T0882,Theft of Operational Information,False,False,0.17550000000000002,0,0,0.01,1.0,4498.9387926792115
Solver_Bayesian_Adaptive,114,0,Reconnaissance,T0842,Network Sniffing,False,False,0.025,0,0,0.11111111111111108,0.9999999999981025,1028.624999999076
Solver_Bayesian_Adaptive,114,1,Weaponization,T0849,Masquerading,True,False,0.04725000000000001,0,0,0.015384615384615373,0.9380952380922748,1096.1206874992893
Solver_Bayesian_Adaptive,114,2,Delivery,T0865,Spearphishing Attachment,True,False,0.3960000000000001,0,0,0.01,1.0,1040.311749999645
Solver_Bayesian_Adaptive,114,3,Exploitation,T0863,User Execution,True,False,0.051750000000000004,0,0,0.01,1.0,3524.424541055011
Solver_Bayesian_Adaptive,114,4,Installation,T1505.003,Server Software Component: Web Shell,False,False,0.162,0,0,0.01,1.0,2794.9781968755788
Solver_Bayesian_Adaptive,114,5,Command & Control,T0884,Connection Proxy,True,False,0.11250000000000002,0,0,0.01,1.0,4290.252588623364
Solver_Bayesian_Adaptive,114,6,Actions on Objectives,T0882,Theft of Operational Information,True,False,0.17550000000000002,0,50,0.01,1.0,4498.938792678104
Solver_Bayesian_Adaptive,115,0,Reconnaissance,T0842,Network Sniffing,True,False,0.025,0,0,0.11111111111111108,1.0,1028.624999999863
Solver_Bayesian_Adaptive,115,1,Weaponization,T0818,Engineering Workstation Compromise,True,True,0.28350000000000003,1,0,0.35999999999999993,0.0619047619011319,1094.754468750924
Solver_Bayesian_Adaptive,116,0,Reconnaissance,T0887,Wireless Sniffing,True,True,0.7200000000000001,1,0,0.8181818181818181,0.3333333333333333,664.4000000003728
Solver_Bayesian_Adaptive,117,0,Reconnaissance,T0842,Network Sniffing,True,False,0.025,0,0,0.11111111111111108,1.0,1028.6249999994127
Solver_Bayesian_Adaptive,117,1,Weaponization,T0849,Masquerading,True,False,0.04725000000000001,0,0,0.015384615384615373,0.938095238099039,1096.120687500817
Solver_Bayesian_Adaptive,117,2,Delivery,T0865,Spearphishing Attachment,True,False,0.3960000000000001,0,0,0.01,1.0,1040.3117500003193
Solver_Bayesian_Adaptive,117,3,Exploitation,T0863,User Execution,True,False,0.051750000000000004,0,0,0.01,1.0,3524.4245410550034
Solver_Bayesian_Adaptive,117,4,Installation,T1505.003,Server Software Component: Web Shell,True,False,0.162,0,0,0.01,1.0,2794.9781968754023
Solver_Bayesian_Adaptive,117,5,Command & Control,T0884,Connection Proxy,True,False,0.11250000000000002,0,0,0.01,1.0,4290.252588623665
Solver_Bayesian_Adaptive,117,6,Actions on Objectives,T0882,Theft of Operational Information,True,False,0.17550000000000002,0,50,0.01,1.0,4498.938792679439
Solver_Bayesian_Adaptive,118,0,Reconnaissance,T0842,Network Sniffing,True,False,0.025,0,0,0.11111111111111108,0.9999999999946984,1028.6250000008056
Solver_Bayesian_Adaptive,118,1,Weaponization,T0820,Exploitation for Evasion,True,False,0.0735,0,0,0.015384615384615373,0.3333333333333333,2059.1451874995487
Solver_Bayesian_Adaptive,118,2,Delivery,T0865,Spearphishing Attachment,False,False,0.3960000000000001,0,0,0.01,1.0,1040.3117499997984
Solver_Bayesian_Adaptive,118,3,Exploitation,T0863,User Execution,True,False,0.051750000000000004,0,0,0.01,1.0,3524.424541054086
Solver_Bayesian_Adaptive,118,4,Installation,T1505.003,Server Software Component: Web Shell,True,True,0.162,1,0,0.043478260869565216,1.0,2794.9781968748694
Solver_Bayesian_Adaptive,119,0,Reconnaissance,T0842,Network Sniffing,True,False,0.025,0,0,0.11111111111111108,0.9999999999984494,1028.6249999997308
Solver_Bayesian_Adaptive,119,1,Weaponization,T0849,Masquerading,True,False,0.04725000000000001,0,0,0.015384615384615373,0.9380952380972997,1096.120687499284
Solver_Bayesian_Adaptive,119,2,Delivery,T0865,Spearphishing Attachment,True,False,0.3960000000000001,0,0,0.01,1.0,1040.3117500000894
Solver_Bayesian_Adaptive,119,3,Exploitation,T0863,User Execution,True,False,0.051750000000000004,0,0,0.01,1.0,3524.4245410542608
Solver_Bayesian_Adaptive,119,4,Installation,T1505.003,Server Software Component: Web Shell,True,False,0.162,0,0,0.01,1.0,2794.9781968751804
Solver_Bayesian_Adaptive,119,5,Command & Control,T0884,Connection Proxy,True,False,0.11250000000000002,0,0,0.01,1.0,4290.252588623015
Solver_Bayesian_Adaptive,119,6,Actions on Objectives,T0882,Theft of Operational Information,True,False,0.17550000000000002,0,50,0.01,1.0,4498.938792678395
Solver_Bayesian_Adaptive,120,0,Reconnaissance,T0842,Network Sniffing,True,False,0.025,0,0,0.11111111111111108,1.0,1028.6249999996824
Solver_Bayesian_Adaptive,120,1,Weaponization,T0849,Masquerading,True,False,0.026250000000000002,0,0,0.015384615384615373,0.3333333333333333,1121.955937500254
Solver_Bayesian_Adaptive,120,2,Delivery,T0865,Spearphishing Attachment,True,False,0.3960000000000001,0,0,0.01,1.0,1040.3117500002727
Solver_Bayesian_Adaptive,120,3,Exploitation,T0863,User Execution,True,False,0.051750000000000004,0,0,0.01,1.0,3524.424541054303
Solver_Bayesian_Adaptive,120,4,Installation,T1505.003,Server Software Component: Web Shell,True,False,0.162,0,0,0.01,1.0,2794.978196874554
Solver_Bayesian_Adaptive,120,5,Command & Control,T0884,Connection Proxy,True,False,0.11250000000000002,0,0,0.01,1.0,4290.252588622513
Solver_Bayesian_Adaptive,120,6,Actions on Objectives,T0882,Theft of Operational Information,False,False,0.17550000000000002,0,0,0.01,1.0,4498.938792678071
Solver_Bayesian_Adaptive,121,0,Reconnaissance,T0842,Network Sniffing,True,False,0.025,0,0,0.11111111111111108,0.9999999999948401,1028.6249999998781
Solver_Bayesian_Adaptive,121,1,Weaponization,T0818,Engineering Workstation Compromise,False,False,0.28350000000000003,0,0,0.015384615384615373,0.3333333333333333,1094.7544687494058
Solver_Bayesian_Adaptive,121,2,Delivery,T0865,Spearphishing Attachment,True,False,0.3960000000000001,0,0,0.01,1.0,1040.311749999144
Solver_Bayesian_Adaptive,121,3,Exploitation,T0863,User Execution,True,False,0.051750000000000004,0,0,0.01,1.0,3524.424541055276
Solver_Bayesian_Adaptive,121,4,Installation,T1505.003,Server Software Component: Web Shell,False,True,0.162,1,0,0.043478260869565216,1.0,2794.9781968748057
Solver_Bayesian_Adaptive,122,0,Reconnaissance,T0842,Network Sniffing,True,False,0.025,0,0,0.11111111111111108,1.0,1028.6250000002872
Solver_Bayesian_Adaptive,122,1,Weaponization,T0818,Engineering Workstation Compromise,True,False,0.28350000000000003,0,0,0.015384615384615373,0.3333333333333333,1094.7544687503353
Solver_Bayesian_Adaptive,122,2,Delivery,T0865,Spearphishing Attachment,True,True,0.3960000000000001,1,0,0.06569343065693425,1.0,1040.3117499997772
Solver_Bayesian_Adaptive,123,0,Reconnaissance,T0888,Remote System Information Discovery,True,True,0.03,1,0,0.8181818181818181,0.3333333333333333,973.9375000008557
Solver_Bayesian_Adaptive,124,0,Reconnaissance,T0842,Network Sniffing,False,False,0.025,0,0,0.11111111111111108,0.99999999999964,1028.624999999275
Solver_Bayesian_Adaptive,124,1,Weaponization,T0849,Masquerading,False,False,0.04725000000000001,0,0,0.015384615384615373,0.9380952380958721,1096.1206874993538
Solver_Bayesian_Adaptive,124,2,Delivery,T0865,Spearphishing Attachment,True,False,0.3960000000000001,0,0,0.01,1.0,1040.311750000068
Solver_Bayesian_Adaptive,124,3,Exploitation,T0863,User Execution,True,False,0.051750000000000004,0,0,0.01,1.0,3524.424541054459
Solver_Bayesian_Adaptive,124,4,Installation,T1505.003,Server Software Component: Web Shell,False,False,0.162,0,0,0.01,1.0,2794.9781968752914
Solver_Bayesian_Adaptive,124,5,Command & Control,T0884,Connection Proxy,False,False,0.11250000000000002,0,0,0.01,1.0,4290.252588623237
Solver_Bayesian_Adaptive,124,6,Actions on Objectives,T0882,Theft of Operational Information,True,False,0.17550000000000002,0,50,0.01,1.0,4498.938792679164
Solver_Bayesian_Adaptive,125,0,Reconnaissance,T0842,Network Sniffing,True,False,0.025,0,0,0.11111111111111108,1.0,1028.6250000005468
Solver_Bayesian_Adaptive,125,1,Weaponization,T0849,Masquerading,True,False,0.04725000000000001,0,0,0.015384615384615373,0.9380952380900356,1096.1206874998652
Solver_Bayesian_Adaptive,125,2,Delivery,T0865,Spearphishing Attachment,True,False,0.3960000000000001,0,0,0.01,1.0,1040.3117499996908
Solver_Bayesian_Adaptive,125,3,Exploitation,T0863,User Execution,True,False,0.051750000000000004,0,0,0.01,1.0,3524.424541054433
Solver_Bayesian_Adaptive,125,4,Installation,T1505.003,Server Software Component: Web Shell,False,False,0.162,0,0,0.01,1.0,2794.9781968754946
Solver_Bayesian_Adaptive,125,5,Command & Control,T0884,Connection Proxy,True,False,0.11250000000000002,0,0,0.01,1.0,4290.252588622365
Solver_Bayesian_Adaptive,125,6,Actions on Objectives,T0882,Theft of Operational Information,True,False,0.17550000000000002,0,50,0.01,1.0,4498.93879267852
Solver_Bayesian_Adaptive,126,0,Reconnaissance,T0842,Network Sniffing,True,False,0.025,0,0,0.11111111111111108,0.3333333333333333,1028.6249999997142
Solver_Bayesian_Adaptive,126,1,Weaponization,T0849,Masquerading,True,False,0.04725000000000001,0,0,0.015384615384615373,0.3333333333333333,1096.1206875009354
Solver_Bayesian_Adaptive,126,2,Delivery,T0865,Spearphishing Attachment,True,False,0.3960000000000001,0,0,0.01,1.0,1040.3117499998164
Solver_Bayesian_Adaptive,126,3,Exploitation,T0863,User Execution,True,False,0.051750000000000004,0,0,0.01,1.0,3524.424541055356
Solver_Bayesian_Adaptive,126,4,Installation,T1505.003,Server Software Component: Web Shell,False,False,0.162,0,0,0.01,1.0,2794.978196875061
Solver_Bayesian_Adaptive,126,5,Command & Control,T0884,Connection Proxy,True,False,0.11250000000000002,0,0,0.01,1.0,4290.252588622638
Solver_Bayesian_Adaptive,126,6,Actions on Objectives,T0882,Theft of Operational Information,False,False,0.17550000000000002,0,0,0.01,1.0,4498.938792679471
Solver_Bayesian_Adaptive,127,0,Reconnaissance,T0887,Wireless Sniffing,True,False,0.08000000000000002,0,0,0.11111111111111108,0.3333333333333333,1387.6000000000324
Solver_Bayesian_Adaptive,127,1,Weaponization,T0849,Masquerading,False,False,0.005250000000000001,0,0,0.015384615384615373,0.3333333333333333,1147.7911875004
Solver_Bayesian_Adaptive,127,2,Delivery,T0865,Spearphishing Attachment,True,False,0.3960000000000001,0,0,0.01,1.0,1040.3117500005433
Solver_Bayesian_Adaptive,127,3,Exploitation,T0863,User Execution,True,True,0.051750000000000004,1,0,0.043478260869565216,1.0,3524.4245410553212
Solver_Bayesian_Adaptive,128,0,Reconnaissance,T0842,Network Sniffing,True,False,0.045000000000000005,0,0,0.11111111111111108,0.3333333333333333,1007.5250000005072
Solver_Bayesian_Adaptive,128,1,Weaponization,T0820,Exploitation for Evasion,True,False,0.0735,0,0,0.015384615384615373,0.3333333333333333,2059.1451874997533
Solver_Bayesian_Adaptive,128,2,Delivery,T0865,Spearphishing Attachment,True,False,0.3960000000000001,0,0,0.01,1.0,1040.3117500001247
Solver_Bayesian_Adaptive,128,3,Exploitation,T0863,User Execution,True,False,0.051750000000000004,0,0,0.01,1.0,3524.4245410550993
Solver_Bayesian_Adaptive,128,4,Installation,T1505.003,Server Software Component: Web Shell,False,False,0.162,0,0,0.01,1.0,2794.9781968742113
Solver_Bayesian_Adaptive,128,5,Command & Control,T0884,Connection Proxy,False,False,0.11250000000000002,0,0,0.01,1.0,4290.25258862231
Solver_Bayesian_Adaptive,128,6,Actions on Objectives,T0882,Theft of Operational Information,False,True,0.17550000000000002,1,0,0.043478260869565216,1.0,4498.938792679394
Solver_Bayesian_Adaptive,129,0,Reconnaissance,T0842,Network Sniffing,True,False,0.025,0,0,0.11111111111111108,1.0,1028.6249999994914
Solver_Bayesian_Adaptive,129,1,Weaponization,T0820,Exploitation for Evasion,True,False,0.0735,0,0,0.015384615384615373,0.3333333333333333,2059.1451875005896
Solver_Bayesian_Adaptive,129,2,Delivery,T0865,Spearphishing Attachment,True,True,0.3960000000000001,1,0,0.06569343065693425,1.0,1040.311750000549
Solver_Bayesian_Adaptive,130,0,Reconnaissance,T0842,Network Sniffing,True,False,0.025,0,0,0.11111111111111108,0.9999999999978771,1028.6250000000823
Solver_Bayesian_Adaptive,130,1,Weaponization,T0849,Masquerading,False,False,0.026250000000000002,0,0,0.015384615384615373,0.9380952380966331,1121.955937500669
Solver_Bayesian_Adaptive,130,2,Delivery,T0865,Spearphishing Attachment,True,True,0.3960000000000001,1,0,0.06569343065693425,1.0,1040.3117499996738
Solver_Bayesian_Adaptive,131,0,Reconnaissance,T0842,Network Sniffing,True,False,0.025,0,0,0.11111111111111108,1.0,1028.6250000008592
Solver_Bayesian_Adaptive,131,1,Weaponization,T0849,Masquerading,False,False,0.04725000000000001,0,0,0.015384615384615373,0.9380952380956152,1096.120687499321
Solver_Bayesian_Adaptive,131,2,Delivery,T0865,Spearphishing Attachment,False,True,0.3960000000000001,1,0,0.06569343065693425,1.0,1040.3117499995155
Solver_Bayesian_Adaptive,132,0,Reconnaissance,T0842,Network Sniffing,True,False,0.025,0,0,0.11111111111111108,1.0,1028.6250000001914
Solver_Bayesian_Adaptive,132,1,Weaponization,T0849,Masquerading,False,False,0.04725000000000001,0,0,0.015384615384615373,0.9380952380928469,1096.1206875009143
Solver_Bayesian_Adaptive,132,2,Delivery,T0865,Spearphishing Attachment,True,True,0.3960000000000001,1,0,0.06569343065693425,1.0,1040.311749999221
Solver_Bayesian_Adaptive,133,0,Reconnaissance,T0842,Network Sniffing,False,False,0.025,0,0,0.11111111111111108,1.0,1028.6249999991182
Solver_Bayesian_Adaptive,133,1,Weaponization,T0849,Masquerading,False,False,0.026250000000000002,0,0,0.015384615384615373,0.3333333333333333,1121.9559374991995
Solver_Bayesian_Adaptive,133,2,Delivery,T0865,Spearphishing Attachment,True,True,0.3960000000000001,1,0,0.06569343065693425,1.0,1040.311750000815
Solver_Bayesian_Adaptive,134,0,Reconnaissance,T0842,Network Sniffing,False,False,0.045000000000000005,0,0,0.11111111111111108,0.3333333333333333,1007.5250000007798
Solver_Bayesian_Adaptive,134,1,Weaponization,T0818,Engineering Workstation Compromise,False,False,0.0315,0,0,0.015384615384615373,0.3333333333333333,1486.4727187496596
Solver_Bayesian_Adaptive,134,2,Delivery,T0865,Spearphishing Attachment,True,False,0.3960000000000001,0,0,0.01,1.0,1040.3117499995249
Solver_Bayesian_Adaptive,134,3,Exploitation,T0863,User Execution,True,False,0.051750000000000004,0,0,0.01,1.0,3524.42454105465
Solver_Bayesian_Adaptive,134,4,Installation,T1505.003,Server Software Component: Web Shell,True,False,0.162,0,0,0.01,1.0,2794.9781968749185
Solver_Bayesian_Adaptive,134,5,Command & Control,T0884,Connection Proxy,True,False,0.11250000000000002,0,0,0.01,1.0,4290.2525886236945
Solver_Bayesian_Adaptive,134,6,Actions on Objectives,T0882,Theft of Operational Information,False,False,0.17550000000000002,0,0,0.01,1.0,4498.938792678064
Solver_Bayesian_Adaptive,135,0,Reconnaissance,T0842,Network Sniffing,True,False,0.025,0,0,0.11111111111111108,0.9999999999994369,1028.6250000009222
Solver_Bayesian_Adaptive,135,1,Weaponization,T0820,Exploitation for Evasion,True,False,0.6615000000000001,0,0,0.015384615384615373,0.3333333333333333,957.306687499844
Solver_Bayesian_Adaptive,135,2,Delivery,T0865,Spearphishing Attachment,True,False,0.3960000000000001,0,0,0.01,1.0,1040.311750000177
Solver_Bayesian_Adaptive,135,3,Exploitation,T0863,User Execution,True,True,0.051750000000000004,1,0,0.043478260869565216,1.0,3524.424541055165
Solver_Bayesian_Adaptive,136,0,Reconnaissance,T0842,Network Sniffing,True,False,0.025,0,0,0.11111111111111108,1.0,1028.6250000001303
Solver_Bayesian_Adaptive,136,1,Weaponization,T0849,Masquerading,False,False,0.04725000000000001,0,0,0.015384615384615373,0.9380952380991957,1096.1206874997608
Solver_Bayesian_Adaptive,136,2,Delivery,T0865,Spearphishing Attachment,True,False,0.3960000000000001,0,0,0.01,1.0,1040.3117500005553
Solver_Bayesian_Adaptive,136,3,Exploitation,T0863,User Execution,True,False,0.051750000000000004,0,0,0.01,1.0,3524.424541054183
Solver_Bayesian_Adaptive,136,4,Installation,T1505.003,Server Software Component: Web Shell,True,False,0.162,0,0,0.01,1.0,2794.978196874626
Solver_Bayesian_Adaptive,136,5,Command & Control,T0884,Connection Proxy,False,True,0.11250000000000002,1,0,0.043478260869565216,1.0,4290.252588622451
Solver_Bayesian_Adaptive,137,0,Reconnaissance,T0842,Network Sniffing,True,False,0.025,0,0,0.11111111111111108,0.9999999999967565,1028.6250000007296
Solver_Bayesian_Adaptive,137,1,Weaponization,T0849,Masquerading,False,False,0.04725000000000001,0,0,0.015384615384615373,0.9380952380974105,1096.1206875004666
Solver_Bayesian_Adaptive,137,2,Delivery,T0865,Spearphishing Attachment,False,False,0.3960000000000001,0,0,0.01,1.0,1040.3117499992422
Solver_Bayesian_Adaptive,137,3,Exploitation,T0863,User Execution,True,False,0.051750000000000004,0,0,0.01,1.0,3524.424541054844
Solver_Bayesian_Adaptive,137,4,Installation,T1505.003,Server Software Component: Web Shell,True,False,0.162,0,0,0.01,1.0,2794.978196874252
Solver_Bayesian_Adaptive,137,5,Command & Control,T0884,Connection Proxy,True,False,0.11250000000000002,0,0,0.01,1.0,4290.252588623524
Solver_Bayesian_Adaptive,137,6,Actions on Objectives,T0882,Theft of Operational Information,False,False,0.17550000000000002,0,0,0.01,1.0,4498.938792678118
Solver_Bayesian_Adaptive,138,0,Reconnaissance,T0842,Network Sniffing,True,False,0.025,0,0,0.11111111111111108,1.0,1028.6249999994525
Solver_Bayesian_Adaptive,138,1,Weaponization,T0849,Masquerading,True,False,0.04725000000000001,0,0,0.015384615384615373,0.9380952380934735,1096.1206874999948
Solver_Bayesian_Adaptive,138,2,Delivery,T0865,Spearphishing Attachment,True,False,0.3960000000000001,0,0,0.01,1.0,1040.3117500005706
Solver_Bayesian_Adaptive,138,3,Exploitation,T0863,User Execution,True,False,0.051750000000000004,0,0,0.01,1.0,3524.424541053929
Solver_Bayesian_Adaptive,138,4,Installation,T1505.003,Server Software Component: Web Shell,True,False,0.162,0,0,0.01,1.0,2794.978196874365
Solver_Bayesian_Adaptive,138,5,Command & Control,T0884,Connection Proxy,False,False,0.11250000000000002,0,0,0.01,1.0,4290.252588623742
Solver_Bayesian_Adaptive,138,6,Actions on Objectives,T0882,Theft of Operational Information,False,False,0.17550000000000002,0,0,0.01,1.0,4498.938792678839
Solver_Bayesian_Adaptive,139,0,Reconnaissance,T0888,Remote System Information Discovery,True,True,0.27,1,0,0.8181818181818181,0.3333333333333333,735.437500000316
Solver_Bayesian_Adaptive,140,0,Reconnaissance,T0842,Network Sniffing,True,False,0.025,0,0,0.11111111111111108,0.9999999999950479,1028.6249999997765
Solver_Bayesian_Adaptive,140,1,Weaponization,T0849,Masquerading,True,False,0.04725000000000001,0,0,0.015384615384615373,0.9380952380964894,1096.1206874992797
Solver_Bayesian_Adaptive,140,2,Delivery,T0865,Spearphishing Attachment,False,False,0.3960000000000001,0,0,0.01,1.0,1040.3117500008932
Solver_Bayesian_Adaptive,140,3,Exploitation,T0863,User Execution,True,False,0.051750000000000004,0,0,0.01,1.0,3524.4245410554
Solver_Bayesian_Adaptive,140,4,Installation,T1505.003,Server Software Component: Web Shell,True,True,0.162,1,0,0.043478260869565216,1.0,2794.978196874869
Solver_Bayesian_Adaptive,141,0,Reconnaissance,T0842,Network Sniffing,True,False,0.005000000000000001,0,0,0.11111111111111108,0.3333333333333333,1049.7250000008628
Solver_Bayesian_Adaptive,141,1,Weaponization,T0849,Masquerading,False,False,0.005250000000000001,0,0,0.015384615384615373,0.3333333333333333,1147.791187499897
Solver_Bayesian_Adaptive,141,2,Delivery,T0865,Spearphishing Attachment,True,False,0.3960000000000001,0,0,0.01,1.0,1040.3117500002152
Solver_Bayesian_Adaptive,141,3,Exploitation,T0863,User Execution,True,False,0.051750000000000004,0,0,0.01,1.0,3524.424541054697
Solver_Bayesian_Adaptive,141,4,Installation,T1505.003,Server Software Component: Web Shell,True,False,0.162,0,0,0.01,1.0,2794.9781968754883
Solver_Bayesian_Adaptive,141,5,Command & Control,T0884,Connection Proxy,False,False,0.11250000000000002,0,0,0.01,1.0,4290.252588623437
Solver_Bayesian_Adaptive,141,6,Actions on Objectives,T0882,Theft of Operational Information,True,False,0.17550000000000002,0,50,0.01,1.0,4498.938792678579
Solver_Bayesian_Adaptive,142,0,Reconnaissance,T0842,Network Sniffing,True,False,0.005000000000000001,0,0,0.11111111111111108,0.3333333333333333,1049.7249999994451
Solver_Bayesian_Adaptive,142,1,Weaponization,T0849,Masquerading,True,False,0.04725000000000001,0,0,0.015384615384615373,0.9380952380973162,1096.1206875000357
Solver_Bayesian_Adaptive,142,2,Delivery,T0865,Spearphishing Attachment,False,True,0.3960000000000001,1,0,0.06569343065693425,1.0,1040.3117500002465
Solver_Bayesian_Adaptive,143,0,Reconnaissance,T0842,Network Sniffing,True,False,0.025,0,0,0.11111111111111108,1.0,1028.6249999993597
Solver_Bayesian_Adaptive,143,1,Weaponization,T0818,Engineering Workstation Compromise,False,False,0.0315,0,0,0.015384615384615373,0.3333333333333333,1486.4727187495646
Solver_Bayesian_Adaptive,143,2,Delivery,T0865,Spearphishing Attachment,True,False,0.3960000000000001,0,0,0.01,1.0,1040.3117500000458
Solver_Bayesian_Adaptive,143,3,Exploitation,T0863,User Execution,True,False,0.051750000000000004,0,0,0.01,1.0,3524.4245410551857
Solver_Bayesian_Adaptive,143,4,Installation,T1505.003,Server Software Component: Web Shell,True,False,0.162,0,0,0.01,1.0,2794.9781968752363
Solver_Bayesian_Adaptive,143,5,Command & Control,T0884,Connection Proxy,True,True,0.11250000000000002,1,0,0.043478260869565216,1.0,4290.2525886235435
Solver_Bayesian_Adaptive,144,0,Reconnaissance,T0842,Network Sniffing,True,False,0.025,0,0,0.11111111111111108,1.0,1028.6250000001842
Solver_Bayesian_Adaptive,144,1,Weaponization,T0820,Exploitation for Evasion,True,True,0.3675,1,0,0.35999999999999993,0.3333333333333333,1508.2259374997764
Solver_Bayesian_Adaptive,145,0,Reconnaissance,T0842,Network Sniffing,True,False,0.025,0,0,0.11111111111111108,1.0,1028.624999999055
Solver_Bayesian_Adaptive,145,1,Weaponization,T0849,Masquerading,False,False,0.04725000000000001,0,0,0.015384615384615373,0.9380952380955849,1096.120687500475
Solver_Bayesian_Adaptive,145,2,Delivery,T0865,Spearphishing Attachment,True,False,0.3960000000000001,0,0,0.01,1.0,1040.3117500002488
Solver_Bayesian_Adaptive,145,3,Exploitation,T0863,User Execution,True,False,0.051750000000000004,0,0,0.01,1.0,3524.424541054036
Solver_Bayesian_Adaptive,145,4,Installation,T1505.003,Server Software Component: Web Shell,True,False,0.162,0,0,0.01,1.0,2794.978196875659
Solver_Bayesian_Adaptive,145,5,Command & Control,T0884,Connection Proxy,True,True,0.11250000000000002,1,0,0.043478260869565216,1.0,4290.252588622702
Solver_Bayesian_Adaptive,146,0,Reconnaissance,T0842,Network Sniffing,True,False,0.025,0,0,0.11111111111111108,1.0,1028.6250000000114
Solver_Bayesian_Adaptive,146,1,Weaponization,T0820,Exploitation for Evasion,False,False,0.6615000000000001,0,0,0.015384615384615373,0.3333333333333333,957.3066875009257
Solver_Bayesian_Adaptive,146,2,Delivery,T0865,Spearphishing Attachment,False,True,0.3960000000000001,1,0,0.06569343065693425,1.0,1040.3117499999153
Solver_Bayesian_Adaptive,147,0,Reconnaissance,T0842,Network Sniffing,True,False,0.025,0,0,0.11111111111111108,1.0,1028.6250000009757
Solver_Bayesian_Adaptive,147,1,Weaponization,T0849,Masquerading,True,False,0.04725000000000001,0,0,0.015384615384615373,0.9380952380910932,1096.1206875007013
Solver_Bayesian_Adaptive,147,2,Delivery,T0865,Spearphishing Attachment,True,True,0.3960000000000001,1,0,0.06569343065693425,1.0,1040.3117499995114
Solver_Bayesian_Adaptive,148,0,Reconnaissance,T0887,Wireless Sniffing,True,False,0.08000000000000002,0,0,0.11111111111111108,0.3333333333333333,1387.6000000007195
Solver_Bayesian_Adaptive,148,1,Weaponization,T0818,Engineering Workstation Compromise,True,False,0.28350000000000003,0,0,0.015384615384615373,0.06190476190204433,1094.7544687505122
Solver_Bayesian_Adaptive,148,2,Delivery,T0865,Spearphishing Attachment,False,False,0.3960000000000001,0,0,0.01,1.0,1040.311749999212
Solver_Bayesian_Adaptive,148,3,Exploitation,T0863,User Execution,True,False,0.051750000000000004,0,0,0.01,1.0,3524.424541055347
Solver_Bayesian_Adaptive,148,4,Installation,T1505.003,Server Software Component: Web Shell,True,False,0.162,0,0,0.01,1.0,2794.978196875361
Solver_Bayesian_Adaptive,148,5,Command & Control,T0884,Connection Proxy,True,False,0.11250000000000002,0,0,0.01,1.0,4290.252588623419
Solver_Bayesian_Adaptive,148,6,Actions on Objectives,T0882,Theft of Operational Information,True,False,0.17550000000000002,0,50,0.01,1.0,4498.938792679168
Solver_Bayesian_Adaptive,149,0,Reconnaissance,T0842,Network Sniffing,True,False,0.025,0,0,0.11111111111111108,0.9999999999962055,1028.6249999993388
Solver_Bayesian_Adaptive,149,1,Weaponization,T0818,Engineering Workstation Compromise,True,False,0.1575,0,0,0.015384615384615373,0.3333333333333333,1290.6135937503989
Solver_Bayesian_Adaptive,149,2,Delivery,T0865,Spearphishing Attachment,False,False,0.3960000000000001,0,0,0.01,1.0,1040.311749999771
Solver_Bayesian_Adaptive,149,3,Exploitation,T0863,User Execution,True,False,0.051750000000000004,0,0,0.01,1.0,3524.4245410548824
Solver_Bayesian_Adaptive,149,4,Installation,T1505.003,Server Software Component: Web Shell,False,False,0.162,0,0,0.01,1.0,2794.9781968747725
Solver_Bayesian_Adaptive,149,5,Command & Control,T0884,Connection Proxy,True,False,0.11250000000000002,0,0,0.01,1.0,4290.252588623172
Solver_Bayesian_Adaptive,149,6,Actions on Objectives,T0882,Theft of Operational Information,True,False,0.17550000000000002,0,50,0.01,1.0,4498.938792678873
Solver_Bayesian_Adaptive,150,0,Reconnaissance,T0842,Network Sniffing,True,False,0.025,0,0,0.11111111111111108,1.0,1028.6249999999584
Solver_Bayesian_Adaptive,150,1,Weaponization,T0820,Exploitation for Evasion,True,False,0.0735,0,0,0.015384615384615373,0.3333333333333333,2059.1451875003872
Solver_Bayesian_Adaptive,150,2,Delivery,T0865,Spearphishing Attachment,False,False,0.3960000000000001,0,0,0.01,1.0,1040.3117499996722
Solver_Bayesian_Adaptive,150,3,Exploitation,T0863,User Execution,True,False,0.051750000000000004,0,0,0.01,1.0,3524.424541055504
Solver_Bayesian_Adaptive,150,4,Installation,T1505.003,Server Software Component: Web Shell,True,False,0.162,0,0,0.01,1.0,2794.978196875433
Solver_Bayesian_Adaptive,150,5,Command & Control,T0884,Connection Proxy,False,False,0.11250000000000002,0,0,0.01,1.0,4290.252588622893
Solver_Bayesian_Adaptive,150,6,Actions on Objectives,T0882,Theft of Operational Information,False,False,0.17550000000000002,0,0,0.01,1.0,4498.938792678782
Solver_Bayesian_Adaptive,151,0,Reconnaissance,T0842,Network Sniffing,True,False,0.025,0,0,0.11111111111111108,1.0,1028.624999999163
Solver_Bayesian_Adaptive,151,1,Weaponization,T0849,Masquerading,True,False,0.026250000000000002,0,0,0.015384615384615373,0.3333333333333333,1121.9559375008894
Solver_Bayesian_Adaptive,151,2,Delivery,T0865,Spearphishing Attachment,False,False,0.3960000000000001,0,0,0.01,1.0,1040.3117500008318
Solver_Bayesian_Adaptive,151,3,Exploitation,T0863,User Execution,True,False,0.051750000000000004,0,0,0.01,1.0,3524.424541054481
Solver_Bayesian_Adaptive,151,4,Installation,T1505.003,Server Software Component: Web Shell,False,False,0.162,0,0,0.01,1.0,2794.978196875435
Solver_Bayesian_Adaptive,151,5,Command & Control,T0884,Connection Proxy,True,True,0.11250000000000002,1,0,0.043478260869565216,1.0,4290.252588623197
Solver_Bayesian_Adaptive,152,0,Reconnaissance,T0842,Network Sniffing,True,False,0.025,0,0,0.11111111111111108,1.0,1028.6250000009895
Solver_Bayesian_Adaptive,152,1,Weaponization,T0818,Engineering Workstation Compromise,True,False,0.0315,0,0,0.015384615384615373,0.3333333333333333,1486.4727187494539
Solver_Bayesian_Adaptive,152,2,Delivery,T0865,Spearphishing Attachment,False,False,0.3960000000000001,0,0,0.01,1.0,1040.3117499993164
Solver_Bayesian_Adaptive,152,3,Exploitation,T0863,User Execution,True,False,0.051750000000000004,0,0,0.01,1.0,3524.4245410546837
Solver_Bayesian_Adaptive,152,4,Installation,T1505.003,Server Software Component: Web Shell,False,True,0.162,1,0,0.043478260869565216,1.0,2794.978196875123
Solver_Bayesian_Adaptive,153,0,Reconnaissance,T0842,Network Sniffing,True,False,0.025,0,0,0.11111111111111108,0.9999999999982231,1028.6249999990637
Solver_Bayesian_Adaptive,153,1,Weaponization,T0849,Masquerading,False,False,0.04725000000000001,0,0,0.015384615384615373,0.9380952380925219,1096.1206875009382
Solver_Bayesian_Adaptive,153,2,Delivery,T0865,Spearphishing Attachment,False,True,0.3960000000000001,1,0,0.06569343065693425,1.0,1040.3117499999398
Solver_Bayesian_Adaptive,154,0,Reconnaissance,T0842,Network Sniffing,True,False,0.025,0,0,0.11111111111111108,0.9999999999974587,1028.6249999998852
Solver_Bayesian_Adaptive,154,1,Weaponization,T0818,Engineering Workstation Compromise,True,True,0.28350000000000003,1,0,0.35999999999999993,0.06190476190376566,1094.7544687504057
Solver_Bayesian_Adaptive,155,0,Reconnaissance,T0842,Network Sniffing,True,False,0.005000000000000001,0,0,0.11111111111111108,0.3333333333333333,1049.7250000007211
Solver_Bayesian_Adaptive,155,1,Weaponization,T0849,Masquerading,False,False,0.04725000000000001,0,0,0.015384615384615373,0.9380952380931714,1096.1206875007724
Solver_Bayesian_Adaptive,155,2,Delivery,T0865,Spearphishing Attachment,True,False,0.3960000000000001,0,0,0.01,1.0,1040.3117499994512
Solver_Bayesian_Adaptive,155,3,Exploitation,T0863,User Execution,True,False,0.051750000000000004,0,0,0.01,1.0,3524.424541054647
Solver_Bayesian_Adaptive,155,4,Installation,T1505.003,Server Software Component: Web Shell,False,False,0.162,0,0,0.01,1.0,2794.97819687482
Solver_Bayesian_Adaptive,155,5,Command & Control,T0884,Connection Proxy,True,True,0.11250000000000002,1,0,0.043478260869565216,1.0,4290.252588623645
Solver_Bayesian_Adaptive,156,0,Reconnaissance,T0842,Network Sniffing,False,False,0.045000000000000005,0,0,0.11111111111111108,0.3333333333333333,1007.525000000445
Solver_Bayesian_Adaptive,156,1,Weaponization,T0818,Engineering Workstation Compromise,False,False,0.1575,0,0,0.015384615384615373,0.3333333333333333,1290.6135937503468
Solver_Bayesian_Adaptive,156,2,Delivery,T0865,Spearphishing Attachment,True,True,0.3960000000000001,1,0,0.06569343065693425,1.0,1040.3117499998723
Solver_Bayesian_Adaptive,157,0,Reconnaissance,T0842,Network Sniffing,True,False,0.025,0,0,0.11111111111111108,1.0,1028.6250000006924
Solver_Bayesian_Adaptive,157,1,Weaponization,T0849,Masquerading,True,True,0.04725000000000001,1,0,0.35999999999999993,0.9380952380948102,1096.1206874999573
Solver_Bayesian_Adaptive,158,0,Reconnaissance,T0842,Network Sniffing,True,False,0.025,0,0,0.11111111111111108,1.0,1028.625000000404
Solver_Bayesian_Adaptive,158,1,Weaponization,T0849,Masquerading,True,False,0.04725000000000001,0,0,0.015384615384615373,0.9380952381005762,1096.1206874993438
Solver_Bayesian_Adaptive,158,2,Delivery,T0865,Spearphishing Attachment,True,False,0.3960000000000001,0,0,0.01,1.0,1040.3117500004573
Solver_Bayesian_Adaptive,158,3,Exploitation,T0863,User Execution,True,False,0.051750000000000004,0,0,0.01,1.0,3524.424541055162
Solver_Bayesian_Adaptive,158,4,Installation,T1505.003,Server Software Component: Web Shell,False,False,0.162,0,0,0.01,1.0,2794.978196874806
Solver_Bayesian_Adaptive,158,5,Command & Control,T0884,Connection Proxy,False,True,0.11250000000000002,1,0,0.043478260869565216,1.0,4290.252588623731
Solver_Bayesian_Adaptive,159,0,Reconnaissance,T0842,Network Sniffing,True,False,0.025,0,0,0.11111111111111108,0.9999999999988487,1028.6249999998633
Solver_Bayesian_Adaptive,159,1,Weaponization,T0820,Exploitation for Evasion,True,False,0.0735,0,0,0.015384615384615373,0.3333333333333333,2059.1451875001453
Solver_Bayesian_Adaptive,159,2,Delivery,T0865,Spearphishing Attachment,True,False,0.3960000000000001,0,0,0.01,1.0,1040.3117500006679
Solver_Bayesian_Adaptive,159,3,Exploitation,T0863,User Execution,False,False,0.051750000000000004,0,0,0.01,1.0,3524.4245410554436
Solver_Bayesian_Adaptive,159,4,Installation,T1505.003,Server Software Component: Web Shell,True,False,0.162,0,0,0.01,1.0,2794.9781968743305
Solver_Bayesian_Adaptive,159,5,Command & Control,T0884,Connection Proxy,True,False,0.11250000000000002,0,0,0.01,1.0,4290.2525886225
Solver_Bayesian_Adaptive,159,6,Actions on Objectives,T0882,Theft of Operational Information,True,False,0.17550000000000002,0,50,0.01,1.0,4498.938792679135
Solver_Bayesian_Adaptive,160,0,Reconnaissance,T0842,Network Sniffing,True,False,0.025,0,0,0.11111111111111108,1.0,1028.6249999999116
Solver_Bayesian_Adaptive,160,1,Weaponization,T0849,Masquerading,True,False,0.04725000000000001,0,0,0.015384615384615373,0.9380952380979899,1096.1206875001083
Solver_Bayesian_Adaptive,160,2,Delivery,T0865,Spearphishing Attachment,False,True,0.3960000000000001,1,0,0.06569343065693425,1.0,1040.311750000734
Solver_Bayesian_Adaptive,161,0,Reconnaissance,T0842,Network Sniffing,True,False,0.025,0,0,0.11111111111111108,0.9999999999986441,1028.6250000009181
Solver_Bayesian_Adaptive,161,1,Weaponization,T0849,Masquerading,True,False,0.04725000000000001,0,0,0.015384615384615373,0.9380952380965567,1096.1206874994143
Solver_Bayesian_Adaptive,161,2,Delivery,T0865,Spearphishing Attachment,False,False,0.3960000000000001,0,0,0.01,1.0,1040.3117499999614
Solver_Bayesian_Adaptive,161,3,Exploitation,T0863,User Execution,True,False,0.051750000000000004,0,0,0.01,1.0,3524.4245410539356
Solver_Bayesian_Adaptive,161,4,Installation,T1505.003,Server Software Component: Web Shell,False,False,0.162,0,0,0.01,1.0,2794.9781968746624
Solver_Bayesian_Adaptive,161,5,Command & Control,T0884,Connection Proxy,True,False,0.11250000000000002,0,0,0.01,1.0,4290.252588622472
Solver_Bayesian_Adaptive,161,6,Actions on Objectives,T0882,Theft of Operational Information,False,False,0.17550000000000002,0,0,0.01,1.0,4498.938792678938
Solver_Bayesian_Adaptive,162,0,Reconnaissance,T0842,Network Sniffing,True,False,0.025,0,0,0.11111111111111108,1.0,1028.6249999998502
Solver_Bayesian_Adaptive,162,1,Weaponization,T0849,Masquerading,False,False,0.04725000000000001,0,0,0.015384615384615373,0.9380952381011873,1096.1206874999398
Solver_Bayesian_Adaptive,162,2,Delivery,T0865,Spearphishing Attachment,False,False,0.3960000000000001,0,0,0.01,1.0,1040.3117499991283
Solver_Bayesian_Adaptive,162,3,Exploitation,T0863,User Execution,True,False,0.051750000000000004,0,0,0.01,1.0,3524.4245410544363
Solver_Bayesian_Adaptive,162,4,Installation,T1505.003,Server Software Component: Web Shell,False,False,0.162,0,0,0.01,1.0,2794.9781968745215
Solver_Bayesian_Adaptive,162,5,Command & Control,T0884,Connection Proxy,True,False,0.11250000000000002,0,0,0.01,1.0,4290.252588622911
Solver_Bayesian_Adaptive,162,6,Actions on Objectives,T0882,Theft of Operational Information,True,False,0.17550000000000002,0,50,0.01,1.0,4498.938792679158
Solver_Bayesian_Adaptive,163,0,Reconnaissance,T0842,Network Sniffing,False,False,0.045000000000000005,0,0,0.11111111111111108,0.3333333333333333,1007.524999999248
Solver_Bayesian_Adaptive,163,1,Weaponization,T0849,Masquerading,True,False,0.04725000000000001,0,0,0.015384615384615373,0.938095238093719,1096.1206875000407
Solver_Bayesian_Adaptive,163,2,Delivery,T0865,Spearphishing Attachment,False,False,0.3960000000000001,0,0,0.01,1.0,1040.3117500008796
Solver_Bayesian_Adaptive,163,3,Exploitation,T0863,User Execution,True,False,0.051750000000000004,0,0,0.01,1.0,3524.424541054028
Solver_Bayesian_Adaptive,163,4,Installation,T1505.003,Server Software Component: Web Shell,True,False,0.162,0,0,0.01,1.0,2794.978196875677
Solver_Bayesian_Adaptive,163,5,Command & Control,T0884,Connection Proxy,True,False,0.11250000000000002,0,0,0.01,1.0,4290.252588623342
Solver_Bayesian_Adaptive,163,6,Actions on Objectives,T0882,Theft of Operational Information,True,False,0.17550000000000002,0,50,0.01,1.0,4498.938792678875
Solver_Bayesian_Adaptive,164,0,Reconnaissance,T0842,Network Sniffing,True,False,0.025,0,0,0.11111111111111108,0.9999999999972544,1028.6250000009954
Solver_Bayesian_Adaptive,164,1,Weaponization,T0820,Exploitation for Evasion,False,False,0.3675,0,0,0.015384615384615373,0.3333333333333333,1508.2259375004564
Solver_Bayesian_Adaptive,164,2,Delivery,T0865,Spearphishing Attachment,False,False,0.3960000000000001,0,0,0.01,1.0,1040.3117500002857
Solver_Bayesian_Adaptive,164,3,Exploitation,T0863,User Execution,True,False,0.051750000000000004,0,0,0.01,1.0,3524.42454105505
Solver_Bayesian_Adaptive,164,4,Installation,T1505.003,Server Software Component: Web Shell,False,False,0.162,0,0,0.01,1.0,2794.9781968756383
Solver_Bayesian_Adaptive,164,5,Command & Control,T0884,Connection Proxy,False,False,0.11250000000000002,0,0,0.01,1.0,4290.252588622564
Solver_Bayesian_Adaptive,164,6,Actions on Objectives,T0882,Theft of Operational Information,True,False,0.17550000000000002,0,50,0.01,1.0,4498.938792679368
Solver_Bayesian_Adaptive,165,0,Reconnaissance,T0842,Network Sniffing,True,False,0.025,0,0,0.11111111111111108,1.0,1028.6250000009752
Solver_Bayesian_Adaptive,165,1,Weaponization,T0818,Engineering Workstation Compromise,False,False,0.0315,0,0,0.015384615384615373,0.3333333333333333,1486.4727187500657
Solver_Bayesian_Adaptive,165,2,Delivery,T0865,Spearphishing Attachment,True,False,0.3960000000000001,0,0,0.01,1.0,1040.311750000131
Solver_Bayesian_Adaptive,165,3,Exploitation,T0863,User Execution,True,True,0.051750000000000004,1,0,0.043478260869565216,1.0,3524.4245410547373
Solver_Bayesian_Adaptive,166,0,Reconnaissance,T0842,Network Sniffing,True,False,0.025,0,0,0.11111111111111108,0.9999999999949031,1028.6250000006264
Solver_Bayesian_Adaptive,166,1,Weaponization,T0849,Masquerading,True,False,0.04725000000000001,0,0,0.015384615384615373,0.3333333333333333,1096.120687499562
Solver_Bayesian_Adaptive,166,2,Delivery,T0865,Spearphishing Attachment,True,True,0.3960000000000001,1,0,0.06569343065693425,1.0,1040.3117499998682
Solver_Bayesian_Adaptive,167,0,Reconnaissance,T0842,Network Sniffing,True,False,0.025,0,0,0.11111111111111108,1.0,1028.62499999981
Solver_Bayesian_Adaptive,167,1,Weaponization,T0820,Exploitation for Evasion,True,False,0.3675,0,0,0.015384615384615373,0.3333333333333333,1508.2259375004191
Solver_Bayesian_Adaptive,167,2,Delivery,T0865,Spearphishing Attachment,True,False,0.3960000000000001,0,0,0.01,1.0,1040.311749999861
Solver_Bayesian_Adaptive,167,3,Exploitation,T0863,User Execution,True,False,0.051750000000000004,0,0,0.01,1.0,3524.4245410541253
Solver_Bayesian_Adaptive,167,4,Installation,T1505.003,Server Software Component: Web Shell,True,False,0.162,0,0,0.01,1.0,2794.9781968747047
Solver_Bayesian_Adaptive,167,5,Command & Control,T0884,Connection Proxy,False,False,0.11250000000000002,0,0,0.01,1.0,4290.252588623428
Solver_Bayesian_Adaptive,167,6,Actions on Objectives,T0882,Theft of Operational Information,False,False,0.17550000000000002,0,0,0.01,1.0,4498.938792679401
Solver_Bayesian_Adaptive,168,0,Reconnaissance,T0842,Network Sniffing,True,False,0.025,0,0,0.11111111111111108,0.999999999999363,1028.6249999998229
Solver_Bayesian_Adaptive,168,1,Weaponization,T0818,Engineering Workstation Compromise,True,True,0.28350000000000003,1,0,0.35999999999999993,0.3333333333333333,1094.7544687499437
Solver_Bayesian_Adaptive,169,0,Reconnaissance,T0842,Network Sniffing,True,False,0.025,0,0,0.11111111111111108,1.0,1028.6249999990916
Solver_Bayesian_Adaptive,169,1,Weaponization,T0818,Engineering Workstation Compromise,True,True,0.28350000000000003,1,0,0.35999999999999993,0.06190476190077651,1094.754468750566
Solver_Bayesian_Adaptive,170,0,Reconnaissance,T0842,Network Sniffing,True,False,0.045000000000000005,0,0,0.11111111111111108,0.3333333333333333,1007.5249999990244
Solver_Bayesian_Adaptive,170,1,Weaponization,T0818,Engineering Workstation Compromise,False,True,0.28350000000000003,1,0,0.35999999999999993,0.3333333333333333,1094.7544687491659
Solver_Bayesian_Adaptive,171,0,Reconnaissance,T0842,Network Sniffing,True,False,0.025,0,0,0.11111111111111108,1.0,1028.625000000457
Solver_Bayesian_Adaptive,171,1,Weaponization,T0818,Engineering Workstation Compromise,False,False,0.28350000000000003,0,0,0.015384615384615373,0.3333333333333333,1094.7544687509335
Solver_Bayesian_Adaptive,171,2,Delivery,T0865,Spearphishing Attachment,True,False,0.3960000000000001,0,0,0.01,1.0,1040.3117500006792
Solver_Bayesian_Adaptive,171,3,Exploitation,T0863,User Execution,True,False,0.051750000000000004,0,0,0.01,1.0,3524.424541055426
Solver_Bayesian_Adaptive,171,4,Installation,T1505.003,Server Software Component: Web Shell,False,False,0.162,0,0,0.01,1.0,2794.978196874374
Solver_Bayesian_Adaptive,171,5,Command & Control,T0884,Connection Proxy,True,False,0.11250000000000002,0,0,0.01,1.0,4290.252588623503
Solver_Bayesian_Adaptive,171,6,Actions on Objectives,T0882,Theft of Operational Information,False,False,0.17550000000000002,0,0,0.01,1.0,4498.938792678376
Solver_Bayesian_Adaptive,172,0,Reconnaissance,T0888,Remote System Information Discovery,False,False,0.03,0,0,0.11111111111111108,0.3333333333333333,973.9374999991095
Solver_Bayesian_Adaptive,172,1,Weaponization,T0849,Masquerading,False,False,0.026250000000000002,0,0,0.015384615384615373,0.3333333333333333,1121.9559374995463
Solver_Bayesian_Adaptive,172,2,Delivery,T0865,Spearphishing Attachment,True,False,0.3960000000000001,0,0,0.01,1.0,1040.311749999548
Solver_Bayesian_Adaptive,172,3,Exploitation,T0863,User Execution,True,True,0.051750000000000004,1,0,0.043478260869565216,1.0,3524.4245410543685
Solver_Bayesian_Adaptive,173,0,Reconnaissance,T0842,Network Sniffing,True,False,0.025,0,0,0.11111111111111108,0.999999999997766,1028.6249999993934
Solver_Bayesian_Adaptive,173,1,Weaponization,T0849,Masquerading,False,False,0.04725000000000001,0,0,0.015384615384615373,0.9380952380879489,1096.1206875005973
Solver_Bayesian_Adaptive,173,2,Delivery,T0865,Spearphishing Attachment,False,True,0.3960000000000001,1,0,0.06569343065693425,1.0,1040.3117499994314
Solver_Bayesian_Adaptive,174,0,Reconnaissance,T0842,Network Sniffing,True,False,0.025,0,0,0.11111111111111108,1.0,1028.6249999995252
Solver_Bayesian_Adaptive,174,1,Weaponization,T0820,Exploitation for Evasion,True,True,0.3675,1,0,0.35999999999999993,0.3333333333333333,1508.2259375006372
Solver_Bayesian_Adaptive,175,0,Reconnaissance,T0888,Remote System Information Discovery,True,False,0.27,0,0,0.11111111111111108,0.3333333333333333,735.4375000009627
Solver_Bayesian_Adaptive,175,1,Weaponization,T0849,Masquerading,True,False,0.04725000000000001,0,0,0.015384615384615373,0.9380952381022819,1096.1206875006317
Solver_Bayesian_Adaptive,175,2,Delivery,T0865,Spearphishing Attachment,True,False,0.3960000000000001,0,0,0.01,1.0,1040.3117500006833
Solver_Bayesian_Adaptive,175,3,Exploitation,T0863,User Execution,True,False,0.051750000000000004,0,0,0.01,1.0,3524.424541054048
Solver_Bayesian_Adaptive,175,4,Installation,T1505.003,Server Software Component: Web Shell,False,False,0.162,0,0,0.01,1.0,2794.9781968750185
Solver_Bayesian_Adaptive,175,5,Command & Control,T0884,Connection Proxy,True,False,0.11250000000000002,0,0,0.01,1.0,4290.2525886236335
Solver_Bayesian_Adaptive,175,6,Actions on Objectives,T0882,Theft of Operational Information,False,False,0.17550000000000002,0,0,0.01,1.0,4498.938792679235
Solver_Bayesian_Adaptive,176,0,Reconnaissance,T0842,Network Sniffing,True,False,0.025,0,0,0.11111111111111108,1.0,1028.625000000101
Solver_Bayesian_Adaptive,176,1,Weaponization,T0820,Exploitation for Evasion,True,True,0.3675,1,0,0.35999999999999993,0.3333333333333333,1508.2259375000986
Solver_Bayesian_Adaptive,177,0,Reconnaissance,T0842,Network Sniffing,True,False,0.025,0,0,0.11111111111111108,0.9999999999981852,1028.6249999998652
Solver_Bayesian_Adaptive,177,1,Weaponization,T0849,Masquerading,False,False,0.04725000000000001,0,0,0.015384615384615373,0.9380952380962617,1096.120687499788
Solver_Bayesian_Adaptive,177,2,Delivery,T0865,Spearphishing Attachment,False,True,0.3960000000000001,1,0,0.06569343065693425,1.0,1040.3117499999519
Solver_Bayesian_Adaptive,178,0,Reconnaissance,T0842,Network Sniffing,True,False,0.025,0,0,0.11111111111111108,1.0,1028.6249999990953
Solver_Bayesian_Adaptive,178,1,Weaponization,T0820,Exploitation for Evasion,True,True,0.3675,1,0,0.35999999999999993,0.3333333333333333,1508.2259375002468
Solver_Bayesian_Adaptive,179,0,Reconnaissance,T0842,Network Sniffing,False,False,0.025,0,0,0.11111111111111108,0.999999999998555,1028.625000000546
Solver_Bayesian_Adaptive,179,1,Weaponization,T0849,Masquerading,False,False,0.04725000000000001,0,0,0.015384615384615373,0.9380952380936257,1096.1206874999948
Solver_Bayesian_Adaptive,179,2,Delivery,T0865,Spearphishing Attachment,True,False,0.3960000000000001,0,0,0.01,1.0,1040.3117500008066
Solver_Bayesian_Adaptive,179,3,Exploitation,T0863,User Execution,True,False,0.051750000000000004,0,0,0.01,1.0,3524.4245410546077
Solver_Bayesian_Adaptive,179,4,Installation,T1505.003,Server Software Component: Web Shell,True,False,0.162,0,0,0.01,1.0,2794.978196875158
Solver_Bayesian_Adaptive,179,5,Command & Control,T0884,Connection Proxy,True,False,0.11250000000000002,0,0,0.01,1.0,4290.252588622432
Solver_Bayesian_Adaptive,179,6,Actions on Objectives,T0882,Theft of Operational Information,True,True,0.17550000000000002,1,0,0.043478260869565216,1.0,4498.938792678644
Solver_Bayesian_Adaptive,180,0,Reconnaissance,T0842,Network Sniffing,True,False,0.025,0,0,0.11111111111111108,1.0,1028.6250000003497
Solver_Bayesian_Adaptive,180,1,Weaponization,T0849,Masquerading,True,False,0.005250000000000001,0,0,0.015384615384615373,0.3333333333333333,1147.7911875004522
Solver_Bayesian_Adaptive,180,2,Delivery,T0865,Spearphishing Attachment,False,False,0.3960000000000001,0,0,0.01,1.0,1040.3117499993978
Solver_Bayesian_Adaptive,180,3,Exploitation,T0863,User Execution,True,False,0.051750000000000004,0,0,0.01,1.0,3524.4245410554704
Solver_Bayesian_Adaptive,180,4,Installation,T1505.003,Server Software Component: Web Shell,False,False,0.162,0,0,0.01,1.0,2794.978196875488
Solver_Bayesian_Adaptive,180,5,Command & Control,T0884,Connection Proxy,True,False,0.11250000000000002,0,0,0.01,1.0,4290.252588622389
Solver_Bayesian_Adaptive,180,6,Actions on Objectives,T0882,Theft of Operational Information,True,False,0.17550000000000002,0,50,0.01,1.0,4498.9387926787995
Solver_Bayesian_Adaptive,181,0,Reconnaissance,T0842,Network Sniffing,True,False,0.025,0,0,0.11111111111111108,1.0,1028.62500000097
Solver_Bayesian_Adaptive,181,1,Weaponization,T0820,Exploitation for Evasion,True,False,0.0735,0,0,0.015384615384615373,0.3333333333333333,2059.145187500093
Solver_Bayesian_Adaptive,181,2,Delivery,T0865,Spearphishing Attachment,True,True,0.3960000000000001,1,0,0.06569343065693425,1.0,1040.3117499996956
Solver_Bayesian_Adaptive,182,0,Reconnaissance,T0842,Network Sniffing,True,False,0.025,0,0,0.11111111111111108,1.0,1028.625000000857
Solver_Bayesian_Adaptive,182,1,Weaponization,T0849,Masquerading,True,False,0.04725000000000001,0,0,0.015384615384615373,0.9380952380971388,1096.1206875002506
Solver_Bayesian_Adaptive,182,2,Delivery,T0865,Spearphishing Attachment,False,True,0.3960000000000001,1,0,0.06569343065693425,1.0,1040.3117500005424
Solver_Bayesian_Adaptive,183,0,Reconnaissance,T0842,Network Sniffing,True,False,0.005000000000000001,0,0,0.11111111111111108,0.3333333333333333,1049.724999999354
Solver_Bayesian_Adaptive,183,1,Weaponization,T0849,Masquerading,True,False,0.04725000000000001,0,0,0.015384615384615373,0.9380952380957942,1096.1206874991158
Solver_Bayesian_Adaptive,183,2,Delivery,T0865,Spearphishing Attachment,False,False,0.3960000000000001,0,0,0.01,1.0,1040.3117500001956
Solver_Bayesian_Adaptive,183,3,Exploitation,T0863,User Execution,True,False,0.051750000000000004,0,0,0.01,1.0,3524.4245410545072
Solver_Bayesian_Adaptive,183,4,Installation,T1505.003,Server Software Component: Web Shell,False,False,0.162,0,0,0.01,1.0,2794.978196875315
Solver_Bayesian_Adaptive,183,5,Command & Control,T0884,Connection Proxy,True,False,0.11250000000000002,0,0,0.01,1.0,4290.252588622561
Solver_Bayesian_Adaptive,183,6,Actions on Objectives,T0882,Theft of Operational Information,True,False,0.17550000000000002,0,50,0.01,1.0,4498.938792678735
Solver_Bayesian_Adaptive,184,0,Reconnaissance,T0842,Network Sniffing,True,False,0.025,0,0,0.11111111111111108,1.0,1028.6250000007708
Solver_Bayesian_Adaptive,184,1,Weaponization,T0849,Masquerading,False,False,0.04725000000000001,0,0,0.015384615384615373,0.9380952380961409,1096.1206875000366
Solver_Bayesian_Adaptive,184,2,Delivery,T0865,Spearphishing Attachment,False,True,0.3960000000000001,1,0,0.06569343065693425,1.0,1040.3117500001372
Solver_Bayesian_Adaptive,185,0,Reconnaissance,T0842,Network Sniffing,True,False,0.025,0,0,0.11111111111111108,1.0,1028.6249999993784
Solver_Bayesian_Adaptive,185,1,Weaponization,T0849,Masquerading,False,False,0.005250000000000001,0,0,0.015384615384615373,0.3333333333333333,1147.7911874993142
Solver_Bayesian_Adaptive,185,2,Delivery,T0865,Spearphishing Attachment,True,False,0.3960000000000001,0,0,0.01,1.0,1040.311749999617
Solver_Bayesian_Adaptive,185,3,Exploitation,T0863,User Execution,True,False,0.051750000000000004,0,0,0.01,1.0,3524.4245410554627
Solver_Bayesian_Adaptive,185,4,Installation,T1505.003,Server Software Component: Web Shell,False,False,0.162,0,0,0.01,1.0,2794.9781968744023
Solver_Bayesian_Adaptive,185,5,Command & Control,T0884,Connection Proxy,False,False,0.11250000000000002,0,0,0.01,1.0,4290.252588623311
Solver_Bayesian_Adaptive,185,6,Actions on Objectives,T0882,Theft of Operational Information,True,False,0.17550000000000002,0,50,0.01,1.0,4498.9387926782365
Solver_Bayesian_Adaptive,186,0,Reconnaissance,T0842,Network Sniffing,True,False,0.025,0,0,0.11111111111111108,1.0,1028.625000000262
Solver_Bayesian_Adaptive,186,1,Weaponization,T0818,Engineering Workstation Compromise,True,False,0.0315,0,0,0.015384615384615373,0.3333333333333333,1486.4727187499072
Solver_Bayesian_Adaptive,186,2,Delivery,T0865,Spearphishing Attachment,True,False,0.3960000000000001,0,0,0.01,1.0,1040.3117500006285
Solver_Bayesian_Adaptive,186,3,Exploitation,T0863,User Execution,True,False,0.051750000000000004,0,0,0.01,1.0,3524.424541053846
Solver_Bayesian_Adaptive,186,4,Installation,T1505.003,Server Software Component: Web Shell,False,False,0.162,0,0,0.01,1.0,2794.9781968747893
Solver_Bayesian_Adaptive,186,5,Command & Control,T0884,Connection Proxy,True,False,0.11250000000000002,0,0,0.01,1.0,4290.252588622411
Solver_Bayesian_Adaptive,186,6,Actions on Objectives,T0882,Theft of Operational Information,True,False,0.17550000000000002,0,50,0.01,1.0,4498.938792678031
Solver_Bayesian_Adaptive,187,0,Reconnaissance,T0842,Network Sniffing,True,False,0.025,0,0,0.11111111111111108,0.3333333333333333,1028.625000000804
Solver_Bayesian_Adaptive,187,1,Weaponization,T0820,Exploitation for Evasion,True,False,0.0735,0,0,0.015384615384615373,0.3333333333333333,2059.1451875007124
Solver_Bayesian_Adaptive,187,2,Delivery,T0865,Spearphishing Attachment,True,True,0.3960000000000001,1,0,0.06569343065693425,1.0,1040.311749999286
Solver_Bayesian_Adaptive,188,0,Reconnaissance,T0842,Network Sniffing,True,False,0.025,0,0,0.11111111111111108,1.0,1028.6249999990123
Solver_Bayesian_Adaptive,188,1,Weaponization,T0849,Masquerading,True,False,0.026250000000000002,0,0,0.015384615384615373,0.3333333333333333,1121.9559375004378
Solver_Bayesian_Adaptive,188,2,Delivery,T0865,Spearphishing Attachment,True,True,0.3960000000000001,1,0,0.06569343065693425,1.0,1040.3117499999719
Solver_Bayesian_Adaptive,189,0,Reconnaissance,T0842,Network Sniffing,True,False,0.025,0,0,0.11111111111111108,0.3333333333333333,1028.6250000008215
Solver_Bayesian_Adaptive,189,1,Weaponization,T0849,Masquerading,False,False,0.026250000000000002,0,0,0.015384615384615373,0.3333333333333333,1121.9559375004205
Solver_Bayesian_Adaptive,189,2,Delivery,T0865,Spearphishing Attachment,True,False,0.3960000000000001,0,0,0.01,1.0,1040.3117500001526
Solver_Bayesian_Adaptive,189,3,Exploitation,T0863,User Execution,True,False,0.051750000000000004,0,0,0.01,1.0,3524.4245410545923
Solver_Bayesian_Adaptive,189,4,Installation,T1505.003,Server Software Component: Web Shell,True,True,0.162,1,0,0.043478260869565216,1.0,2794.9781968756142
Solver_Bayesian_Adaptive,190,0,Reconnaissance,T0887,Wireless Sniffing,True,False,0.7200000000000001,0,0,0.11111111111111108,0.3333333333333333,664.4000000004373
Solver_Bayesian_Adaptive,190,1,Weaponization,T0849,Masquerading,False,False,0.026250000000000002,0,0,0.015384615384615373,0.3333333333333333,1121.9559375006625
Solver_Bayesian_Adaptive,190,2,Delivery,T0865,Spearphishing Attachment,True,True,0.3960000000000001,1,0,0.06569343065693425,1.0,1040.311749999197
Solver_Bayesian_Adaptive,191,0,Reconnaissance,T0842,Network Sniffing,True,False,0.025,0,0,0.11111111111111108,1.0,1028.624999999825
Solver_Bayesian_Adaptive,191,1,Weaponization,T0818,Engineering Workstation Compromise,True,True,0.28350000000000003,1,0,0.35999999999999993,0.3333333333333333,1094.754468749792
Solver_Bayesian_Adaptive,192,0,Reconnaissance,T0887,Wireless Sniffing,True,True,0.7200000000000001,1,0,0.8181818181818181,0.3333333333333333,664.4000000006216
Solver_Bayesian_Adaptive,193,0,Reconnaissance,T0842,Network Sniffing,True,False,0.025,0,0,0.11111111111111108,1.0,1028.625000000111
Solver_Bayesian_Adaptive,193,1,Weaponization,T0849,Masquerading,True,False,0.04725000000000001,0,0,0.015384615384615373,0.9380952380929586,1096.1206874991203
Solver_Bayesian_Adaptive,193,2,Delivery,T0865,Spearphishing Attachment,False,True,0.3960000000000001,1,0,0.06569343065693425,1.0,1040.3117499994542
Solver_Bayesian_Adaptive,194,0,Reconnaissance,T0887,Wireless Sniffing,True,False,0.7200000000000001,0,0,0.11111111111111108,0.3333333333333333,664.4000000003234
Solver_Bayesian_Adaptive,194,1,Weaponization,T0820,Exploitation for Evasion,True,False,0.0735,0,0,0.015384615384615373,0.3333333333333333,2059.145187500067
Solver_Bayesian_Adaptive,194,2,Delivery,T0865,Spearphishing Attachment,False,False,0.3960000000000001,0,0,0.01,1.0,1040.3117500007268
Solver_Bayesian_Adaptive,194,3,Exploitation,T0863,User Execution,True,False,0.051750000000000004,0,0,0.01,1.0,3524.4245410542358
Solver_Bayesian_Adaptive,194,4,Installation,T1505.003,Server Software Component: Web Shell,False,True,0.162,1,0,0.043478260869565216,1.0,2794.978196875701
Solver_Bayesian_Adaptive,195,0,Reconnaissance,T0842,Network Sniffing,True,False,0.025,0,0,0.11111111111111108,1.0,1028.6249999994277
Solver_Bayesian_Adaptive,195,1,Weaponization,T0849,Masquerading,False,False,0.005250000000000001,0,0,0.015384615384615373,0.3333333333333333,1147.7911874994581
Solver_Bayesian_Adaptive,195,2,Delivery,T0865,Spearphishing Attachment,True,True,0.3960000000000001,1,0,0.06569343065693425,1.0,1040.3117500005485
Solver_Bayesian_Adaptive,196,0,Reconnaissance,T0887,Wireless Sniffing,True,False,0.08000000000000002,0,0,0.11111111111111108,0.3333333333333333,1387.6000000003569
Solver_Bayesian_Adaptive,196,1,Weaponization,T0818,Engineering Workstation Compromise,False,True,0.28350000000000003,1,0,0.35999999999999993,0.3333333333333333,1094.7544687503114
Solver_Bayesian_Adaptive,197,0,Reconnaissance,T0888,Remote System Information Discovery,True,False,0.03,0,0,0.11111111111111108,0.3333333333333333,973.9374999993108
Solver_Bayesian_Adaptive,197,1,Weaponization,T0820,Exploitation for Evasion,True,False,0.0735,0,0,0.015384615384615373,0.3333333333333333,2059.1451875004177
Solver_Bayesian_Adaptive,197,2,Delivery,T0865,Spearphishing Attachment,True,False,0.3960000000000001,0,0,0.01,1.0,1040.3117500005715
Solver_Bayesian_Adaptive,197,3,Exploitation,T0863,User Execution,True,False,0.051750000000000004,0,0,0.01,1.0,3524.4245410546782
Solver_Bayesian_Adaptive,197,4,Installation,T1505.003,Server Software Component: Web Shell,True,False,0.162,0,0,0.01,1.0,2794.978196874676
Solver_Bayesian_Adaptive,197,5,Command & Control,T0884,Connection Proxy,False,False,0.11250000000000002,0,0,0.01,1.0,4290.2525886224375
Solver_Bayesian_Adaptive,197,6,Actions on Objectives,T0882,Theft of Operational Information,False,False,0.17550000000000002,0,0,0.01,1.0,4498.938792678984
Solver_Bayesian_Adaptive,198,0,Reconnaissance,T0888,Remote System Information Discovery,True,False,0.27,0,0,0.11111111111111108,0.3333333333333333,735.4374999994293
Solver_Bayesian_Adaptive,198,1,Weaponization,T0849,Masquerading,False,False,0.04725000000000001,0,0,0.015384615384615373,0.9380952380947685,1096.120687500464
Solver_Bayesian_Adaptive,198,2,Delivery,T0865,Spearphishing Attachment,True,False,0.3960000000000001,0,0,0.01,1.0,1040.3117500004068
Solver_Bayesian_Adaptive,198,3,Exploitation,T0863,User Execution,True,False,0.051750000000000004,0,0,0.01,1.0,3524.424541054066
Solver_Bayesian_Adaptive,198,4,Installation,T1505.003,Server Software Component: Web Shell,True,False,0.162,0,0,0.01,1.0,2794.9781968757725
Solver_Bayesian_Adaptive,198,5,Command & Control,T0884,Connection Proxy,True,True,0.11250000000000002,1,0,0.043478260869565216,1.0,4290.252588622658
Solver_Bayesian_Adaptive,199,0,Reconnaissance,T0842,Network Sniffing,False,False,0.005000000000000001,0,0,0.11111111111111108,0.3333333333333333,1049.7250000009835
Solver_Bayesian_Adaptive,199,1,Weaponization,T0849,Masquerading,False,False,0.04725000000000001,0,0,0.015384615384615373,0.9380952380882924,1096.1206874998575
Solver_Bayesian_Adaptive,199,2,Delivery,T0865,Spearphishing Attachment,True,False,0.3960000000000001,0,0,0.01,1.0,1040.311750000295
Solver_Bayesian_Adaptive,199,3,Exploitation,T0863,User Execution,True,False,0.051750000000000004,0,0,0.01,1.0,3524.424541054041
Solver_Bayesian_Adaptive,199,4,Installation,T1505.003,Server Software Component: Web Shell,False,False,0.162,0,0,0.01,1.0,2794.9781968746665
Solver_Bayesian_Adaptive,199,5,Command & Control,T0884,Connection Proxy,True,False,0.11250000000000002,0,0,0.01,1.0,4290.2525886229405
Solver_Bayesian_Adaptive,199,6,Actions on Objectives,T0882,Theft of Operational Information,True,False,0.17550000000000002,0,50,0.01,1.0,4498.938792679012
Solver_Insider_Threat,0,0,Reconnaissance,T0842,Network Sniffing,True,False,0.025,0,0,0.11111111111111108,1.0,1028.624999999727
Solver_Insider_Threat,0,1,Weaponization,T0818,Engineering Workstation Compromise,True,False,0.0063,0,0,0.015384615384615373,0.3333333333333333,1525.6445437499158
Solver_Insider_Threat,0,2,Delivery,T0865,Spearphishing Attachment,True,False,0.07920000000000002,0,0,0.01,1.0,1590.6923499994634
Solver_Insider_Threat,0,3,Exploitation,T0863,User Execution,True,False,0.051750000000000004,0,0,0.01,1.0,3524.424541054946
Solver_Insider_Threat,0,4,Installation,T0889,Modify Program,True,False,0.08640000000000002,0,0,0.01,1.0,4271.3229033995585
Solver_Insider_Threat,0,5,Command & Control,T0869,Standard Application Layer Protocol,True,False,0.0675,0,0,0.01,1.0,5615.848147504395
Solver_Insider_Threat,0,6,Actions on Objectives,T0882,Theft of Operational Information,False,False,0.17550000000000002,0,0,0.01,1.0,4498.938792678587
Solver_Insider_Threat,1,0,Reconnaissance,T0842,Network Sniffing,True,False,0.025,0,0,0.11111111111111108,1.0,1028.625000000941
Solver_Insider_Threat,1,1,Weaponization,T0849,Masquerading,False,False,0.026250000000000002,0,0,0.015384615384615373,0.3333333333333333,1121.9559374995974
Solver_Insider_Threat,1,2,Delivery,T0865,Spearphishing Attachment,False,False,0.07920000000000002,0,0,0.01,1.0,1590.6923500006235
Solver_Insider_Threat,1,3,Exploitation,T0863,User Execution,True,False,0.051750000000000004,0,0,0.01,1.0,3524.4245410551484
Solver_Insider_Threat,1,4,Installation,T0889,Modify Program,True,False,0.08640000000000002,0,0,0.01,1.0,4271.322903399286
Solver_Insider_Threat,1,5,Command & Control,T0869,Standard Application Layer Protocol,True,False,0.0675,0,0,0.01,1.0,5615.848147504186
Solver_Insider_Threat,1,6,Actions on Objectives,T0882,Theft of Operational Information,False,False,0.17550000000000002,0,0,0.01,1.0,4498.938792678178
Solver_Insider_Threat,2,0,Reconnaissance,T0842,Network Sniffing,False,False,0.025,0,0,0.11111111111111108,0.9999999999975538,1028.6250000005236
Solver_Insider_Threat,2,1,Weaponization,T0818,Engineering Workstation Compromise,True,False,0.05670000000000001,0,0,0.015384615384615373,0.3333333333333333,1447.300893749699
Solver_Insider_Threat,2,2,Delivery,T0865,Spearphishing Attachment,True,False,0.07920000000000002,0,0,0.01,1.0,1590.6923500004618
Solver_Insider_Threat,2,3,Exploitation,T0863,User Execution,True,False,0.051750000000000004,0,0,0.01,1.0,3524.424541054498
Solver_Insider_Threat,2,4,Installation,T0889,Modify Program,True,True,0.08640000000000002,1,0,0.043478260869565216,1.0,4271.322903399845
Solver_Insider_Threat,3,0,Reconnaissance,T0842,Network Sniffing,True,False,0.025,0,0,0.11111111111111108,1.0,1028.6249999991642
Solver_Insider_Threat,3,1,Weaponization,T0818,Engineering Workstation Compromise,True,False,0.0063,0,0,0.015384615384615373,0.3333333333333333,1525.6445437496486
Solver_Insider_Threat,3,2,Delivery,T0865,Spearphishing Attachment,False,False,0.07920000000000002,0,0,0.01,1.0,1590.6923499994384
Solver_Insider_Threat,3,3,Exploitation,T0863,User Execution,True,False,0.051750000000000004,0,0,0.01,1.0,3524.424541053966
Solver_Insider_Threat,3,4,Installation,T0889,Modify Program,True,False,0.08640000000000002,0,0,0.01,1.0,4271.322903400639
Solver_Insider_Threat,3,5,Command & Control,T0869,Standard Application Layer Protocol,True,False,0.0675,0,0,0.01,1.0,5615.848147505596
Solver_Insider_Threat,3,6,Actions on Objectives,T0882,Theft of Operational Information,True,False,0.17550000000000002,0,50,0.01,1.0,4498.938792678357
Solver_Insider_Threat,4,0,Reconnaissance,T0842,Network Sniffing,True,False,0.025,0,0,0.11111111111111108,1.0,1028.624999999578
Solver_Insider_Threat,4,1,Weaponization,T0820,Exploitation for Evasion,True,False,0.0735,0,0,0.015384615384615373,0.3333333333333333,2059.145187499343
Solver_Insider_Threat,4,2,Delivery,T0865,Spearphishing Attachment,True,False,0.07920000000000002,0,0,0.01,1.0,1590.6923500002858
Solver_Insider_Threat,4,3,Exploitation,T0863,User Execution,True,False,0.051750000000000004,0,0,0.01,1.0,3524.424541054505
Solver_Insider_Threat,4,4,Installation,T0889,Modify Program,True,False,0.08640000000000002,0,0,0.01,1.0,4271.322903399608
Solver_Insider_Threat,4,5,Command & Control,T0869,Standard Application Layer Protocol,True,False,0.0675,0,0,0.01,1.0,5615.848147504822
Solver_Insider_Threat,4,6,Actions on Objectives,T0882,Theft of Operational Information,False,False,0.17550000000000002,0,0,0.01,1.0,4498.938792679039
Solver_Insider_Threat,5,0,Reconnaissance,T0842,Network Sniffing,True,False,0.025,0,0,0.11111111111111108,1.0,1028.6249999999816
Solver_Insider_Threat,5,1,Weaponization,T0849,Masquerading,True,False,0.026250000000000002,0,0,0.015384615384615373,0.3333333333333333,1121.9559375002455
Solver_Insider_Threat,5,2,Delivery,T0865,Spearphishing Attachment,False,False,0.07920000000000002,0,0,0.01,1.0,1590.6923499995069
Solver_Insider_Threat,5,3,Exploitation,T0863,User Execution,True,False,0.051750000000000004,0,0,0.01,1.0,3524.42454105418
Solver_Insider_Threat,5,4,Installation,T0889,Modify Program,True,False,0.08640000000000002,0,0,0.01,1.0,4271.322903399864
Solver_Insider_Threat,5,5,Command & Control,T0869,Standard Application Layer Protocol,True,False,0.0675,0,0,0.01,1.0,5615.84814750433
Solver_Insider_Threat,5,6,Actions on Objectives,T0882,Theft of Operational Information,True,False,0.17550000000000002,0,50,0.01,1.0,4498.93879267874
Solver_Insider_Threat,6,0,Reconnaissance,T0842,Network Sniffing,True,False,0.025,0,0,0.11111111111111108,1.0,1028.6250000007335
Solver_Insider_Threat,6,1,Weaponization,T0820,Exploitation for Evasion,True,False,0.3675,0,0,0.015384615384615373,0.3333333333333333,1508.225937499746
Solver_Insider_Threat,6,2,Delivery,T0865,Spearphishing Attachment,True,False,0.07920000000000002,0,0,0.01,1.0,1590.6923499991124
Solver_Insider_Threat,6,3,Exploitation,T0863,User Execution,True,False,0.051750000000000004,0,0,0.01,1.0,3524.424541054919
Solver_Insider_Threat,6,4,Installation,T0889,Modify Program,True,False,0.08640000000000002,0,0,0.01,1.0,4271.322903400705
Solver_Insider_Threat,6,5,Command & Control,T0869,Standard Application Layer Protocol,True,False,0.0675,0,0,0.01,1.0,5615.848147505042
Solver_Insider_Threat,6,6,Actions on Objectives,T0882,Theft of Operational Information,True,False,0.17550000000000002,0,50,0.01,1.0,4498.938792678534
Solver_Insider_Threat,7,0,Reconnaissance,T0842,Network Sniffing,True,False,0.025,0,0,0.11111111111111108,1.0,1028.6249999990323
Solver_Insider_Threat,7,1,Weaponization,T0818,Engineering Workstation Compromise,False,False,0.0315,0,0,0.015384615384615373,0.9914434523836366,1486.4727187502651
Solver_Insider_Threat,7,2,Delivery,T0865,Spearphishing Attachment,True,False,0.07920000000000002,0,0,0.01,1.0,1590.692350000871
Solver_Insider_Threat,7,3,Exploitation,T0863,User Execution,True,False,0.051750000000000004,0,0,0.01,1.0,3524.4245410541994
Solver_Insider_Threat,7,4,Installation,T0889,Modify Program,False,False,0.08640000000000002,0,0,0.01,1.0,4271.32290339981
Solver_Insider_Threat,7,5,Command & Control,T0869,Standard Application Layer Protocol,True,False,0.0675,0,0,0.01,1.0,5615.848147504207
Solver_Insider_Threat,7,6,Actions on Objectives,T0882,Theft of Operational Information,True,False,0.17550000000000002,0,50,0.01,1.0,4498.9387926787795
Solver_Insider_Threat,8,0,Reconnaissance,T0842,Network Sniffing,True,False,0.025,0,0,0.11111111111111108,0.3333333333333333,1028.6249999995089
Solver_Insider_Threat,8,1,Weaponization,T0818,Engineering Workstation Compromise,True,False,0.0315,0,0,0.015384615384615373,0.9914434523808742,1486.4727187506435
Solver_Insider_Threat,8,2,Delivery,T0865,Spearphishing Attachment,True,False,0.07920000000000002,0,0,0.01,1.0,1590.6923500007192
Solver_Insider_Threat,8,3,Exploitation,T0863,User Execution,True,False,0.051750000000000004,0,0,0.01,1.0,3524.4245410544186
Solver_Insider_Threat,8,4,Installation,T0889,Modify Program,True,False,0.08640000000000002,0,0,0.01,1.0,4271.322903399231
Solver_Insider_Threat,8,5,Command & Control,T0869,Standard Application Layer Protocol,True,False,0.0675,0,0,0.01,1.0,5615.848147504164
Solver_Insider_Threat,8,6,Actions on Objectives,T0882,Theft of Operational Information,True,True,0.17550000000000002,1,0,0.043478260869565216,1.0,4498.93879267942
Solver_Insider_Threat,9,0,Reconnaissance,T0842,Network Sniffing,True,False,0.045000000000000005,0,0,0.11111111111111108,0.3333333333333333,1007.5249999999169
Solver_Insider_Threat,9,1,Weaponization,T0818,Engineering Workstation Compromise,True,False,0.0315,0,0,0.015384615384615373,0.9914434523810141,1486.4727187506946
Solver_Insider_Threat,9,2,Delivery,T0865,Spearphishing Attachment,True,False,0.07920000000000002,0,0,0.01,1.0,1590.6923499999746
Solver_Insider_Threat,9,3,Exploitation,T0863,User Execution,True,False,0.051750000000000004,0,0,0.01,1.0,3524.4245410543904
Solver_Insider_Threat,9,4,Installation,T0889,Modify Program,True,False,0.08640000000000002,0,0,0.01,1.0,4271.322903399486
Solver_Insider_Threat,9,5,Command & Control,T0869,Standard Application Layer Protocol,True,False,0.0675,0,0,0.01,1.0,5615.848147504588
Solver_Insider_Threat,9,6,Actions on Objectives,T0882,Theft of Operational Information,False,False,0.17550000000000002,0,0,0.01,1.0,4498.938792679173
Solver_Insider_Threat,10,0,Reconnaissance,T0842,Network Sniffing,True,False,0.025,0,0,0.11111111111111108,1.0,1028.6250000005823
Solver_Insider_Threat,10,1,Weaponization,T0820,Exploitation for Evasion,True,False,0.6615000000000001,0,0,0.015384615384615373,0.3333333333333333,957.306687499897
Solver_Insider_Threat,10,2,Delivery,T0865,Spearphishing Attachment,False,False,0.07920000000000002,0,0,0.01,1.0,1590.6923499991644
Solver_Insider_Threat,10,3,Exploitation,T0863,User Execution,True,False,0.051750000000000004,0,0,0.01,1.0,3524.424541054706
Solver_Insider_Threat,10,4,Installation,T0889,Modify Program,True,False,0.08640000000000002,0,0,0.01,1.0,4271.322903399549
Solver_Insider_Threat,10,5,Command & Control,T0869,Standard Application Layer Protocol,True,False,0.0675,0,0,0.01,1.0,5615.848147504265
Solver_Insider_Threat,10,6,Actions on Objectives,T0882,Theft of Operational Information,False,True,0.17550000000000002,1,0,0.043478260869565216,1.0,4498.938792678927
Solver_Insider_Threat,11,0,Reconnaissance,T0842,Network Sniffing,False,False,0.025,0,0,0.11111111111111108,0.9999999999942993,1028.6249999996874
Solver_Insider_Threat,11,1,Weaponization,T0849,Masquerading,False,False,0.04725000000000001,0,0,0.015384615384615373,0.3333333333333333,1096.1206874997524
Solver_Insider_Threat,11,2,Delivery,T0865,Spearphishing Attachment,False,True,0.07920000000000002,1,0,0.06569343065693425,1.0,1590.692349999566
Solver_Insider_Threat,12,0,Reconnaissance,T0842,Network Sniffing,True,False,0.025,0,0,0.11111111111111108,1.0,1028.6249999993047
Solver_Insider_Threat,12,1,Weaponization,T0818,Engineering Workstation Compromise,False,False,0.0063,0,0,0.015384615384615373,0.3333333333333333,1525.6445437497177
Solver_Insider_Threat,12,2,Delivery,T0865,Spearphishing Attachment,True,False,0.07920000000000002,0,0,0.01,1.0,1590.6923500004243
Solver_Insider_Threat,12,3,Exploitation,T0863,User Execution,True,False,0.051750000000000004,0,0,0.01,1.0,3524.424541054194
Solver_Insider_Threat,12,4,Installation,T0889,Modify Program,True,False,0.08640000000000002,0,0,0.01,1.0,4271.322903400679
Solver_Insider_Threat,12,5,Command & Control,T0869,Standard Application Layer Protocol,True,False,0.0675,0,0,0.01,1.0,5615.848147505088
Solver_Insider_Threat,12,6,Actions on Objectives,T0882,Theft of Operational Information,True,False,0.17550000000000002,0,50,0.01,1.0,4498.938792678134
Solver_Insider_Threat,13,0,Reconnaissance,T0842,Network Sniffing,True,False,0.025,0,0,0.11111111111111108,1.0,1028.6250000000487
Solver_Insider_Threat,13,1,Weaponization,T0820,Exploitation for Evasion,True,True,0.6615000000000001,1,0,0.35999999999999993,0.3333333333333333,957.3066874992104
Solver_Insider_Threat,14,0,Reconnaissance,T0842,Network Sniffing,True,False,0.025,0,0,0.11111111111111108,1.0,1028.624999999824
Solver_Insider_Threat,14,1,Weaponization,T0818,Engineering Workstation Compromise,True,True,0.05670000000000001,1,0,0.35999999999999993,0.3333333333333333,1447.3008937494953
Solver_Insider_Threat,15,0,Reconnaissance,T0842,Network Sniffing,True,False,0.025,0,0,0.11111111111111108,0.999999999998336,1028.6249999995043
Solver_Insider_Threat,15,1,Weaponization,T0820,Exploitation for Evasion,True,False,0.6615000000000001,0,0,0.015384615384615373,0.3333333333333333,957.3066874996492
Solver_Insider_Threat,15,2,Delivery,T0865,Spearphishing Attachment,False,False,0.07920000000000002,0,0,0.01,1.0,1590.6923499999818
Solver_Insider_Threat,15,3,Exploitation,T0863,User Execution,True,False,0.051750000000000004,0,0,0.01,1.0,3524.4245410540816
Solver_Insider_Threat,15,4,Installation,T0889,Modify Program,True,False,0.08640000000000002,0,0,0.01,1.0,4271.3229034003725
Solver_Insider_Threat,15,5,Command & Control,T0869,Standard Application Layer Protocol,True,False,0.0675,0,0,0.01,1.0,5615.848147505116
Solver_Insider_Threat,15,6,Actions on Objectives,T0882,Theft of Operational Information,False,False,0.17550000000000002,0,0,0.01,1.0,4498.938792678442
Solver_Insider_Threat,16,0,Reconnaissance,T0888,Remote System Information Discovery,True,False,0.054000000000000006,0,0,0.11111111111111108,0.3333333333333333,950.0874999992277
Solver_Insider_Threat,16,1,Weaponization,T0849,Masquerading,True,False,0.026250000000000002,0,0,0.015384615384615373,0.3333333333333333,1121.9559374991923
Solver_Insider_Threat,16,2,Delivery,T0865,Spearphishing Attachment,False,False,0.07920000000000002,0,0,0.01,1.0,1590.6923500007906
Solver_Insider_Threat,16,3,Exploitation,T0863,User Execution,True,False,0.051750000000000004,0,0,0.01,1.0,3524.4245410543413
Solver_Insider_Threat,16,4,Installation,T0889,Modify Program,True,False,0.08640000000000002,0,0,0.01,1.0,4271.322903399993
Solver_Insider_Threat,16,5,Command & Control,T0869,Standard Application Layer Protocol,True,False,0.0675,0,0,0.01,1.0,5615.8481475055205
Solver_Insider_Threat,16,6,Actions on Objectives,T0882,Theft of Operational Information,False,False,0.17550000000000002,0,0,0.01,1.0,4498.938792679367
Solver_Insider_Threat,17,0,Reconnaissance,T0842,Network Sniffing,True,False,0.025,0,0,0.11111111111111108,1.0,1028.624999999977
Solver_Insider_Threat,17,1,Weaponization,T0849,Masquerading,True,False,0.04725000000000001,0,0,0.015384615384615373,0.3333333333333333,1096.120687499083
Solver_Insider_Threat,17,2,Delivery,T0865,Spearphishing Attachment,True,False,0.07920000000000002,0,0,0.01,1.0,1590.6923500003259
Solver_Insider_Threat,17,3,Exploitation,T0863,User Execution,True,False,0.051750000000000004,0,0,0.01,1.0,3524.4245410546346
Solver_Insider_Threat,17,4,Installation,T0889,Modify Program,False,False,0.08640000000000002,0,0,0.01,1.0,4271.322903400479
Solver_Insider_Threat,17,5,Command & Control,T0869,Standard Application Layer Protocol,True,False,0.0675,0,0,0.01,1.0,5615.848147505639
Solver_Insider_Threat,17,6,Actions on Objectives,T0882,Theft of Operational Information,True,True,0.17550000000000002,1,0,0.043478260869565216,1.0,4498.938792678465
Solver_Insider_Threat,18,0,Reconnaissance,T0888,Remote System Information Discovery,True,False,0.054000000000000006,0,0,0.11111111111111108,0.3333333333333333,950.0874999999029
Solver_Insider_Threat,18,1,Weaponization,T0818,Engineering Workstation Compromise,True,False,0.0315,0,0,0.015384615384615373,0.9914434523793534,1486.472718749366
Solver_Insider_Threat,18,2,Delivery,T0865,Spearphishing Attachment,True,False,0.07920000000000002,0,0,0.01,1.0,1590.692349999188
Solver_Insider_Threat,18,3,Exploitation,T0863,User Execution,True,False,0.051750000000000004,0,0,0.01,1.0,3524.4245410554486
Solver_Insider_Threat,18,4,Installation,T0889,Modify Program,True,False,0.08640000000000002,0,0,0.01,1.0,4271.322903400061
Solver_Insider_Threat,18,5,Command & Control,T0869,Standard Application Layer Protocol,True,False,0.0675,0,0,0.01,1.0,5615.848147505029
Solver_Insider_Threat,18,6,Actions on Objectives,T0882,Theft of Operational Information,True,False,0.17550000000000002,0,50,0.01,1.0,4498.938792679167
Solver_Insider_Threat,19,0,Reconnaissance,T0842,Network Sniffing,True,False,0.025,0,0,0.11111111111111108,0.9999999999998976,1028.6250000005855
Solver_Insider_Threat,19,1,Weaponization,T0820,Exploitation for Evasion,True,True,0.6615000000000001,1,0,0.35999999999999993,0.3333333333333333,957.3066874990792
Solver_Insider_Threat,20,0,Reconnaissance,T0842,Network Sniffing,True,False,0.025,0,0,0.11111111111111108,0.3333333333333333,1028.6250000008165
Solver_Insider_Threat,20,1,Weaponization,T0818,Engineering Workstation Compromise,True,True,0.0315,1,0,0.35999999999999993,0.3333333333333333,1486.4727187495114
Solver_Insider_Threat,21,0,Reconnaissance,T0842,Network Sniffing,True,False,0.025,0,0,0.11111111111111108,1.0,1028.6250000005614
Solver_Insider_Threat,21,1,Weaponization,T0849,Masquerading,True,False,0.026250000000000002,0,0,0.015384615384615373,0.3333333333333333,1121.9559375007393
Solver_Insider_Threat,21,2,Delivery,T0865,Spearphishing Attachment,False,False,0.07920000000000002,0,0,0.01,1.0,1590.6923499999589
Solver_Insider_Threat,21,3,Exploitation,T0863,User Execution,True,False,0.051750000000000004,0,0,0.01,1.0,3524.424541055284
Solver_Insider_Threat,21,4,Installation,T0889,Modify Program,True,False,0.08640000000000002,0,0,0.01,1.0,4271.322903399317
Solver_Insider_Threat,21,5,Command & Control,T0869,Standard Application Layer Protocol,True,False,0.0675,0,0,0.01,1.0,5615.848147504255
Solver_Insider_Threat,21,6,Actions on Objectives,T0882,Theft of Operational Information,False,False,0.17550000000000002,0,0,0.01,1.0,4498.938792679002
Solver_Insider_Threat,22,0,Reconnaissance,T0842,Network Sniffing,True,False,0.025,0,0,0.11111111111111108,1.0,1028.6250000007824
Solver_Insider_Threat,22,1,Weaponization,T0818,Engineering Workstation Compromise,True,False,0.0315,0,0,0.015384615384615373,0.9914434523805449,1486.4727187496494
Solver_Insider_Threat,22,2,Delivery,T0865,Spearphishing Attachment,True,False,0.07920000000000002,0,0,0.01,1.0,1590.6923500001474
Solver_Insider_Threat,22,3,Exploitation,T0863,User Execution,True,False,0.051750000000000004,0,0,0.01,1.0,3524.424541055523
Solver_Insider_Threat,22,4,Installation,T0889,Modify Program,True,True,0.08640000000000002,1,0,0.043478260869565216,1.0,4271.322903400361
Solver_Insider_Threat,23,0,Reconnaissance,T0842,Network Sniffing,True,False,0.025,0,0,0.11111111111111108,1.0,1028.6250000007615
Solver_Insider_Threat,23,1,Weaponization,T0818,Engineering Workstation Compromise,False,False,0.0315,0,0,0.015384615384615373,0.9914434523804105,1486.4727187502779
Solver_Insider_Threat,23,2,Delivery,T0865,Spearphishing Attachment,False,True,0.07920000000000002,1,0,0.06569343065693425,1.0,1590.6923500008943
Solver_Insider_Threat,24,0,Reconnaissance,T0888,Remote System Information Discovery,False,True,0.054000000000000006,1,0,0.8181818181818181,0.3333333333333333,950.0874999996909
Solver_Insider_Threat,25,0,Reconnaissance,T0888,Remote System Information Discovery,False,False,0.054000000000000006,0,0,0.11111111111111108,0.3333333333333333,950.0875000007552
Solver_Insider_Threat,25,1,Weaponization,T0849,Masquerading,False,False,0.04725000000000001,0,0,0.015384615384615373,0.3333333333333333,1096.1206874991024
Solver_Insider_Threat,25,2,Delivery,T0865,Spearphishing Attachment,True,False,0.07920000000000002,0,0,0.01,1.0,1590.6923500006064
Solver_Insider_Threat,25,3,Exploitation,T0863,User Execution,True,False,0.051750000000000004,0,0,0.01,1.0,3524.424541055176
Solver_Insider_Threat,25,4,Installation,T0889,Modify Program,True,False,0.08640000000000002,0,0,0.01,1.0,4271.32290339944
Solver_Insider_Threat,25,5,Command & Control,T0869,Standard Application Layer Protocol,True,False,0.0675,0,0,0.01,1.0,5615.848147504201
Solver_Insider_Threat,25,6,Actions on Objectives,T0882,Theft of Operational Information,True,False,0.17550000000000002,0,50,0.01,1.0,4498.938792678563
Solver_Insider_Threat,26,0,Reconnaissance,T0842,Network Sniffing,True,False,0.025,0,0,0.11111111111111108,1.0,1028.6250000003338
Solver_Insider_Threat,26,1,Weaponization,T0849,Masquerading,False,False,0.04725000000000001,0,0,0.015384615384615373,0.3333333333333333,1096.1206874993259
Solver_Insider_Threat,26,2,Delivery,T0865,Spearphishing Attachment,False,False,0.07920000000000002,0,0,0.01,1.0,1590.692350000789
Solver_Insider_Threat,26,3,Exploitation,T0863,User Execution,True,False,0.051750000000000004,0,0,0.01,1.0,3524.4245410538615
Solver_Insider_Threat,26,4,Installation,T0889,Modify Program,True,False,0.08640000000000002,0,0,0.01,1.0,4271.322903400321
Solver_Insider_Threat,26,5,Command & Control,T0869,Standard Application Layer Protocol,False,True,0.0675,1,0,0.043478260869565216,1.0,5615.84814750426
Solver_Insider_Threat,27,0,Reconnaissance,T0842,Network Sniffing,True,False,0.025,0,0,0.11111111111111108,1.0,1028.6249999990946
Solver_Insider_Threat,27,1,Weaponization,T0820,Exploitation for Evasion,False,True,0.6615000000000001,1,0,0.35999999999999993,0.3333333333333333,957.3066875005215
Solver_Insider_Threat,28,0,Reconnaissance,T0842,Network Sniffing,True,False,0.025,0,0,0.11111111111111108,1.0,1028.6249999991378
Solver_Insider_Threat,28,1,Weaponization,T0818,Engineering Workstation Compromise,True,False,0.0315,0,0,0.015384615384615373,0.9914434523837992,1486.4727187495444
Solver_Insider_Threat,28,2,Delivery,T0865,Spearphishing Attachment,True,False,0.07920000000000002,0,0,0.01,1.0,1590.6923499999032
Solver_Insider_Threat,28,3,Exploitation,T0863,User Execution,True,False,0.051750000000000004,0,0,0.01,1.0,3524.424541054969
Solver_Insider_Threat,28,4,Installation,T0889,Modify Program,True,False,0.08640000000000002,0,0,0.01,1.0,4271.32290339969
Solver_Insider_Threat,28,5,Command & Control,T0869,Standard Application Layer Protocol,True,False,0.0675,0,0,0.01,1.0,5615.848147505549
Solver_Insider_Threat,28,6,Actions on Objectives,T0882,Theft of Operational Information,True,False,0.17550000000000002,0,50,0.01,1.0,4498.938792678996
Solver_Insider_Threat,29,0,Reconnaissance,T0842,Network Sniffing,True,False,0.025,0,0,0.11111111111111108,1.0,1028.6249999996348
Solver_Insider_Threat,29,1,Weaponization,T0849,Masquerading,True,True,0.026250000000000002,1,0,0.35999999999999993,0.3333333333333333,1121.955937499389
Solver_Insider_Threat,30,0,Reconnaissance,T0842,Network Sniffing,True,False,0.025,0,0,0.11111111111111108,1.0,1028.6250000009113
Solver_Insider_Threat,30,1,Weaponization,T0818,Engineering Workstation Compromise,False,False,0.0315,0,0,0.015384615384615373,0.9914434523805417,1486.4727187501899
Solver_Insider_Threat,30,2,Delivery,T0865,Spearphishing Attachment,False,False,0.07920000000000002,0,0,0.01,1.0,1590.6923500002326
Solver_Insider_Threat,30,3,Exploitation,T0863,User Execution,True,False,0.051750000000000004,0,0,0.01,1.0,3524.4245410538656
Solver_Insider_Threat,30,4,Installation,T0889,Modify Program,True,True,0.08640000000000002,1,0,0.043478260869565216,1.0,4271.322903400341
Solver_Insider_Threat,31,0,Reconnaissance,T0842,Network Sniffing,True,False,0.025,0,0,0.11111111111111108,1.0,1028.6249999990844
Solver_Insider_Threat,31,1,Weaponization,T0849,Masquerading,False,False,0.026250000000000002,0,0,0.015384615384615373,0.3333333333333333,1121.9559375004983
Solver_Insider_Threat,31,2,Delivery,T0865,Spearphishing Attachment,False,False,0.07920000000000002,0,0,0.01,1.0,1590.6923500007642
Solver_Insider_Threat,31,3,Exploitation,T0863,User Execution,True,False,0.051750000000000004,0,0,0.01,1.0,3524.424541055356
Solver_Insider_Threat,31,4,Installation,T0889,Modify Program,True,True,0.08640000000000002,1,0,0.043478260869565216,1.0,4271.322903400244
Solver_Insider_Threat,32,0,Reconnaissance,T0842,Network Sniffing,True,False,0.025,0,0,0.11111111111111108,1.0,1028.6249999995132
Solver_Insider_Threat,32,1,Weaponization,T0818,Engineering Workstation Compromise,True,False,0.05670000000000001,0,0,0.015384615384615373,0.3333333333333333,1447.3008937507943
Solver_Insider_Threat,32,2,Delivery,T0865,Spearphishing Attachment,True,False,0.07920000000000002,0,0,0.01,1.0,1590.6923500004248
Solver_Insider_Threat,32,3,Exploitation,T0863,User Execution,True,False,0.051750000000000004,0,0,0.01,1.0,3524.424541054492
Solver_Insider_Threat,32,4,Installation,T0889,Modify Program,True,False,0.08640000000000002,0,0,0.01,1.0,4271.32290339951
Solver_Insider_Threat,32,5,Command & Control,T0869,Standard Application Layer Protocol,True,False,0.0675,0,0,0.01,1.0,5615.848147504771
Solver_Insider_Threat,32,6,Actions on Objectives,T0882,Theft of Operational Information,False,False,0.17550000000000002,0,0,0.01,1.0,4498.938792679194
Solver_Insider_Threat,33,0,Reconnaissance,T0842,Network Sniffing,True,False,0.025,0,0,0.11111111111111108,1.0,1028.6249999993556
Solver_Insider_Threat,33,1,Weaponization,T0820,Exploitation for Evasion,True,False,0.3675,0,0,0.015384615384615373,0.3333333333333333,1508.2259375006633
Solver_Insider_Threat,33,2,Delivery,T0865,Spearphishing Attachment,True,False,0.07920000000000002,0,0,0.01,1.0,1590.692350000757
Solver_Insider_Threat,33,3,Exploitation,T0863,User Execution,True,False,0.051750000000000004,0,0,0.01,1.0,3524.424541055397
Solver_Insider_Threat,33,4,Installation,T0889,Modify Program,False,True,0.08640000000000002,1,0,0.043478260869565216,1.0,4271.322903400217
Solver_Insider_Threat,34,0,Reconnaissance,T0842,Network Sniffing,True,False,0.025,0,0,0.11111111111111108,0.9999999999990393,1028.6249999991235
Solver_Insider_Threat,34,1,Weaponization,T0818,Engineering Workstation Compromise,True,False,0.0063,0,0,0.015384615384615373,0.3333333333333333,1525.644543749308
Solver_Insider_Threat,34,2,Delivery,T0865,Spearphishing Attachment,False,False,0.07920000000000002,0,0,0.01,1.0,1590.692350000859
Solver_Insider_Threat,34,3,Exploitation,T0863,User Execution,True,False,0.051750000000000004,0,0,0.01,1.0,3524.4245410543676
Solver_Insider_Threat,34,4,Installation,T0889,Modify Program,False,False,0.08640000000000002,0,0,0.01,1.0,4271.322903399873
Solver_Insider_Threat,34,5,Command & Control,T0869,Standard Application Layer Protocol,True,False,0.0675,0,0,0.01,1.0,5615.848147505332
Solver_Insider_Threat,34,6,Actions on Objectives,T0882,Theft of Operational Information,False,False,0.17550000000000002,0,0,0.01,1.0,4498.938792678693
Solver_Insider_Threat,35,0,Reconnaissance,T0842,Network Sniffing,True,False,0.025,0,0,0.11111111111111108,1.0,1028.625000000366
Solver_Insider_Threat,35,1,Weaponization,T0849,Masquerading,False,False,0.04725000000000001,0,0,0.015384615384615373,0.3333333333333333,1096.1206874999052
Solver_Insider_Threat,35,2,Delivery,T0865,Spearphishing Attachment,False,False,0.07920000000000002,0,0,0.01,1.0,1590.6923499993734
Solver_Insider_Threat,35,3,Exploitation,T0863,User Execution,True,False,0.051750000000000004,0,0,0.01,1.0,3524.424541054983
Solver_Insider_Threat,35,4,Installation,T0889,Modify Program,True,True,0.08640000000000002,1,0,0.043478260869565216,1.0,4271.322903399502
Solver_Insider_Threat,36,0,Reconnaissance,T0842,Network Sniffing,True,False,0.025,0,0,0.11111111111111108,1.0,1028.6249999996828
Solver_Insider_Threat,36,1,Weaponization,T0820,Exploitation for Evasion,True,False,0.6615000000000001,0,0,0.015384615384615373,0.3333333333333333,957.3066874997457
Solver_Insider_Threat,36,2,Delivery,T0865,Spearphishing Attachment,False,False,0.07920000000000002,0,0,0.01,1.0,1590.6923500006626
Solver_Insider_Threat,36,3,Exploitation,T0863,User Execution,True,False,0.051750000000000004,0,0,0.01,1.0,3524.4245410547614
Solver_Insider_Threat,36,4,Installation,T0889,Modify Program,True,False,0.08640000000000002,0,0,0.01,1.0,4271.322903399821
Solver_Insider_Threat,36,5,Command & Control,T0869,Standard Application Layer Protocol,True,False,0.0675,0,0,0.01,1.0,5615.84814750481
Solver_Insider_Threat,36,6,Actions on Objectives,T0882,Theft of Operational Information,False,False,0.17550000000000002,0,0,0.01,1.0,4498.938792679299
Solver_Insider_Threat,37,0,Reconnaissance,T0888,Remote System Information Discovery,True,False,0.006,0,0,0.11111111111111108,0.3333333333333333,997.7875000001238
Solver_Insider_Threat,37,1,Weaponization,T0849,Masquerading,True,False,0.04725000000000001,0,0,0.015384615384615373,0.3333333333333333,1096.1206874997988
Solver_Insider_Threat,37,2,Delivery,T0865,Spearphishing Attachment,True,False,0.07920000000000002,0,0,0.01,1.0,1590.6923499997993
Solver_Insider_Threat,37,3,Exploitation,T0863,User Execution,True,False,0.051750000000000004,0,0,0.01,1.0,3524.424541055485
Solver_Insider_Threat,37,4,Installation,T0889,Modify Program,False,False,0.08640000000000002,0,0,0.01,1.0,4271.322903400273
Solver_Insider_Threat,37,5,Command & Control,T0869,Standard Application Layer Protocol,True,False,0.0675,0,0,0.01,1.0,5615.8481475050385
Solver_Insider_Threat,37,6,Actions on Objectives,T0882,Theft of Operational Information,True,False,0.17550000000000002,0,50,0.01,1.0,4498.93879267939
Solver_Insider_Threat,38,0,Reconnaissance,T0842,Network Sniffing,True,False,0.025,0,0,0.11111111111111108,1.0,1028.6249999994177
Solver_Insider_Threat,38,1,Weaponization,T0818,Engineering Workstation Compromise,True,False,0.0315,0,0,0.015384615384615373,0.3333333333333333,1486.4727187502822
Solver_Insider_Threat,38,2,Delivery,T0865,Spearphishing Attachment,True,False,0.07920000000000002,0,0,0.01,1.0,1590.6923500005346
Solver_Insider_Threat,38,3,Exploitation,T0863,User Execution,False,False,0.051750000000000004,0,0,0.01,1.0,3524.424541055321
Solver_Insider_Threat,38,4,Installation,T0889,Modify Program,True,True,0.08640000000000002,1,0,0.043478260869565216,1.0,4271.322903399818
Solver_Insider_Threat,39,0,Reconnaissance,T0842,Network Sniffing,False,False,0.005000000000000001,0,0,0.11111111111111108,0.3333333333333333,1049.7250000003205
Solver_Insider_Threat,39,1,Weaponization,T0849,Masquerading,True,False,0.04725000000000001,0,0,0.015384615384615373,0.3333333333333333,1096.1206875004918
Solver_Insider_Threat,39,2,Delivery,T0865,Spearphishing Attachment,True,False,0.07920000000000002,0,0,0.01,1.0,1590.692349999322
Solver_Insider_Threat,39,3,Exploitation,T0863,User Execution,True,False,0.051750000000000004,0,0,0.01,1.0,3524.424541055389
Solver_Insider_Threat,39,4,Installation,T0889,Modify Program,False,False,0.08640000000000002,0,0,0.01,1.0,4271.322903399646
Solver_Insider_Threat,39,5,Command & Control,T0869,Standard Application Layer Protocol,True,False,0.0675,0,0,0.01,1.0,5615.848147504624
Solver_Insider_Threat,39,6,Actions on Objectives,T0882,Theft of Operational Information,True,False,0.17550000000000002,0,50,0.01,1.0,4498.938792678958
Solver_Insider_Threat,40,0,Reconnaissance,T0842,Network Sniffing,True,False,0.025,0,0,0.11111111111111108,0.9999999999992084,1028.625000000448
Solver_Insider_Threat,40,1,Weaponization,T0820,Exploitation for Evasion,True,False,0.3675,0,0,0.015384615384615373,0.3333333333333333,1508.22593749999
Solver_Insider_Threat,40,2,Delivery,T0865,Spearphishing Attachment,True,False,0.07920000000000002,0,0,0.01,1.0,1590.692350000359
Solver_Insider_Threat,40,3,Exploitation,T0863,User Execution,True,False,0.051750000000000004,0,0,0.01,1.0,3524.4245410547137
Solver_Insider_Threat,40,4,Installation,T0889,Modify Program,True,False,0.08640000000000002,0,0,0.01,1.0,4271.322903400086
Solver_Insider_Threat,40,5,Command & Control,T0869,Standard Application Layer Protocol,True,False,0.0675,0,0,0.01,1.0,5615.84814750426
Solver_Insider_Threat,40,6,Actions on Objectives,T0882,Theft of Operational Information,True,True,0.17550000000000002,1,0,0.043478260869565216,1.0,4498.938792678612
Solver_Insider_Threat,41,0,Reconnaissance,T0888,Remote System Information Discovery,True,False,0.006,0,0,0.11111111111111108,0.3333333333333333,997.7875000002978
Solver_Insider_Threat,41,1,Weaponization,T0849,Masquerading,False,False,0.005250000000000001,0,0,0.015384615384615373,0.3333333333333333,1147.7911874998588
Solver_Insider_Threat,41,2,Delivery,T0865,Spearphishing Attachment,False,False,0.07920000000000002,0,0,0.01,1.0,1590.6923500008704
Solver_Insider_Threat,41,3,Exploitation,T0863,User Execution,True,False,0.051750000000000004,0,0,0.01,1.0,3524.424541055457
Solver_Insider_Threat,41,4,Installation,T0889,Modify Program,True,False,0.08640000000000002,0,0,0.01,1.0,4271.3229033994985
Solver_Insider_Threat,41,5,Command & Control,T0869,Standard Application Layer Protocol,True,False,0.0675,0,0,0.01,1.0,5615.848147505163
Solver_Insider_Threat,41,6,Actions on Objectives,T0882,Theft of Operational Information,False,False,0.17550000000000002,0,0,0.01,1.0,4498.938792678256
Solver_Insider_Threat,42,0,Reconnaissance,T0842,Network Sniffing,False,False,0.025,0,0,0.11111111111111108,0.3333333333333333,1028.6250000008108
Solver_Insider_Threat,42,1,Weaponization,T0818,Engineering Workstation Compromise,True,False,0.0063,0,0,0.015384615384615373,0.3333333333333333,1525.6445437498612
Solver_Insider_Threat,42,2,Delivery,T0865,Spearphishing Attachment,False,True,0.07920000000000002,1,0,0.06569343065693425,1.0,1590.692349999412
Solver_Insider_Threat,43,0,Reconnaissance,T0888,Remote System Information Discovery,True,False,0.006,0,0,0.11111111111111108,0.3333333333333333,997.7875000000732
Solver_Insider_Threat,43,1,Weaponization,T0818,Engineering Workstation Compromise,True,False,0.0063,0,0,0.015384615384615373,0.3333333333333333,1525.6445437503078
Solver_Insider_Threat,43,2,Delivery,T0865,Spearphishing Attachment,False,False,0.07920000000000002,0,0,0.01,1.0,1590.6923499992224
Solver_Insider_Threat,43,3,Exploitation,T0863,User Execution,True,False,0.051750000000000004,0,0,0.01,1.0,3524.4245410551607
Solver_Insider_Threat,43,4,Installation,T0889,Modify Program,True,True,0.08640000000000002,1,0,0.043478260869565216,1.0,4271.322903400241
Solver_Insider_Threat,44,0,Reconnaissance,T0842,Network Sniffing,True,False,0.025,0,0,0.11111111111111108,1.0,1028.6250000004866
Solver_Insider_Threat,44,1,Weaponization,T0818,Engineering Workstation Compromise,True,False,0.0063,0,0,0.015384615384615373,0.3333333333333333,1525.644543750096
Solver_Insider_Threat,44,2,Delivery,T0865,Spearphishing Attachment,False,False,0.07920000000000002,0,0,0.01,1.0,1590.6923499993043
Solver_Insider_Threat,44,3,Exploitation,T0863,User Execution,True,False,0.051750000000000004,0,0,0.01,1.0,3524.4245410538474
Solver_Insider_Threat,44,4,Installation,T0889,Modify Program,True,False,0.08640000000000002,0,0,0.01,1.0,4271.3229033993
Solver_Insider_Threat,44,5,Command & Control,T0869,Standard Application Layer Protocol,False,True,0.0675,1,0,0.043478260869565216,1.0,5615.848147505492
Solver_Insider_Threat,45,0,Reconnaissance,T0842,Network Sniffing,True,False,0.025,0,0,0.11111111111111108,1.0,1028.6250000003977
Solver_Insider_Threat,45,1,Weaponization,T0818,Engineering Workstation Compromise,False,False,0.05670000000000001,0,0,0.015384615384615373,0.3333333333333333,1447.3008937507284
Solver_Insider_Threat,45,2,Delivery,T0865,Spearphishing Attachment,True,False,0.07920000000000002,0,0,0.01,1.0,1590.6923500003297
Solver_Insider_Threat,45,3,Exploitation,T0863,User Execution,True,False,0.051750000000000004,0,0,0.01,1.0,3524.4245410547865
Solver_Insider_Threat,45,4,Installation,T0889,Modify Program,True,False,0.08640000000000002,0,0,0.01,1.0,4271.322903399402
Solver_Insider_Threat,45,5,Command & Control,T0869,Standard Application Layer Protocol,True,False,0.0675,0,0,0.01,1.0,5615.848147504502
Solver_Insider_Threat,45,6,Actions on Objectives,T0882,Theft of Operational Information,True,True,0.17550000000000002,1,0,0.043478260869565216,1.0,4498.938792679101
Solver_Insider_Threat,46,0,Reconnaissance,T0842,Network Sniffing,True,False,0.025,0,0,0.11111111111111108,1.0,1028.6250000006353
Solver_Insider_Threat,46,1,Weaponization,T0820,Exploitation for Evasion,True,False,0.6615000000000001,0,0,0.015384615384615373,0.3333333333333333,957.306687500163
Solver_Insider_Threat,46,2,Delivery,T0865,Spearphishing Attachment,True,False,0.07920000000000002,0,0,0.01,1.0,1590.6923499994405
Solver_Insider_Threat,46,3,Exploitation,T0863,User Execution,True,False,0.051750000000000004,0,0,0.01,1.0,3524.424541055156
Solver_Insider_Threat,46,4,Installation,T0889,Modify Program,True,False,0.08640000000000002,0,0,0.01,1.0,4271.322903400094
Solver_Insider_Threat,46,5,Command & Control,T0869,Standard Application Layer Protocol,True,False,0.0675,0,0,0.01,1.0,5615.848147504465
Solver_Insider_Threat,46,6,Actions on Objectives,T0882,Theft of Operational Information,True,True,0.17550000000000002,1,0,0.043478260869565216,1.0,4498.938792679407
Solver_Insider_Threat,47,0,Reconnaissance,T0842,Network Sniffing,True,False,0.025,0,0,0.11111111111111108,1.0,1028.6249999997312
Solver_Insider_Threat,47,1,Weaponization,T0818,Engineering Workstation Compromise,False,False,0.0315,0,0,0.015384615384615373,0.3333333333333333,1486.472718749307
Solver_Insider_Threat,47,2,Delivery,T0865,Spearphishing Attachment,True,False,0.07920000000000002,0,0,0.01,1.0,1590.6923500006285
Solver_Insider_Threat,47,3,Exploitation,T0863,User Execution,True,False,0.051750000000000004,0,0,0.01,1.0,3524.4245410545377
Solver_Insider_Threat,47,4,Installation,T0889,Modify Program,True,False,0.08640000000000002,0,0,0.01,1.0,4271.322903400237
Solver_Insider_Threat,47,5,Command & Control,T0869,Standard Application Layer Protocol,True,False,0.0675,0,0,0.01,1.0,5615.848147505501
Solver_Insider_Threat,47,6,Actions on Objectives,T0882,Theft of Operational Information,False,False,0.17550000000000002,0,0,0.01,1.0,4498.938792679012
Solver_Insider_Threat,48,0,Reconnaissance,T0842,Network Sniffing,True,False,0.025,0,0,0.11111111111111108,0.9999999999963355,1028.6249999992747
Solver_Insider_Threat,48,1,Weaponization,T0818,Engineering Workstation Compromise,False,True,0.05670000000000001,1,0,0.35999999999999993,0.991443452378455,1447.3008937491225
Solver_Insider_Threat,49,0,Reconnaissance,T0842,Network Sniffing,True,False,0.025,0,0,0.11111111111111108,0.9999999999968138,1028.625000000027
Solver_Insider_Threat,49,1,Weaponization,T0818,Engineering Workstation Compromise,True,False,0.0315,0,0,0.015384615384615373,0.3333333333333333,1486.472718749691
Solver_Insider_Threat,49,2,Delivery,T0865,Spearphishing Attachment,True,False,0.07920000000000002,0,0,0.01,1.0,1590.6923500006365
Solver_Insider_Threat,49,3,Exploitation,T0863,User Execution,True,False,0.051750000000000004,0,0,0.01,1.0,3524.4245410538397
Solver_Insider_Threat,49,4,Installation,T0889,Modify Program,True,False,0.08640000000000002,0,0,0.01,1.0,4271.322903400175
Solver_Insider_Threat,49,5,Command & Control,T0869,Standard Application Layer Protocol,True,True,0.0675,1,0,0.043478260869565216,1.0,5615.848147505142
Solver_Insider_Threat,50,0,Reconnaissance,T0842,Network Sniffing,True,False,0.025,0,0,0.11111111111111108,1.0,1028.624999999635
Solver_Insider_Threat,50,1,Weaponization,T0820,Exploitation for Evasion,True,True,0.6615000000000001,1,0,0.35999999999999993,0.3333333333333333,957.3066875007632
Solver_Insider_Threat,51,0,Reconnaissance,T0842,Network Sniffing,True,False,0.025,0,0,0.11111111111111108,0.9999999999957992,1028.6249999995537
Solver_Insider_Threat,51,1,Weaponization,T0818,Engineering Workstation Compromise,True,False,0.0315,0,0,0.015384615384615373,0.9914434523805942,1486.4727187501421
Solver_Insider_Threat,51,2,Delivery,T0865,Spearphishing Attachment,True,True,0.07920000000000002,1,0,0.06569343065693425,1.0,1590.6923500003668
Solver_Insider_Threat,52,0,Reconnaissance,T0842,Network Sniffing,True,False,0.025,0,0,0.11111111111111108,1.0,1028.6249999997801
Solver_Insider_Threat,52,1,Weaponization,T0818,Engineering Workstation Compromise,False,False,0.0063,0,0,0.015384615384615373,0.3333333333333333,1525.6445437509453
Solver_Insider_Threat,52,2,Delivery,T0865,Spearphishing Attachment,True,False,0.07920000000000002,0,0,0.01,1.0,1590.6923499993459
Solver_Insider_Threat,52,3,Exploitation,T0863,User Execution,True,False,0.051750000000000004,0,0,0.01,1.0,3524.4245410552444
Solver_Insider_Threat,52,4,Installation,T0889,Modify Program,True,False,0.08640000000000002,0,0,0.01,1.0,4271.322903399689
Solver_Insider_Threat,52,5,Command & Control,T0869,Standard Application Layer Protocol,False,True,0.0675,1,0,0.043478260869565216,1.0,5615.84814750466
Solver_Insider_Threat,53,0,Reconnaissance,T0842,Network Sniffing,False,False,0.025,0,0,0.11111111111111108,1.0,1028.625000000227
Solver_Insider_Threat,53,1,Weaponization,T0818,Engineering Workstation Compromise,True,False,0.0315,0,0,0.015384615384615373,0.9914434523808996,1486.4727187493265
Solver_Insider_Threat,53,2,Delivery,T0865,Spearphishing Attachment,True,False,0.07920000000000002,0,0,0.01,1.0,1590.6923500002679
Solver_Insider_Threat,53,3,Exploitation,T0863,User Execution,True,False,0.051750000000000004,0,0,0.01,1.0,3524.424541054321
Solver_Insider_Threat,53,4,Installation,T0889,Modify Program,True,True,0.08640000000000002,1,0,0.043478260869565216,1.0,4271.322903400496
Solver_Insider_Threat,54,0,Reconnaissance,T0842,Network Sniffing,True,False,0.025,0,0,0.11111111111111108,1.0,1028.6249999997642
Solver_Insider_Threat,54,1,Weaponization,T0849,Masquerading,False,False,0.005250000000000001,0,0,0.015384615384615373,0.3333333333333333,1147.791187499115
Solver_Insider_Threat,54,2,Delivery,T0865,Spearphishing Attachment,True,False,0.07920000000000002,0,0,0.01,1.0,1590.692349999887
Solver_Insider_Threat,54,3,Exploitation,T0863,User Execution,True,False,0.051750000000000004,0,0,0.01,1.0,3524.42454105405
Solver_Insider_Threat,54,4,Installation,T0889,Modify Program,True,False,0.08640000000000002,0,0,0.01,1.0,4271.322903399324
Solver_Insider_Threat,54,5,Command & Control,T0869,Standard Application Layer Protocol,True,False,0.0675,0,0,0.01,1.0,5615.848147505017
Solver_Insider_Threat,54,6,Actions on Objectives,T0882,Theft of Operational Information,True,True,0.17550000000000002,1,0,0.043478260869565216,1.0,4498.9387926794625
Solver_Insider_Threat,55,0,Reconnaissance,T0842,Network Sniffing,True,False,0.025,0,0,0.11111111111111108,1.0,1028.6249999993672
Solver_Insider_Threat,55,1,Weaponization,T0820,Exploitation for Evasion,True,False,0.3675,0,0,0.015384615384615373,0.3333333333333333,1508.225937499962
Solver_Insider_Threat,55,2,Delivery,T0865,Spearphishing Attachment,True,False,0.07920000000000002,0,0,0.01,1.0,1590.6923499998043
Solver_Insider_Threat,55,3,Exploitation,T0863,User Execution,True,False,0.051750000000000004,0,0,0.01,1.0,3524.4245410544354
Solver_Insider_Threat,55,4,Installation,T0889,Modify Program,True,False,0.08640000000000002,0,0,0.01,1.0,4271.32290340037
Solver_Insider_Threat,55,5,Command & Control,T0869,Standard Application Layer Protocol,True,False,0.0675,0,0,0.01,1.0,5615.848147504562
Solver_Insider_Threat,55,6,Actions on Objectives,T0882,Theft of Operational Information,False,False,0.17550000000000002,0,0,0.01,1.0,4498.938792678777
Solver_Insider_Threat,56,0,Reconnaissance,T0842,Network Sniffing,True,False,0.025,0,0,0.11111111111111108,1.0,1028.625000000947
Solver_Insider_Threat,56,1,Weaponization,T0820,Exploitation for Evasion,True,True,0.0735,1,0,0.35999999999999993,0.3333333333333333,2059.145187499143
Solver_Insider_Threat,57,0,Reconnaissance,T0842,Network Sniffing,True,False,0.025,0,0,0.11111111111111108,1.0,1028.6249999994595
Solver_Insider_Threat,57,1,Weaponization,T0818,Engineering Workstation Compromise,True,False,0.0315,0,0,0.015384615384615373,0.3333333333333333,1486.4727187498613
Solver_Insider_Threat,57,2,Delivery,T0865,Spearphishing Attachment,True,False,0.07920000000000002,0,0,0.01,1.0,1590.692350000587
Solver_Insider_Threat,57,3,Exploitation,T0863,User Execution,True,False,0.051750000000000004,0,0,0.01,1.0,3524.4245410548106
Solver_Insider_Threat,57,4,Installation,T0889,Modify Program,True,False,0.08640000000000002,0,0,0.01,1.0,4271.322903399987
Solver_Insider_Threat,57,5,Command & Control,T0869,Standard Application Layer Protocol,True,False,0.0675,0,0,0.01,1.0,5615.848147504627
Solver_Insider_Threat,57,6,Actions on Objectives,T0882,Theft of Operational Information,False,False,0.17550000000000002,0,0,0.01,1.0,4498.938792678513
Solver_Insider_Threat,58,0,Reconnaissance,T0842,Network Sniffing,False,False,0.025,0,0,0.11111111111111108,0.999999999999031,1028.6250000006867
Solver_Insider_Threat,58,1,Weaponization,T0849,Masquerading,False,False,0.005250000000000001,0,0,0.015384615384615373,0.3333333333333333,1147.7911874993501
Solver_Insider_Threat,58,2,Delivery,T0865,Spearphishing Attachment,True,True,0.07920000000000002,1,0,0.06569343065693425,1.0,1590.6923500001665
Solver_Insider_Threat,59,0,Reconnaissance,T0842,Network Sniffing,True,False,0.025,0,0,0.11111111111111108,0.999999999996442,1028.625000000264
Solver_Insider_Threat,59,1,Weaponization,T0818,Engineering Workstation Compromise,True,False,0.0315,0,0,0.015384615384615373,0.9914434523810045,1486.4727187508909
Solver_Insider_Threat,59,2,Delivery,T0865,Spearphishing Attachment,True,False,0.07920000000000002,0,0,0.01,1.0,1590.692350000406
Solver_Insider_Threat,59,3,Exploitation,T0863,User Execution,True,False,0.051750000000000004,0,0,0.01,1.0,3524.4245410553112
Solver_Insider_Threat,59,4,Installation,T0889,Modify Program,True,False,0.08640000000000002,0,0,0.01,1.0,4271.322903400015
Solver_Insider_Threat,59,5,Command & Control,T0869,Standard Application Layer Protocol,True,False,0.0675,0,0,0.01,1.0,5615.848147505356
Solver_Insider_Threat,59,6,Actions on Objectives,T0882,Theft of Operational Information,False,False,0.17550000000000002,0,0,0.01,1.0,4498.938792678174
Solver_Insider_Threat,60,0,Reconnaissance,T0842,Network Sniffing,True,False,0.025,0,0,0.11111111111111108,1.0,1028.6250000009863
Solver_Insider_Threat,60,1,Weaponization,T0818,Engineering Workstation Compromise,True,False,0.05670000000000001,0,0,0.015384615384615373,0.3333333333333333,1447.3008937502423
Solver_Insider_Threat,60,2,Delivery,T0865,Spearphishing Attachment,True,False,0.07920000000000002,0,0,0.01,1.0,1590.692350000125
Solver_Insider_Threat,60,3,Exploitation,T0863,User Execution,True,True,0.051750000000000004,1,0,0.043478260869565216,1.0,3524.4245410545846
Solver_Insider_Threat,61,0,Reconnaissance,T0842,Network Sniffing,True,False,0.025,0,0,0.11111111111111108,0.9999999999993581,1028.6250000005518
Solver_Insider_Threat,61,1,Weaponization,T0818,Engineering Workstation Compromise,True,False,0.0315,0,0,0.015384615384615373,0.9914434523827478,1486.4727187502187
Solver_Insider_Threat,61,2,Delivery,T0865,Spearphishing Attachment,True,False,0.07920000000000002,0,0,0.01,1.0,1590.6923499997904
Solver_Insider_Threat,61,3,Exploitation,T0863,User Execution,True,False,0.051750000000000004,0,0,0.01,1.0,3524.4245410555054
Solver_Insider_Threat,61,4,Installation,T0889,Modify Program,True,False,0.08640000000000002,0,0,0.01,1.0,4271.322903399275
Solver_Insider_Threat,61,5,Command & Control,T0869,Standard Application Layer Protocol,True,False,0.0675,0,0,0.01,1.0,5615.848147504481
Solver_Insider_Threat,61,6,Actions on Objectives,T0882,Theft of Operational Information,True,False,0.17550000000000002,0,50,0.01,1.0,4498.938792678362
Solver_Insider_Threat,62,0,Reconnaissance,T0842,Network Sniffing,False,False,0.025,0,0,0.11111111111111108,0.9999999999958493,1028.624999999528
Solver_Insider_Threat,62,1,Weaponization,T0849,Masquerading,True,False,0.04725000000000001,0,0,0.015384615384615373,0.3333333333333333,1096.120687500428
Solver_Insider_Threat,62,2,Delivery,T0865,Spearphishing Attachment,True,True,0.07920000000000002,1,0,0.06569343065693425,1.0,1590.692349999529
Solver_Insider_Threat,63,0,Reconnaissance,T0842,Network Sniffing,False,False,0.025,0,0,0.11111111111111108,1.0,1028.6250000006908
Solver_Insider_Threat,63,1,Weaponization,T0818,Engineering Workstation Compromise,True,False,0.0063,0,0,0.015384615384615373,0.3333333333333333,1525.6445437494563
Solver_Insider_Threat,63,2,Delivery,T0865,Spearphishing Attachment,True,False,0.07920000000000002,0,0,0.01,1.0,1590.6923500008995
Solver_Insider_Threat,63,3,Exploitation,T0863,User Execution,True,False,0.051750000000000004,0,0,0.01,1.0,3524.4245410550243
Solver_Insider_Threat,63,4,Installation,T0889,Modify Program,True,False,0.08640000000000002,0,0,0.01,1.0,4271.322903400252
Solver_Insider_Threat,63,5,Command & Control,T0869,Standard Application Layer Protocol,False,False,0.0675,0,0,0.01,1.0,5615.848147504131
Solver_Insider_Threat,63,6,Actions on Objectives,T0882,Theft of Operational Information,True,False,0.17550000000000002,0,50,0.01,1.0,4498.9387926780255
Solver_Insider_Threat,64,0,Reconnaissance,T0888,Remote System Information Discovery,True,False,0.006,0,0,0.11111111111111108,0.3333333333333333,997.7874999992817
Solver_Insider_Threat,64,1,Weaponization,T0849,Masquerading,True,False,0.04725000000000001,0,0,0.015384615384615373,0.3333333333333333,1096.12068749982
Solver_Insider_Threat,64,2,Delivery,T0865,Spearphishing Attachment,True,False,0.07920000000000002,0,0,0.01,1.0,1590.692349999723
Solver_Insider_Threat,64,3,Exploitation,T0863,User Execution,True,False,0.051750000000000004,0,0,0.01,1.0,3524.424541053943
Solver_Insider_Threat,64,4,Installation,T0889,Modify Program,True,True,0.08640000000000002,1,0,0.043478260869565216,1.0,4271.322903400119
Solver_Insider_Threat,65,0,Reconnaissance,T0842,Network Sniffing,True,False,0.005000000000000001,0,0,0.11111111111111108,0.3333333333333333,1049.7249999991986
Solver_Insider_Threat,65,1,Weaponization,T0820,Exploitation for Evasion,True,False,0.0735,0,0,0.015384615384615373,0.3333333333333333,2059.145187500749
Solver_Insider_Threat,65,2,Delivery,T0865,Spearphishing Attachment,True,False,0.07920000000000002,0,0,0.01,1.0,1590.692350000709
Solver_Insider_Threat,65,3,Exploitation,T0863,User Execution,True,False,0.051750000000000004,0,0,0.01,1.0,3524.4245410550143
Solver_Insider_Threat,65,4,Installation,T0889,Modify Program,False,False,0.08640000000000002,0,0,0.01,1.0,4271.322903400529
Solver_Insider_Threat,65,5,Command & Control,T0869,Standard Application Layer Protocol,True,False,0.0675,0,0,0.01,1.0,5615.848147505133
Solver_Insider_Threat,65,6,Actions on Objectives,T0882,Theft of Operational Information,True,False,0.17550000000000002,0,50,0.01,1.0,4498.938792678625
Solver_Insider_Threat,66,0,Reconnaissance,T0842,Network Sniffing,False,False,0.025,0,0,0.11111111111111108,0.9999999999947939,1028.6249999998065
Solver_Insider_Threat,66,1,Weaponization,T0818,Engineering Workstation Compromise,True,False,0.0315,0,0,0.015384615384615373,0.3333333333333333,1486.4727187495566
Solver_Insider_Threat,66,2,Delivery,T0865,Spearphishing Attachment,True,False,0.07920000000000002,0,0,0.01,1.0,1590.692349999961
Solver_Insider_Threat,66,3,Exploitation,T0863,User Execution,True,False,0.051750000000000004,0,0,0.01,1.0,3524.4245410554727
Solver_Insider_Threat,66,4,Installation,T0889,Modify Program,True,True,0.08640000000000002,1,0,0.043478260869565216,1.0,4271.322903399507
Solver_Insider_Threat,67,0,Reconnaissance,T0842,Network Sniffing,True,False,0.025,0,0,0.11111111111111108,0.9999999999973825,1028.6249999997494
Solver_Insider_Threat,67,1,Weaponization,T0849,Masquerading,True,False,0.026250000000000002,0,0,0.015384615384615373,0.3333333333333333,1121.9559374992723
Solver_Insider_Threat,67,2,Delivery,T0865,Spearphishing Attachment,True,False,0.07920000000000002,0,0,0.01,1.0,1590.6923500000319
Solver_Insider_Threat,67,3,Exploitation,T0863,User Execution,True,False,0.051750000000000004,0,0,0.01,1.0,3524.42454105531
Solver_Insider_Threat,67,4,Installation,T0889,Modify Program,True,False,0.08640000000000002,0,0,0.01,1.0,4271.3229033993675
Solver_Insider_Threat,67,5,Command & Control,T0869,Standard Application Layer Protocol,True,False,0.0675,0,0,0.01,1.0,5615.848147505275
Solver_Insider_Threat,67,6,Actions on Objectives,T0882,Theft of Operational Information,True,False,0.17550000000000002,0,50,0.01,1.0,4498.938792678143
Solver_Insider_Threat,68,0,Reconnaissance,T0888,Remote System Information Discovery,False,False,0.054000000000000006,0,0,0.11111111111111108,0.3333333333333333,950.087499999562
Solver_Insider_Threat,68,1,Weaponization,T0818,Engineering Workstation Compromise,False,False,0.0315,0,0,0.015384615384615373,0.9914434523797535,1486.4727187496496
Solver_Insider_Threat,68,2,Delivery,T0865,Spearphishing Attachment,False,False,0.07920000000000002,0,0,0.01,1.0,1590.692350000353
Solver_Insider_Threat,68,3,Exploitation,T0863,User Execution,True,False,0.051750000000000004,0,0,0.01,1.0,3524.4245410552307
Solver_Insider_Threat,68,4,Installation,T0889,Modify Program,True,False,0.08640000000000002,0,0,0.01,1.0,4271.32290339919
Solver_Insider_Threat,68,5,Command & Control,T0869,Standard Application Layer Protocol,True,False,0.0675,0,0,0.01,1.0,5615.848147505522
Solver_Insider_Threat,68,6,Actions on Objectives,T0882,Theft of Operational Information,True,True,0.17550000000000002,1,0,0.043478260869565216,1.0,4498.938792678628
Solver_Insider_Threat,69,0,Reconnaissance,T0842,Network Sniffing,True,False,0.025,0,0,0.11111111111111108,1.0,1028.6249999990955
Solver_Insider_Threat,69,1,Weaponization,T0849,Masquerading,False,True,0.04725000000000001,1,0,0.35999999999999993,0.3333333333333333,1096.120687499054
Solver_Insider_Threat,70,0,Reconnaissance,T0842,Network Sniffing,True,False,0.025,0,0,0.11111111111111108,1.0,1028.625000000769
Solver_Insider_Threat,70,1,Weaponization,T0849,Masquerading,False,False,0.04725000000000001,0,0,0.015384615384615373,0.3333333333333333,1096.1206875009057
Solver_Insider_Threat,70,2,Delivery,T0865,Spearphishing Attachment,False,False,0.07920000000000002,0,0,0.01,1.0,1590.6923500000926
Solver_Insider_Threat,70,3,Exploitation,T0863,User Execution,True,False,0.051750000000000004,0,0,0.01,1.0,3524.424541054806
Solver_Insider_Threat,70,4,Installation,T0889,Modify Program,False,False,0.08640000000000002,0,0,0.01,1.0,4271.322903399913
Solver_Insider_Threat,70,5,Command & Control,T0869,Standard Application Layer Protocol,True,False,0.0675,0,0,0.01,1.0,5615.848147505646
Solver_Insider_Threat,70,6,Actions on Objectives,T0882,Theft of Operational Information,True,False,0.17550000000000002,0,50,0.01,1.0,4498.938792678194
Solver_Insider_Threat,71,0,Reconnaissance,T0842,Network Sniffing,True,False,0.025,0,0,0.11111111111111108,1.0,1028.6250000003665
Solver_Insider_Threat,71,1,Weaponization,T0818,Engineering Workstation Compromise,True,False,0.0315,0,0,0.015384615384615373,0.3333333333333333,1486.472718749213
Solver_Insider_Threat,71,2,Delivery,T0865,Spearphishing Attachment,False,False,0.07920000000000002,0,0,0.01,1.0,1590.6923500002974
Solver_Insider_Threat,71,3,Exploitation,T0863,User Execution,True,False,0.051750000000000004,0,0,0.01,1.0,3524.424541055113
Solver_Insider_Threat,71,4,Installation,T0889,Modify Program,True,False,0.08640000000000002,0,0,0.01,1.0,4271.322903399798
Solver_Insider_Threat,71,5,Command & Control,T0869,Standard Application Layer Protocol,True,False,0.0675,0,0,0.01,1.0,5615.8481475046265
Solver_Insider_Threat,71,6,Actions on Objectives,T0882,Theft of Operational Information,False,False,0.17550000000000002,0,0,0.01,1.0,4498.938792678217
Solver_Insider_Threat,72,0,Reconnaissance,T0887,Wireless Sniffing,True,False,0.08000000000000002,0,0,0.11111111111111108,0.3333333333333333,1387.600000000411
Solver_Insider_Threat,72,1,Weaponization,T0818,Engineering Workstation Compromise,False,True,0.05670000000000001,1,0,0.35999999999999993,0.3333333333333333,1447.3008937493564
Solver_Insider_Threat,73,0,Reconnaissance,T0842,Network Sniffing,True,False,0.025,0,0,0.11111111111111108,0.9999999999997116,1028.6249999998736
Solver_Insider_Threat,73,1,Weaponization,T0849,Masquerading,False,False,0.04725000000000001,0,0,0.015384615384615373,0.3333333333333333,1096.1206874990976
Solver_Insider_Threat,73,2,Delivery,T0865,Spearphishing Attachment,True,False,0.07920000000000002,0,0,0.01,1.0,1590.692350000267
Solver_Insider_Threat,73,3,Exploitation,T0863,User Execution,True,False,0.051750000000000004,0,0,0.01,1.0,3524.424541055175
Solver_Insider_Threat,73,4,Installation,T0889,Modify Program,True,False,0.08640000000000002,0,0,0.01,1.0,4271.322903399706
Solver_Insider_Threat,73,5,Command & Control,T0869,Standard Application Layer Protocol,False,False,0.0675,0,0,0.01,1.0,5615.848147505606
Solver_Insider_Threat,73,6,Actions on Objectives,T0882,Theft of Operational Information,False,False,0.17550000000000002,0,0,0.01,1.0,4498.938792678307
Solver_Insider_Threat,74,0,Reconnaissance,T0842,Network Sniffing,True,False,0.025,0,0,0.11111111111111108,0.3333333333333333,1028.6250000009788
Solver_Insider_Threat,74,1,Weaponization,T0849,Masquerading,False,False,0.005250000000000001,0,0,0.015384615384615373,0.3333333333333333,1147.7911875005343
Solver_Insider_Threat,74,2,Delivery,T0865,Spearphishing Attachment,True,False,0.07920000000000002,0,0,0.01,1.0,1590.6923499993493
Solver_Insider_Threat,74,3,Exploitation,T0863,User Execution,True,False,0.051750000000000004,0,0,0.01,1.0,3524.4245410552608
Solver_Insider_Threat,74,4,Installation,T0889,Modify Program,True,False,0.08640000000000002,0,0,0.01,1.0,4271.3229034007845
Solver_Insider_Threat,74,5,Command & Control,T0869,Standard Application Layer Protocol,False,False,0.0675,0,0,0.01,1.0,5615.848147504145
Solver_Insider_Threat,74,6,Actions on Objectives,T0882,Theft of Operational Information,False,False,0.17550000000000002,0,0,0.01,1.0,4498.9387926793
Solver_Insider_Threat,75,0,Reconnaissance,T0842,Network Sniffing,True,False,0.025,0,0,0.11111111111111108,1.0,1028.6250000006519
Solver_Insider_Threat,75,1,Weaponization,T0818,Engineering Workstation Compromise,True,False,0.0315,0,0,0.015384615384615373,0.9914434523799005,1486.4727187495662
Solver_Insider_Threat,75,2,Delivery,T0865,Spearphishing Attachment,False,False,0.07920000000000002,0,0,0.01,1.0,1590.69235000038
Solver_Insider_Threat,75,3,Exploitation,T0863,User Execution,True,False,0.051750000000000004,0,0,0.01,1.0,3524.4245410539484
Solver_Insider_Threat,75,4,Installation,T0889,Modify Program,False,False,0.08640000000000002,0,0,0.01,1.0,4271.3229033999005
Solver_Insider_Threat,75,5,Command & Control,T0869,Standard Application Layer Protocol,True,False,0.0675,0,0,0.01,1.0,5615.848147504724
Solver_Insider_Threat,75,6,Actions on Objectives,T0882,Theft of Operational Information,False,False,0.17550000000000002,0,0,0.01,1.0,4498.938792678613
Solver_Insider_Threat,76,0,Reconnaissance,T0842,Network Sniffing,True,False,0.025,0,0,0.11111111111111108,0.9999999999997673,1028.6249999990316
Solver_Insider_Threat,76,1,Weaponization,T0820,Exploitation for Evasion,True,False,0.0735,0,0,0.015384615384615373,0.3333333333333333,2059.1451874998056
Solver_Insider_Threat,76,2,Delivery,T0865,Spearphishing Attachment,False,False,0.07920000000000002,0,0,0.01,1.0,1590.692349999381
Solver_Insider_Threat,76,3,Exploitation,T0863,User Execution,True,False,0.051750000000000004,0,0,0.01,1.0,3524.4245410552685
Solver_Insider_Threat,76,4,Installation,T0889,Modify Program,False,False,0.08640000000000002,0,0,0.01,1.0,4271.322903399232
Solver_Insider_Threat,76,5,Command & Control,T0869,Standard Application Layer Protocol,True,False,0.0675,0,0,0.01,1.0,5615.848147504433
Solver_Insider_Threat,76,6,Actions on Objectives,T0882,Theft of Operational Information,True,False,0.17550000000000002,0,50,0.01,1.0,4498.93879267813
Solver_Insider_Threat,77,0,Reconnaissance,T0842,Network Sniffing,True,False,0.025,0,0,0.11111111111111108,1.0,1028.6249999997597
Solver_Insider_Threat,77,1,Weaponization,T0818,Engineering Workstation Compromise,False,False,0.0315,0,0,0.015384615384615373,0.3333333333333333,1486.4727187501815
Solver_Insider_Threat,77,2,Delivery,T0865,Spearphishing Attachment,True,False,0.07920000000000002,0,0,0.01,1.0,1590.6923499998766
Solver_Insider_Threat,77,3,Exploitation,T0863,User Execution,True,False,0.051750000000000004,0,0,0.01,1.0,3524.424541054413
Solver_Insider_Threat,77,4,Installation,T0889,Modify Program,False,False,0.08640000000000002,0,0,0.01,1.0,4271.32290339963
Solver_Insider_Threat,77,5,Command & Control,T0869,Standard Application Layer Protocol,True,False,0.0675,0,0,0.01,1.0,5615.848147504174
Solver_Insider_Threat,77,6,Actions on Objectives,T0882,Theft of Operational Information,False,False,0.17550000000000002,0,0,0.01,1.0,4498.938792679442
Solver_Insider_Threat,78,0,Reconnaissance,T0842,Network Sniffing,True,False,0.025,0,0,0.11111111111111108,1.0,1028.6250000003604
Solver_Insider_Threat,78,1,Weaponization,T0849,Masquerading,False,False,0.04725000000000001,0,0,0.015384615384615373,0.3333333333333333,1096.120687499481
Solver_Insider_Threat,78,2,Delivery,T0865,Spearphishing Attachment,False,False,0.07920000000000002,0,0,0.01,1.0,1590.6923500003516
Solver_Insider_Threat,78,3,Exploitation,T0863,User Execution,True,False,0.051750000000000004,0,0,0.01,1.0,3524.4245410538874
Solver_Insider_Threat,78,4,Installation,T0889,Modify Program,False,False,0.08640000000000002,0,0,0.01,1.0,4271.322903400386
Solver_Insider_Threat,78,5,Command & Control,T0869,Standard Application Layer Protocol,True,False,0.0675,0,0,0.01,1.0,5615.848147505505
Solver_Insider_Threat,78,6,Actions on Objectives,T0882,Theft of Operational Information,False,False,0.17550000000000002,0,0,0.01,1.0,4498.938792679378
Solver_Insider_Threat,79,0,Reconnaissance,T0842,Network Sniffing,True,False,0.025,0,0,0.11111111111111108,1.0,1028.6250000004147
Solver_Insider_Threat,79,1,Weaponization,T0820,Exploitation for Evasion,True,False,0.0735,0,0,0.015384615384615373,0.3333333333333333,2059.145187499695
Solver_Insider_Threat,79,2,Delivery,T0865,Spearphishing Attachment,False,False,0.07920000000000002,0,0,0.01,1.0,1590.6923499999323
Solver_Insider_Threat,79,3,Exploitation,T0863,User Execution,True,False,0.051750000000000004,0,0,0.01,1.0,3524.4245410546678
Solver_Insider_Threat,79,4,Installation,T0889,Modify Program,True,False,0.08640000000000002,0,0,0.01,1.0,4271.3229033994985
Solver_Insider_Threat,79,5,Command & Control,T0869,Standard Application Layer Protocol,True,False,0.0675,0,0,0.01,1.0,5615.848147505549
Solver_Insider_Threat,79,6,Actions on Objectives,T0882,Theft of Operational Information,False,False,0.17550000000000002,0,0,0.01,1.0,4498.9387926780155
Solver_Insider_Threat,80,0,Reconnaissance,T0842,Network Sniffing,False,False,0.025,0,0,0.11111111111111108,1.0,1028.6249999994986
Solver_Insider_Threat,80,1,Weaponization,T0818,Engineering Workstation Compromise,False,False,0.0315,0,0,0.015384615384615373,0.9914434523805126,1486.4727187507356
Solver_Insider_Threat,80,2,Delivery,T0865,Spearphishing Attachment,True,False,0.07920000000000002,0,0,0.01,1.0,1590.692349999709
Solver_Insider_Threat,80,3,Exploitation,T0863,User Execution,True,False,0.051750000000000004,0,0,0.01,1.0,3524.424541055334
Solver_Insider_Threat,80,4,Installation,T0889,Modify Program,False,False,0.08640000000000002,0,0,0.01,1.0,4271.322903399253
Solver_Insider_Threat,80,5,Command & Control,T0869,Standard Application Layer Protocol,True,False,0.0675,0,0,0.01,1.0,5615.848147504412
Solver_Insider_Threat,80,6,Actions on Objectives,T0882,Theft of Operational Information,False,True,0.17550000000000002,1,0,0.043478260869565216,1.0,4498.938792679018
Solver_Insider_Threat,81,0,Reconnaissance,T0842,Network Sniffing,True,False,0.025,0,0,0.11111111111111108,1.0,1028.6250000007744
Solver_Insider_Threat,81,1,Weaponization,T0818,Engineering Workstation Compromise,True,False,0.05670000000000001,0,0,0.015384615384615373,0.3333333333333333,1447.3008937499797
Solver_Insider_Threat,81,2,Delivery,T0865,Spearphishing Attachment,False,False,0.07920000000000002,0,0,0.01,1.0,1590.6923499996071
Solver_Insider_Threat,81,3,Exploitation,T0863,User Execution,True,False,0.051750000000000004,0,0,0.01,1.0,3524.424541054469
Solver_Insider_Threat,81,4,Installation,T0889,Modify Program,True,False,0.08640000000000002,0,0,0.01,1.0,4271.322903400423
Solver_Insider_Threat,81,5,Command & Control,T0869,Standard Application Layer Protocol,True,False,0.0675,0,0,0.01,1.0,5615.8481475049575
Solver_Insider_Threat,81,6,Actions on Objectives,T0882,Theft of Operational Information,False,False,0.17550000000000002,0,0,0.01,1.0,4498.938792678056
Solver_Insider_Threat,82,0,Reconnaissance,T0842,Network Sniffing,True,False,0.025,0,0,0.11111111111111108,1.0,1028.6249999993934
Solver_Insider_Threat,82,1,Weaponization,T0849,Masquerading,False,False,0.005250000000000001,0,0,0.015384615384615373,0.3333333333333333,1147.7911875000254
Solver_Insider_Threat,82,2,Delivery,T0865,Spearphishing Attachment,False,False,0.07920000000000002,0,0,0.01,1.0,1590.6923500001997
Solver_Insider_Threat,82,3,Exploitation,T0863,User Execution,True,False,0.051750000000000004,0,0,0.01,1.0,3524.424541053885
Solver_Insider_Threat,82,4,Installation,T0889,Modify Program,True,False,0.08640000000000002,0,0,0.01,1.0,4271.322903400544
Solver_Insider_Threat,82,5,Command & Control,T0869,Standard Application Layer Protocol,False,False,0.0675,0,0,0.01,1.0,5615.848147504808
Solver_Insider_Threat,82,6,Actions on Objectives,T0882,Theft of Operational Information,False,False,0.17550000000000002,0,0,0.01,1.0,4498.938792678204
Solver_Insider_Threat,83,0,Reconnaissance,T0842,Network Sniffing,True,True,0.025,1,0,0.8181818181818181,0.9999999999991345,1028.625000000018
Solver_Insider_Threat,84,0,Reconnaissance,T0842,Network Sniffing,True,False,0.025,0,0,0.11111111111111108,1.0,1028.6250000004345
Solver_Insider_Threat,84,1,Weaponization,T0818,Engineering Workstation Compromise,True,False,0.0063,0,0,0.015384615384615373,0.3333333333333333,1525.6445437494513
Solver_Insider_Threat,84,2,Delivery,T0865,Spearphishing Attachment,False,False,0.07920000000000002,0,0,0.01,1.0,1590.6923499995241
Solver_Insider_Threat,84,3,Exploitation,T0863,User Execution,True,False,0.051750000000000004,0,0,0.01,1.0,3524.424541054229
Solver_Insider_Threat,84,4,Installation,T0889,Modify Program,True,False,0.08640000000000002,0,0,0.01,1.0,4271.322903399969
Solver_Insider_Threat,84,5,Command & Control,T0869,Standard Application Layer Protocol,True,False,0.0675,0,0,0.01,1.0,5615.848147505568
Solver_Insider_Threat,84,6,Actions on Objectives,T0882,Theft of Operational Information,False,False,0.17550000000000002,0,0,0.01,1.0,4498.9387926787285
Solver_Insider_Threat,85,0,Reconnaissance,T0842,Network Sniffing,True,False,0.025,0,0,0.11111111111111108,1.0,1028.6250000001278
Solver_Insider_Threat,85,1,Weaponization,T0818,Engineering Workstation Compromise,True,False,0.05670000000000001,0,0,0.015384615384615373,0.3333333333333333,1447.300893750199
Solver_Insider_Threat,85,2,Delivery,T0865,Spearphishing Attachment,True,False,0.07920000000000002,0,0,0.01,1.0,1590.6923500000332
Solver_Insider_Threat,85,3,Exploitation,T0863,User Execution,True,False,0.051750000000000004,0,0,0.01,1.0,3524.4245410552935
Solver_Insider_Threat,85,4,Installation,T0889,Modify Program,True,False,0.08640000000000002,0,0,0.01,1.0,4271.322903400729
Solver_Insider_Threat,85,5,Command & Control,T0869,Standard Application Layer Protocol,False,False,0.0675,0,0,0.01,1.0,5615.848147505443
Solver_Insider_Threat,85,6,Actions on Objectives,T0882,Theft of Operational Information,False,False,0.17550000000000002,0,0,0.01,1.0,4498.938792678607
Solver_Insider_Threat,86,0,Reconnaissance,T0842,Network Sniffing,False,False,0.025,0,0,0.11111111111111108,0.9999999999982333,1028.624999999724
Solver_Insider_Threat,86,1,Weaponization,T0818,Engineering Workstation Compromise,True,False,0.0315,0,0,0.015384615384615373,0.3333333333333333,1486.4727187490773
Solver_Insider_Threat,86,2,Delivery,T0865,Spearphishing Attachment,True,False,0.07920000000000002,0,0,0.01,1.0,1590.692350000093
Solver_Insider_Threat,86,3,Exploitation,T0863,User Execution,True,False,0.051750000000000004,0,0,0.01,1.0,3524.4245410552417
Solver_Insider_Threat,86,4,Installation,T0889,Modify Program,True,False,0.08640000000000002,0,0,0.01,1.0,4271.322903399717
Solver_Insider_Threat,86,5,Command & Control,T0869,Standard Application Layer Protocol,True,False,0.0675,0,0,0.01,1.0,5615.848147504138
Solver_Insider_Threat,86,6,Actions on Objectives,T0882,Theft of Operational Information,True,False,0.17550000000000002,0,50,0.01,1.0,4498.938792678288
Solver_Insider_Threat,87,0,Reconnaissance,T0842,Network Sniffing,True,False,0.025,0,0,0.11111111111111108,1.0,1028.6249999995775
Solver_Insider_Threat,87,1,Weaponization,T0849,Masquerading,True,False,0.005250000000000001,0,0,0.015384615384615373,0.3333333333333333,1147.7911874995646
Solver_Insider_Threat,87,2,Delivery,T0865,Spearphishing Attachment,True,False,0.07920000000000002,0,0,0.01,1.0,1590.692349999356
Solver_Insider_Threat,87,3,Exploitation,T0863,User Execution,True,False,0.051750000000000004,0,0,0.01,1.0,3524.4245410551457
Solver_Insider_Threat,87,4,Installation,T0889,Modify Program,True,False,0.08640000000000002,0,0,0.01,1.0,4271.322903400513
Solver_Insider_Threat,87,5,Command & Control,T0869,Standard Application Layer Protocol,True,False,0.0675,0,0,0.01,1.0,5615.848147504824
Solver_Insider_Threat,87,6,Actions on Objectives,T0882,Theft of Operational Information,True,False,0.17550000000000002,0,50,0.01,1.0,4498.938792678849
Solver_Insider_Threat,88,0,Reconnaissance,T0842,Network Sniffing,True,False,0.025,0,0,0.11111111111111108,1.0,1028.6250000008552
Solver_Insider_Threat,88,1,Weaponization,T0849,Masquerading,False,False,0.04725000000000001,0,0,0.015384615384615373,0.3333333333333333,1096.1206875005778
Solver_Insider_Threat,88,2,Delivery,T0865,Spearphishing Attachment,True,False,0.07920000000000002,0,0,0.01,1.0,1590.6923499999532
Solver_Insider_Threat,88,3,Exploitation,T0863,User Execution,True,False,0.051750000000000004,0,0,0.01,1.0,3524.4245410547474
Solver_Insider_Threat,88,4,Installation,T0889,Modify Program,True,False,0.08640000000000002,0,0,0.01,1.0,4271.322903400475
Solver_Insider_Threat,88,5,Command & Control,T0869,Standard Application Layer Protocol,True,False,0.0675,0,0,0.01,1.0,5615.848147504198
Solver_Insider_Threat,88,6,Actions on Objectives,T0882,Theft of Operational Information,True,False,0.17550000000000002,0,50,0.01,1.0,4498.938792678672
Solver_Insider_Threat,89,0,Reconnaissance,T0842,Network Sniffing,True,False,0.045000000000000005,0,0,0.11111111111111108,0.3333333333333333,1007.5249999993616
Solver_Insider_Threat,89,1,Weaponization,T0818,Engineering Workstation Compromise,True,False,0.0315,0,0,0.015384615384615373,0.3333333333333333,1486.472718750317
Solver_Insider_Threat,89,2,Delivery,T0865,Spearphishing Attachment,True,False,0.07920000000000002,0,0,0.01,1.0,1590.6923499998536
Solver_Insider_Threat,89,3,Exploitation,T0863,User Execution,True,False,0.051750000000000004,0,0,0.01,1.0,3524.424541055143
Solver_Insider_Threat,89,4,Installation,T0889,Modify Program,True,False,0.08640000000000002,0,0,0.01,1.0,4271.322903399786
Solver_Insider_Threat,89,5,Command & Control,T0869,Standard Application Layer Protocol,True,False,0.0675,0,0,0.01,1.0,5615.848147504559
Solver_Insider_Threat,89,6,Actions on Objectives,T0882,Theft of Operational Information,False,False,0.17550000000000002,0,0,0.01,1.0,4498.9387926790905
Solver_Insider_Threat,90,0,Reconnaissance,T0842,Network Sniffing,True,False,0.025,0,0,0.11111111111111108,1.0,1028.6250000000498
Solver_Insider_Threat,90,1,Weaponization,T0818,Engineering Workstation Compromise,False,False,0.0063,0,0,0.015384615384615373,0.3333333333333333,1525.6445437501827
Solver_Insider_Threat,90,2,Delivery,T0865,Spearphishing Attachment,True,False,0.07920000000000002,0,0,0.01,1.0,1590.6923500006699
Solver_Insider_Threat,90,3,Exploitation,T0863,User Execution,True,False,0.051750000000000004,0,0,0.01,1.0,3524.42454105537
Solver_Insider_Threat,90,4,Installation,T0889,Modify Program,False,True,0.08640000000000002,1,0,0.043478260869565216,1.0,4271.322903400751
Solver_Insider_Threat,91,0,Reconnaissance,T0842,Network Sniffing,True,False,0.025,0,0,0.11111111111111108,1.0,1028.625000000058
Solver_Insider_Threat,91,1,Weaponization,T0820,Exploitation for Evasion,True,False,0.3675,0,0,0.015384615384615373,0.3333333333333333,1508.2259375007807
Solver_Insider_Threat,91,2,Delivery,T0865,Spearphishing Attachment,True,False,0.07920000000000002,0,0,0.01,1.0,1590.6923499994518
Solver_Insider_Threat,91,3,Exploitation,T0863,User Execution,True,False,0.051750000000000004,0,0,0.01,1.0,3524.424541055401
Solver_Insider_Threat,91,4,Installation,T0889,Modify Program,True,True,0.08640000000000002,1,0,0.043478260869565216,1.0,4271.322903399402
Solver_Insider_Threat,92,0,Reconnaissance,T0842,Network Sniffing,True,False,0.025,0,0,0.11111111111111108,1.0,1028.624999999149
Solver_Insider_Threat,92,1,Weaponization,T0818,Engineering Workstation Compromise,True,False,0.0315,0,0,0.015384615384615373,0.9914434523801816,1486.472718750682
Solver_Insider_Threat,92,2,Delivery,T0865,Spearphishing Attachment,True,False,0.07920000000000002,0,0,0.01,1.0,1590.6923500004932
Solver_Insider_Threat,92,3,Exploitation,T0863,User Execution,False,False,0.051750000000000004,0,0,0.01,1.0,3524.424541054327
Solver_Insider_Threat,92,4,Installation,T0889,Modify Program,True,False,0.08640000000000002,0,0,0.01,1.0,4271.3229033996
Solver_Insider_Threat,92,5,Command & Control,T0869,Standard Application Layer Protocol,True,False,0.0675,0,0,0.01,1.0,5615.848147504755
Solver_Insider_Threat,92,6,Actions on Objectives,T0882,Theft of Operational Information,False,False,0.17550000000000002,0,0,0.01,1.0,4498.938792678363
Solver_Insider_Threat,93,0,Reconnaissance,T0842,Network Sniffing,True,False,0.025,0,0,0.11111111111111108,0.9999999999945934,1028.6250000000134
Solver_Insider_Threat,93,1,Weaponization,T0820,Exploitation for Evasion,True,True,0.3675,1,0,0.35999999999999993,0.3333333333333333,1508.2259375000287
Solver_Insider_Threat,94,0,Reconnaissance,T0842,Network Sniffing,True,False,0.025,0,0,0.11111111111111108,1.0,1028.6250000008044
Solver_Insider_Threat,94,1,Weaponization,T0818,Engineering Workstation Compromise,True,False,0.0315,0,0,0.015384615384615373,0.9914434523829231,1486.472718749522
Solver_Insider_Threat,94,2,Delivery,T0865,Spearphishing Attachment,False,False,0.07920000000000002,0,0,0.01,1.0,1590.6923499991665
Solver_Insider_Threat,94,3,Exploitation,T0863,User Execution,True,False,0.051750000000000004,0,0,0.01,1.0,3524.4245410539856
Solver_Insider_Threat,94,4,Installation,T0889,Modify Program,False,False,0.08640000000000002,0,0,0.01,1.0,4271.322903399937
Solver_Insider_Threat,94,5,Command & Control,T0869,Standard Application Layer Protocol,True,False,0.0675,0,0,0.01,1.0,5615.848147505339
Solver_Insider_Threat,94,6,Actions on Objectives,T0882,Theft of Operational Information,True,True,0.17550000000000002,1,0,0.043478260869565216,1.0,4498.938792679462
Solver_Insider_Threat,95,0,Reconnaissance,T0842,Network Sniffing,False,False,0.025,0,0,0.11111111111111108,0.999999999999759,1028.6250000002565
Solver_Insider_Threat,95,1,Weaponization,T0849,Masquerading,False,False,0.026250000000000002,0,0,0.015384615384615373,0.3333333333333333,1121.9559375008857
Solver_Insider_Threat,95,2,Delivery,T0865,Spearphishing Attachment,True,False,0.07920000000000002,0,0,0.01,1.0,1590.6923499999948
Solver_Insider_Threat,95,3,Exploitation,T0863,User Execution,True,False,0.051750000000000004,0,0,0.01,1.0,3524.4245410553735
Solver_Insider_Threat,95,4,Installation,T0889,Modify Program,True,False,0.08640000000000002,0,0,0.01,1.0,4271.322903399243
Solver_Insider_Threat,95,5,Command & Control,T0869,Standard Application Layer Protocol,True,False,0.0675,0,0,0.01,1.0,5615.848147504368
Solver_Insider_Threat,95,6,Actions on Objectives,T0882,Theft of Operational Information,True,False,0.17550000000000002,0,50,0.01,1.0,4498.938792679166
Solver_Insider_Threat,96,0,Reconnaissance,T0842,Network Sniffing,True,False,0.025,0,0,0.11111111111111108,0.9999999999970669,1028.6250000004736
Solver_Insider_Threat,96,1,Weaponization,T0820,Exploitation for Evasion,True,False,0.3675,0,0,0.015384615384615373,0.3333333333333333,1508.225937499435
Solver_Insider_Threat,96,2,Delivery,T0865,Spearphishing Attachment,True,False,0.07920000000000002,0,0,0.01,1.0,1590.6923500006556
Solver_Insider_Threat,96,3,Exploitation,T0863,User Execution,True,False,0.051750000000000004,0,0,0.01,1.0,3524.4245410541234
Solver_Insider_Threat,96,4,Installation,T0889,Modify Program,True,False,0.08640000000000002,0,0,0.01,1.0,4271.322903399462
Solver_Insider_Threat,96,5,Command & Control,T0869,Standard Application Layer Protocol,True,False,0.0675,0,0,0.01,1.0,5615.848147505465
Solver_Insider_Threat,96,6,Actions on Objectives,T0882,Theft of Operational Information,True,True,0.17550000000000002,1,0,0.043478260869565216,1.0,4498.9387926785785
Solver_Insider_Threat,97,0,Reconnaissance,T0842,Network Sniffing,True,False,0.025,0,0,0.11111111111111108,0.9999999999960308,1028.6249999999814
Solver_Insider_Threat,97,1,Weaponization,T0818,Engineering Workstation Compromise,True,False,0.0315,0,0,0.015384615384615373,0.3333333333333333,1486.4727187508613
Solver_Insider_Threat,97,2,Delivery,T0865,Spearphishing Attachment,True,False,0.07920000000000002,0,0,0.01,1.0,1590.6923500000946
Solver_Insider_Threat,97,3,Exploitation,T0863,User Execution,True,False,0.051750000000000004,0,0,0.01,1.0,3524.4245410545695
Solver_Insider_Threat,97,4,Installation,T0889,Modify Program,True,False,0.08640000000000002,0,0,0.01,1.0,4271.322903399506
Solver_Insider_Threat,97,5,Command & Control,T0869,Standard Application Layer Protocol,True,True,0.0675,1,0,0.043478260869565216,1.0,5615.848147504447
Solver_Insider_Threat,98,0,Reconnaissance,T0842,Network Sniffing,True,False,0.025,0,0,0.11111111111111108,1.0,1028.6250000004381
Solver_Insider_Threat,98,1,Weaponization,T0818,Engineering Workstation Compromise,True,False,0.0315,0,0,0.015384615384615373,0.9914434523816812,1486.4727187503509
Solver_Insider_Threat,98,2,Delivery,T0865,Spearphishing Attachment,True,False,0.07920000000000002,0,0,0.01,1.0,1590.6923500007676
Solver_Insider_Threat,98,3,Exploitation,T0863,User Execution,True,False,0.051750000000000004,0,0,0.01,1.0,3524.4245410548947
Solver_Insider_Threat,98,4,Installation,T0889,Modify Program,True,False,0.08640000000000002,0,0,0.01,1.0,4271.322903399812
Solver_Insider_Threat,98,5,Command & Control,T0869,Standard Application Layer Protocol,False,True,0.0675,1,0,0.043478260869565216,1.0,5615.848147504331
Solver_Insider_Threat,99,0,Reconnaissance,T0887,Wireless Sniffing,True,True,0.4,1,0,0.8181818181818181,0.3333333333333333,1025.9999999998784
Solver_Insider_Threat,100,0,Reconnaissance,T0842,Network Sniffing,True,False,0.025,0,0,0.11111111111111108,1.0,1028.6250000006685
Solver_Insider_Threat,100,1,Weaponization,T0849,Masquerading,False,False,0.026250000000000002,0,0,0.015384615384615373,0.3333333333333333,1121.9559374991966
Solver_Insider_Threat,100,2,Delivery,T0865,Spearphishing Attachment,True,False,0.07920000000000002,0,0,0.01,1.0,1590.6923500004805
Solver_Insider_Threat,100,3,Exploitation,T0863,User Execution,True,False,0.051750000000000004,0,0,0.01,1.0,3524.424541054027
Solver_Insider_Threat,100,4,Installation,T0889,Modify Program,True,False,0.08640000000000002,0,0,0.01,1.0,4271.32290339948
Solver_Insider_Threat,100,5,Command & Control,T0869,Standard Application Layer Protocol,False,False,0.0675,0,0,0.01,1.0,5615.848147505346
Solver_Insider_Threat,100,6,Actions on Objectives,T0882,Theft of Operational Information,True,True,0.17550000000000002,1,0,0.043478260869565216,1.0,4498.938792679469
Solver_Insider_Threat,101,0,Reconnaissance,T0842,Network Sniffing,True,False,0.025,0,0,0.11111111111111108,1.0,1028.624999999274
Solver_Insider_Threat,101,1,Weaponization,T0818,Engineering Workstation Compromise,True,False,0.0315,0,0,0.015384615384615373,0.3333333333333333,1486.472718750668
Solver_Insider_Threat,101,2,Delivery,T0865,Spearphishing Attachment,True,False,0.07920000000000002,0,0,0.01,1.0,1590.6923499995419
Solver_Insider_Threat,101,3,Exploitation,T0863,User Execution,True,False,0.051750000000000004,0,0,0.01,1.0,3524.424541054434
Solver_Insider_Threat,101,4,Installation,T0889,Modify Program,True,True,0.08640000000000002,1,0,0.043478260869565216,1.0,4271.322903399297
Solver_Insider_Threat,102,0,Reconnaissance,T0842,Network Sniffing,False,False,0.025,0,0,0.11111111111111108,1.0,1028.6250000009188
Solver_Insider_Threat,102,1,Weaponization,T0820,Exploitation for Evasion,True,False,0.0735,0,0,0.015384615384615373,0.3333333333333333,2059.1451874998206
Solver_Insider_Threat,102,2,Delivery,T0865,Spearphishing Attachment,True,False,0.07920000000000002,0,0,0.01,1.0,1590.6923499994418
Solver_Insider_Threat,102,3,Exploitation,T0863,User Execution,True,False,0.051750000000000004,0,0,0.01,1.0,3524.4245410542053
Solver_Insider_Threat,102,4,Installation,T0889,Modify Program,False,False,0.08640000000000002,0,0,0.01,1.0,4271.322903400388
Solver_Insider_Threat,102,5,Command & Control,T0869,Standard Application Layer Protocol,True,False,0.0675,0,0,0.01,1.0,5615.848147504612
Solver_Insider_Threat,102,6,Actions on Objectives,T0882,Theft of Operational Information,True,False,0.17550000000000002,0,50,0.01,1.0,4498.938792678695
Solver_Insider_Threat,103,0,Reconnaissance,T0842,Network Sniffing,True,False,0.025,0,0,0.11111111111111108,1.0,1028.6249999996858
Solver_Insider_Threat,103,1,Weaponization,T0818,Engineering Workstation Compromise,False,False,0.05670000000000001,0,0,0.015384615384615373,0.3333333333333333,1447.300893749778
Solver_Insider_Threat,103,2,Delivery,T0865,Spearphishing Attachment,True,False,0.07920000000000002,0,0,0.01,1.0,1590.6923499992715
Solver_Insider_Threat,103,3,Exploitation,T0863,User Execution,True,False,0.051750000000000004,0,0,0.01,1.0,3524.4245410541416
Solver_Insider_Threat,103,4,Installation,T0889,Modify Program,True,False,0.08640000000000002,0,0,0.01,1.0,4271.322903399429
Solver_Insider_Threat,103,5,Command & Control,T0869,Standard Application Layer Protocol,True,True,0.0675,1,0,0.043478260869565216,1.0,5615.848147505443
Solver_Insider_Threat,104,0,Reconnaissance,T0842,Network Sniffing,True,False,0.025,0,0,0.11111111111111108,1.0,1028.6250000005527
Solver_Insider_Threat,104,1,Weaponization,T0820,Exploitation for Evasion,True,False,0.0735,0,0,0.015384615384615373,0.3333333333333333,2059.145187499164
Solver_Insider_Threat,104,2,Delivery,T0865,Spearphishing Attachment,False,False,0.07920000000000002,0,0,0.01,1.0,1590.6923499996064
Solver_Insider_Threat,104,3,Exploitation,T0863,User Execution,True,False,0.051750000000000004,0,0,0.01,1.0,3524.424541055492
Solver_Insider_Threat,104,4,Installation,T0889,Modify Program,False,False,0.08640000000000002,0,0,0.01,1.0,4271.322903400301
Solver_Insider_Threat,104,5,Command & Control,T0869,Standard Application Layer Protocol,True,False,0.0675,0,0,0.01,1.0,5615.848147504426
Solver_Insider_Threat,104,6,Actions on Objectives,T0882,Theft of Operational Information,False,True,0.17550000000000002,1,0,0.043478260869565216,1.0,4498.9387926781255
Solver_Insider_Threat,105,0,Reconnaissance,T0842,Network Sniffing,True,False,0.025,0,0,0.11111111111111108,1.0,1028.6249999990343
Solver_Insider_Threat,105,1,Weaponization,T0818,Engineering Workstation Compromise,True,False,0.0063,0,0,0.015384615384615373,0.3333333333333333,1525.6445437491745
Solver_Insider_Threat,105,2,Delivery,T0865,Spearphishing Attachment,False,False,0.07920000000000002,0,0,0.01,1.0,1590.6923500006747
Solver_Insider_Threat,105,3,Exploitation,T0863,User Execution,True,False,0.051750000000000004,0,0,0.01,1.0,3524.424541053885
Solver_Insider_Threat,105,4,Installation,T0889,Modify Program,False,False,0.08640000000000002,0,0,0.01,1.0,4271.322903400745
Solver_Insider_Threat,105,5,Command & Control,T0869,Standard Application Layer Protocol,True,False,0.0675,0,0,0.01,1.0,5615.848147505057
Solver_Insider_Threat,105,6,Actions on Objectives,T0882,Theft of Operational Information,True,False,0.17550000000000002,0,50,0.01,1.0,4498.938792678926
Solver_Insider_Threat,106,0,Reconnaissance,T0842,Network Sniffing,True,False,0.025,0,0,0.11111111111111108,1.0,1028.6250000005198
Solver_Insider_Threat,106,1,Weaponization,T0818,Engineering Workstation Compromise,True,False,0.0063,0,0,0.015384615384615373,0.3333333333333333,1525.6445437497246
Solver_Insider_Threat,106,2,Delivery,T0865,Spearphishing Attachment,True,False,0.07920000000000002,0,0,0.01,1.0,1590.692349999228
Solver_Insider_Threat,106,3,Exploitation,T0863,User Execution,True,False,0.051750000000000004,0,0,0.01,1.0,3524.4245410542435
Solver_Insider_Threat,106,4,Installation,T0889,Modify Program,True,False,0.08640000000000002,0,0,0.01,1.0,4271.322903400171
Solver_Insider_Threat,106,5,Command & Control,T0869,Standard Application Layer Protocol,False,False,0.0675,0,0,0.01,1.0,5615.848147505619
Solver_Insider_Threat,106,6,Actions on Objectives,T0882,Theft of Operational Information,True,False,0.17550000000000002,0,50,0.01,1.0,4498.938792678624
Solver_Insider_Threat,107,0,Reconnaissance,T0842,Network Sniffing,True,False,0.025,0,0,0.11111111111111108,0.9999999999955879,1028.6250000001378
Solver_Insider_Threat,107,1,Weaponization,T0849,Masquerading,False,False,0.04725000000000001,0,0,0.015384615384615373,0.3333333333333333,1096.1206874998695
Solver_Insider_Threat,107,2,Delivery,T0865,Spearphishing Attachment,False,False,0.07920000000000002,0,0,0.01,1.0,1590.6923500008777
Solver_Insider_Threat,107,3,Exploitation,T0863,User Execution,True,False,0.051750000000000004,0,0,0.01,1.0,3524.4245410545986
Solver_Insider_Threat,107,4,Installation,T0889,Modify Program,False,False,0.08640000000000002,0,0,0.01,1.0,4271.322903399609
Solver_Insider_Threat,107,5,Command & Control,T0869,Standard Application Layer Protocol,True,False,0.0675,0,0,0.01,1.0,5615.848147504459
Solver_Insider_Threat,107,6,Actions on Objectives,T0882,Theft of Operational Information,True,False,0.17550000000000002,0,50,0.01,1.0,4498.938792679432
Solver_Insider_Threat,108,0,Reconnaissance,T0842,Network Sniffing,True,False,0.025,0,0,0.11111111111111108,0.9999999999965583,1028.6249999994657
Solver_Insider_Threat,108,1,Weaponization,T0818,Engineering Workstation Compromise,True,False,0.0315,0,0,0.015384615384615373,0.991443452378331,1486.4727187497833
Solver_Insider_Threat,108,2,Delivery,T0865,Spearphishing Attachment,True,False,0.07920000000000002,0,0,0.01,1.0,1590.692350000587
Solver_Insider_Threat,108,3,Exploitation,T0863,User Execution,True,False,0.051750000000000004,0,0,0.01,1.0,3524.424541054597
Solver_Insider_Threat,108,4,Installation,T0889,Modify Program,True,False,0.08640000000000002,0,0,0.01,1.0,4271.32290340019
Solver_Insider_Threat,108,5,Command & Control,T0869,Standard Application Layer Protocol,False,False,0.0675,0,0,0.01,1.0,5615.848147505144
Solver_Insider_Threat,108,6,Actions on Objectives,T0882,Theft of Operational Information,False,False,0.17550000000000002,0,0,0.01,1.0,4498.938792679003
Solver_Insider_Threat,109,0,Reconnaissance,T0842,Network Sniffing,True,True,0.025,1,0,0.8181818181818181,0.9999999999989522,1028.624999999594
Solver_Insider_Threat,110,0,Reconnaissance,T0842,Network Sniffing,True,False,0.025,0,0,0.11111111111111108,1.0,1028.6250000003981
Solver_Insider_Threat,110,1,Weaponization,T0818,Engineering Workstation Compromise,True,False,0.0315,0,0,0.015384615384615373,0.3333333333333333,1486.4727187494418
Solver_Insider_Threat,110,2,Delivery,T0865,Spearphishing Attachment,True,False,0.07920000000000002,0,0,0.01,1.0,1590.6923499995594
Solver_Insider_Threat,110,3,Exploitation,T0863,User Execution,True,False,0.051750000000000004,0,0,0.01,1.0,3524.424541055058
Solver_Insider_Threat,110,4,Installation,T0889,Modify Program,True,False,0.08640000000000002,0,0,0.01,1.0,4271.322903400548
Solver_Insider_Threat,110,5,Command & Control,T0869,Standard Application Layer Protocol,False,False,0.0675,0,0,0.01,1.0,5615.848147505144
Solver_Insider_Threat,110,6,Actions on Objectives,T0882,Theft of Operational Information,True,False,0.17550000000000002,0,50,0.01,1.0,4498.938792678286
Solver_Insider_Threat,111,0,Reconnaissance,T0842,Network Sniffing,True,False,0.025,0,0,0.11111111111111108,0.9999999999977649,1028.6250000008456
Solver_Insider_Threat,111,1,Weaponization,T0849,Masquerading,True,True,0.026250000000000002,1,0,0.35999999999999993,0.3333333333333333,1121.9559375005003
Solver_Insider_Threat,112,0,Reconnaissance,T0842,Network Sniffing,True,False,0.025,0,0,0.11111111111111108,1.0,1028.6249999994998
Solver_Insider_Threat,112,1,Weaponization,T0849,Masquerading,False,False,0.026250000000000002,0,0,0.015384615384615373,0.3333333333333333,1121.9559375006
Solver_Insider_Threat,112,2,Delivery,T0865,Spearphishing Attachment,True,False,0.07920000000000002,0,0,0.01,1.0,1590.692350000507
Solver_Insider_Threat,112,3,Exploitation,T0863,User Execution,True,False,0.051750000000000004,0,0,0.01,1.0,3524.4245410538965
Solver_Insider_Threat,112,4,Installation,T0889,Modify Program,True,False,0.08640000000000002,0,0,0.01,1.0,4271.3229034000415
Solver_Insider_Threat,112,5,Command & Control,T0869,Standard Application Layer Protocol,True,False,0.0675,0,0,0.01,1.0,5615.84814750512
Solver_Insider_Threat,112,6,Actions on Objectives,T0882,Theft of Operational Information,True,False,0.17550000000000002,0,50,0.01,1.0,4498.93879267868
Solver_Insider_Threat,113,0,Reconnaissance,T0842,Network Sniffing,True,False,0.025,0,0,0.11111111111111108,1.0,1028.6250000007415
Solver_Insider_Threat,113,1,Weaponization,T0849,Masquerading,False,False,0.04725000000000001,0,0,0.015384615384615373,0.3333333333333333,1096.1206874998152
Solver_Insider_Threat,113,2,Delivery,T0865,Spearphishing Attachment,True,False,0.07920000000000002,0,0,0.01,1.0,1590.6923500006744
Solver_Insider_Threat,113,3,Exploitation,T0863,User Execution,True,True,0.051750000000000004,1,0,0.043478260869565216,1.0,3524.4245410553267
Solver_Insider_Threat,114,0,Reconnaissance,T0842,Network Sniffing,True,False,0.025,0,0,0.11111111111111108,1.0,1028.6250000003527
Solver_Insider_Threat,114,1,Weaponization,T0820,Exploitation for Evasion,True,True,0.6615000000000001,1,0,0.35999999999999993,0.3333333333333333,957.3066874996506
Solver_Insider_Threat,115,0,Reconnaissance,T0842,Network Sniffing,True,False,0.025,0,0,0.11111111111111108,0.9999999999997147,1028.6249999992713
Solver_Insider_Threat,115,1,Weaponization,T0818,Engineering Workstation Compromise,False,False,0.0315,0,0,0.015384615384615373,0.3333333333333333,1486.472718750827
Solver_Insider_Threat,115,2,Delivery,T0865,Spearphishing Attachment,False,False,0.07920000000000002,0,0,0.01,1.0,1590.692350000308
Solver_Insider_Threat,115,3,Exploitation,T0863,User Execution,True,False,0.051750000000000004,0,0,0.01,1.0,3524.424541054228
Solver_Insider_Threat,115,4,Installation,T0889,Modify Program,True,False,0.08640000000000002,0,0,0.01,1.0,4271.322903399726
Solver_Insider_Threat,115,5,Command & Control,T0869,Standard Application Layer Protocol,True,False,0.0675,0,0,0.01,1.0,5615.848147504505
Solver_Insider_Threat,115,6,Actions on Objectives,T0882,Theft of Operational Information,True,False,0.17550000000000002,0,50,0.01,1.0,4498.938792678445
Solver_Insider_Threat,116,0,Reconnaissance,T0842,Network Sniffing,True,False,0.025,0,0,0.11111111111111108,1.0,1028.6249999997287
Solver_Insider_Threat,116,1,Weaponization,T0818,Engineering Workstation Compromise,True,False,0.0315,0,0,0.015384615384615373,0.9914434523802806,1486.4727187505769
Solver_Insider_Threat,116,2,Delivery,T0865,Spearphishing Attachment,False,False,0.07920000000000002,0,0,0.01,1.0,1590.6923500004318
Solver_Insider_Threat,116,3,Exploitation,T0863,User Execution,True,False,0.051750000000000004,0,0,0.01,1.0,3524.424541054746
Solver_Insider_Threat,116,4,Installation,T0889,Modify Program,True,False,0.08640000000000002,0,0,0.01,1.0,4271.322903400345
Solver_Insider_Threat,116,5,Command & Control,T0869,Standard Application Layer Protocol,True,False,0.0675,0,0,0.01,1.0,5615.848147505537
Solver_Insider_Threat,116,6,Actions on Objectives,T0882,Theft of Operational Information,True,False,0.17550000000000002,0,50,0.01,1.0,4498.938792678648
Solver_Insider_Threat,117,0,Reconnaissance,T0842,Network Sniffing,False,False,0.025,0,0,0.11111111111111108,0.9999999999951058,1028.6249999994773
Solver_Insider_Threat,117,1,Weaponization,T0849,Masquerading,True,False,0.04725000000000001,0,0,0.015384615384615373,0.3333333333333333,1096.1206874999612
Solver_Insider_Threat,117,2,Delivery,T0865,Spearphishing Attachment,True,True,0.07920000000000002,1,0,0.06569343065693425,1.0,1590.6923500004182
Solver_Insider_Threat,118,0,Reconnaissance,T0842,Network Sniffing,True,False,0.025,0,0,0.11111111111111108,0.9999999999989363,1028.6250000004059
Solver_Insider_Threat,118,1,Weaponization,T0820,Exploitation for Evasion,True,False,0.3675,0,0,0.015384615384615373,0.3333333333333333,1508.225937499307
Solver_Insider_Threat,118,2,Delivery,T0865,Spearphishing Attachment,False,False,0.07920000000000002,0,0,0.01,1.0,1590.6923499992943
Solver_Insider_Threat,118,3,Exploitation,T0863,User Execution,True,False,0.051750000000000004,0,0,0.01,1.0,3524.424541054834
Solver_Insider_Threat,118,4,Installation,T0889,Modify Program,True,False,0.08640000000000002,0,0,0.01,1.0,4271.322903400229
Solver_Insider_Threat,118,5,Command & Control,T0869,Standard Application Layer Protocol,True,False,0.0675,0,0,0.01,1.0,5615.8481475046065
Solver_Insider_Threat,118,6,Actions on Objectives,T0882,Theft of Operational Information,True,False,0.17550000000000002,0,50,0.01,1.0,4498.938792678024
Solver_Insider_Threat,119,0,Reconnaissance,T0842,Network Sniffing,True,False,0.025,0,0,0.11111111111111108,1.0,1028.6250000005632
Solver_Insider_Threat,119,1,Weaponization,T0820,Exploitation for Evasion,True,True,0.3675,1,0,0.35999999999999993,0.3333333333333333,1508.2259374997188
Solver_Insider_Threat,120,0,Reconnaissance,T0842,Network Sniffing,True,False,0.005000000000000001,0,0,0.11111111111111108,0.3333333333333333,1049.724999999273
Solver_Insider_Threat,120,1,Weaponization,T0849,Masquerading,True,False,0.04725000000000001,0,0,0.015384615384615373,0.3333333333333333,1096.120687499925
Solver_Insider_Threat,120,2,Delivery,T0865,Spearphishing Attachment,True,False,0.07920000000000002,0,0,0.01,1.0,1590.692349999209
Solver_Insider_Threat,120,3,Exploitation,T0863,User Execution,True,False,0.051750000000000004,0,0,0.01,1.0,3524.4245410555195
Solver_Insider_Threat,120,4,Installation,T0889,Modify Program,True,False,0.08640000000000002,0,0,0.01,1.0,4271.322903399963
Solver_Insider_Threat,120,5,Command & Control,T0869,Standard Application Layer Protocol,True,False,0.0675,0,0,0.01,1.0,5615.848147505199
Solver_Insider_Threat,120,6,Actions on Objectives,T0882,Theft of Operational Information,False,False,0.17550000000000002,0,0,0.01,1.0,4498.938792679154
Solver_Insider_Threat,121,0,Reconnaissance,T0887,Wireless Sniffing,True,False,0.08000000000000002,0,0,0.11111111111111108,0.3333333333333333,1387.6000000002314
Solver_Insider_Threat,121,1,Weaponization,T0849,Masquerading,False,False,0.04725000000000001,0,0,0.015384615384615373,0.3333333333333333,1096.1206875006808
Solver_Insider_Threat,121,2,Delivery,T0865,Spearphishing Attachment,True,True,0.07920000000000002,1,0,0.06569343065693425,1.0,1590.6923500003131
Solver_Insider_Threat,122,0,Reconnaissance,T0888,Remote System Information Discovery,True,False,0.03,0,0,0.11111111111111108,0.3333333333333333,973.9375000004815
Solver_Insider_Threat,122,1,Weaponization,T0818,Engineering Workstation Compromise,True,False,0.0315,0,0,0.015384615384615373,0.3333333333333333,1486.4727187503574
Solver_Insider_Threat,122,2,Delivery,T0865,Spearphishing Attachment,False,False,0.07920000000000002,0,0,0.01,1.0,1590.692349999149
Solver_Insider_Threat,122,3,Exploitation,T0863,User Execution,True,False,0.051750000000000004,0,0,0.01,1.0,3524.4245410548247
Solver_Insider_Threat,122,4,Installation,T0889,Modify Program,True,False,0.08640000000000002,0,0,0.01,1.0,4271.322903399358
Solver_Insider_Threat,122,5,Command & Control,T0869,Standard Application Layer Protocol,False,False,0.0675,0,0,0.01,1.0,5615.848147504171
Solver_Insider_Threat,122,6,Actions on Objectives,T0882,Theft of Operational Information,True,True,0.17550000000000002,1,0,0.043478260869565216,1.0,4498.938792679337
Solver_Insider_Threat,123,0,Reconnaissance,T0842,Network Sniffing,True,False,0.025,0,0,0.11111111111111108,0.9999999999948511,1028.624999999953
Solver_Insider_Threat,123,1,Weaponization,T0849,Masquerading,True,False,0.005250000000000001,0,0,0.015384615384615373,0.3333333333333333,1147.791187500031
Solver_Insider_Threat,123,2,Delivery,T0865,Spearphishing Attachment,True,False,0.07920000000000002,0,0,0.01,1.0,1590.6923500006355
Solver_Insider_Threat,123,3,Exploitation,T0863,User Execution,True,False,0.051750000000000004,0,0,0.01,1.0,3524.4245410543176
Solver_Insider_Threat,123,4,Installation,T0889,Modify Program,True,False,0.08640000000000002,0,0,0.01,1.0,4271.322903399951
Solver_Insider_Threat,123,5,Command & Control,T0869,Standard Application Layer Protocol,True,False,0.0675,0,0,0.01,1.0,5615.848147504623
Solver_Insider_Threat,123,6,Actions on Objectives,T0882,Theft of Operational Information,False,False,0.17550000000000002,0,0,0.01,1.0,4498.9387926794725
Solver_Insider_Threat,124,0,Reconnaissance,T0842,Network Sniffing,False,False,0.025,0,0,0.11111111111111108,1.0,1028.6250000003508
Solver_Insider_Threat,124,1,Weaponization,T0849,Masquerading,True,False,0.04725000000000001,0,0,0.015384615384615373,0.3333333333333333,1096.1206874996037
Solver_Insider_Threat,124,2,Delivery,T0865,Spearphishing Attachment,False,False,0.07920000000000002,0,0,0.01,1.0,1590.692350000402
Solver_Insider_Threat,124,3,Exploitation,T0863,User Execution,True,False,0.051750000000000004,0,0,0.01,1.0,3524.4245410551825
Solver_Insider_Threat,124,4,Installation,T0889,Modify Program,True,True,0.08640000000000002,1,0,0.043478260869565216,1.0,4271.322903400693
Solver_Insider_Threat,125,0,Reconnaissance,T0842,Network Sniffing,True,False,0.025,0,0,0.11111111111111108,0.9999999999996547,1028.6249999999577
Solver_Insider_Threat,125,1,Weaponization,T0818,Engineering Workstation Compromise,True,False,0.0315,0,0,0.015384615384615373,0.9914434523807715,1486.4727187495569
Solver_Insider_Threat,125,2,Delivery,T0865,Spearphishing Attachment,False,False,0.07920000000000002,0,0,0.01,1.0,1590.6923500007235
Solver_Insider_Threat,125,3,Exploitation,T0863,User Execution,False,False,0.051750000000000004,0,0,0.01,1.0,3524.4245410542508
Solver_Insider_Threat,125,4,Installation,T0889,Modify Program,True,False,0.08640000000000002,0,0,0.01,1.0,4271.322903399758
Solver_Insider_Threat,125,5,Command & Control,T0869,Standard Application Layer Protocol,True,False,0.0675,0,0,0.01,1.0,5615.848147504981
Solver_Insider_Threat,125,6,Actions on Objectives,T0882,Theft of Operational Information,False,False,0.17550000000000002,0,0,0.01,1.0,4498.938792679088
Solver_Insider_Threat,126,0,Reconnaissance,T0842,Network Sniffing,True,True,0.025,1,0,0.8181818181818181,1.0,1028.6249999996703
Solver_Insider_Threat,127,0,Reconnaissance,T0842,Network Sniffing,True,False,0.025,0,0,0.11111111111111108,1.0,1028.6249999993563
Solver_Insider_Threat,127,1,Weaponization,T0818,Engineering Workstation Compromise,True,False,0.0315,0,0,0.015384615384615373,0.9914434523823957,1486.472718749485
Solver_Insider_Threat,127,2,Delivery,T0865,Spearphishing Attachment,True,False,0.07920000000000002,0,0,0.01,1.0,1590.692349999245
Solver_Insider_Threat,127,3,Exploitation,T0863,User Execution,True,False,0.051750000000000004,0,0,0.01,1.0,3524.4245410553003
Solver_Insider_Threat,127,4,Installation,T0889,Modify Program,True,True,0.08640000000000002,1,0,0.043478260869565216,1.0,4271.322903400771
Solver_Insider_Threat,128,0,Reconnaissance,T0887,Wireless Sniffing,True,False,0.08000000000000002,0,0,0.11111111111111108,0.3333333333333333,1387.6000000006027
Solver_Insider_Threat,128,1,Weaponization,T0820,Exploitation for Evasion,True,False,0.6615000000000001,0,0,0.015384615384615373,0.3333333333333333,957.3066875007565
Solver_Insider_Threat,128,2,Delivery,T0865,Spearphishing Attachment,True,True,0.07920000000000002,1,0,0.06569343065693425,1.0,1590.6923499997158
Solver_Insider_Threat,129,0,Reconnaissance,T0842,Network Sniffing,False,False,0.025,0,0,0.11111111111111108,0.9999999999967119,1028.6250000002367
Solver_Insider_Threat,129,1,Weaponization,T0818,Engineering Workstation Compromise,True,False,0.0315,0,0,0.015384615384615373,0.991443452381728,1486.4727187497956
Solver_Insider_Threat,129,2,Delivery,T0865,Spearphishing Attachment,False,False,0.07920000000000002,0,0,0.01,1.0,1590.6923499998784
Solver_Insider_Threat,129,3,Exploitation,T0863,User Execution,True,False,0.051750000000000004,0,0,0.01,1.0,3524.4245410545036
Solver_Insider_Threat,129,4,Installation,T0889,Modify Program,True,False,0.08640000000000002,0,0,0.01,1.0,4271.322903399726
Solver_Insider_Threat,129,5,Command & Control,T0869,Standard Application Layer Protocol,True,True,0.0675,1,0,0.043478260869565216,1.0,5615.848147504493
Solver_Insider_Threat,130,0,Reconnaissance,T0842,Network Sniffing,False,False,0.025,0,0,0.11111111111111108,1.0,1028.6250000000573
Solver_Insider_Threat,130,1,Weaponization,T0818,Engineering Workstation Compromise,False,False,0.05670000000000001,0,0,0.015384615384615373,0.3333333333333333,1447.3008937494976
Solver_Insider_Threat,130,2,Delivery,T0865,Spearphishing Attachment,True,False,0.07920000000000002,0,0,0.01,1.0,1590.692349999842
Solver_Insider_Threat,130,3,Exploitation,T0863,User Execution,True,False,0.051750000000000004,0,0,0.01,1.0,3524.4245410548137
Solver_Insider_Threat,130,4,Installation,T0889,Modify Program,False,False,0.08640000000000002,0,0,0.01,1.0,4271.322903399249
Solver_Insider_Threat,130,5,Command & Control,T0869,Standard Application Layer Protocol,True,True,0.0675,1,0,0.043478260869565216,1.0,5615.848147504515
Solver_Insider_Threat,131,0,Reconnaissance,T0842,Network Sniffing,True,False,0.025,0,0,0.11111111111111108,1.0,1028.6250000008934
Solver_Insider_Threat,131,1,Weaponization,T0849,Masquerading,False,False,0.026250000000000002,0,0,0.015384615384615373,0.3333333333333333,1121.9559374993366
Solver_Insider_Threat,131,2,Delivery,T0865,Spearphishing Attachment,False,False,0.07920000000000002,0,0,0.01,1.0,1590.6923500005555
Solver_Insider_Threat,131,3,Exploitation,T0863,User Execution,True,False,0.051750000000000004,0,0,0.01,1.0,3524.424541054757
Solver_Insider_Threat,131,4,Installation,T0889,Modify Program,True,False,0.08640000000000002,0,0,0.01,1.0,4271.3229034006445
Solver_Insider_Threat,131,5,Command & Control,T0869,Standard Application Layer Protocol,False,False,0.0675,0,0,0.01,1.0,5615.8481475053995
Solver_Insider_Threat,131,6,Actions on Objectives,T0882,Theft of Operational Information,False,True,0.17550000000000002,1,0,0.043478260869565216,1.0,4498.938792678614
Solver_Insider_Threat,132,0,Reconnaissance,T0842,Network Sniffing,True,False,0.025,0,0,0.11111111111111108,1.0,1028.6249999995148
Solver_Insider_Threat,132,1,Weaponization,T0849,Masquerading,False,False,0.04725000000000001,0,0,0.015384615384615373,0.3333333333333333,1096.1206875006428
Solver_Insider_Threat,132,2,Delivery,T0865,Spearphishing Attachment,True,False,0.07920000000000002,0,0,0.01,1.0,1590.6923500005119
Solver_Insider_Threat,132,3,Exploitation,T0863,User Execution,True,False,0.051750000000000004,0,0,0.01,1.0,3524.4245410547605
Solver_Insider_Threat,132,4,Installation,T0889,Modify Program,True,False,0.08640000000000002,0,0,0.01,1.0,4271.322903400149
Solver_Insider_Threat,132,5,Command & Control,T0869,Standard Application Layer Protocol,True,False,0.0675,0,0,0.01,1.0,5615.848147504304
Solver_Insider_Threat,132,6,Actions on Objectives,T0882,Theft of Operational Information,True,False,0.17550000000000002,0,50,0.01,1.0,4498.938792679191
Solver_Insider_Threat,133,0,Reconnaissance,T0842,Network Sniffing,True,True,0.025,1,0,0.8181818181818181,1.0,1028.6250000003831
Solver_Insider_Threat,134,0,Reconnaissance,T0888,Remote System Information Discovery,True,False,0.006,0,0,0.11111111111111108,0.3333333333333333,997.7874999995769
Solver_Insider_Threat,134,1,Weaponization,T0818,Engineering Workstation Compromise,True,False,0.0063,0,0,0.015384615384615373,0.3333333333333333,1525.6445437500702
Solver_Insider_Threat,134,2,Delivery,T0865,Spearphishing Attachment,True,False,0.07920000000000002,0,0,0.01,1.0,1590.6923500007124
Solver_Insider_Threat,134,3,Exploitation,T0863,User Execution,True,False,0.051750000000000004,0,0,0.01,1.0,3524.424541053869
Solver_Insider_Threat,134,4,Installation,T0889,Modify Program,True,False,0.08640000000000002,0,0,0.01,1.0,4271.322903400015
Solver_Insider_Threat,134,5,Command & Control,T0869,Standard Application Layer Protocol,True,False,0.0675,0,0,0.01,1.0,5615.848147504625
Solver_Insider_Threat,134,6,Actions on Objectives,T0882,Theft of Operational Information,False,False,0.17550000000000002,0,0,0.01,1.0,4498.938792678531
Solver_Insider_Threat,135,0,Reconnaissance,T0842,Network Sniffing,True,False,0.025,0,0,0.11111111111111108,1.0,1028.6250000009602
Solver_Insider_Threat,135,1,Weaponization,T0849,Masquerading,True,False,0.005250000000000001,0,0,0.015384615384615373,0.3333333333333333,1147.7911875003065
Solver_Insider_Threat,135,2,Delivery,T0865,Spearphishing Attachment,True,False,0.07920000000000002,0,0,0.01,1.0,1590.692349999716
Solver_Insider_Threat,135,3,Exploitation,T0863,User Execution,True,False,0.051750000000000004,0,0,0.01,1.0,3524.4245410539816
Solver_Insider_Threat,135,4,Installation,T0889,Modify Program,True,False,0.08640000000000002,0,0,0.01,1.0,4271.322903399336
Solver_Insider_Threat,135,5,Command & Control,T0869,Standard Application Layer Protocol,True,False,0.0675,0,0,0.01,1.0,5615.848147504407
Solver_Insider_Threat,135,6,Actions on Objectives,T0882,Theft of Operational Information,False,True,0.17550000000000002,1,0,0.043478260869565216,1.0,4498.9387926785075
Solver_Insider_Threat,136,0,Reconnaissance,T0842,Network Sniffing,True,False,0.025,0,0,0.11111111111111108,1.0,1028.6249999990423
Solver_Insider_Threat,136,1,Weaponization,T0818,Engineering Workstation Compromise,False,False,0.05670000000000001,0,0,0.015384615384615373,0.3333333333333333,1447.3008937493635
Solver_Insider_Threat,136,2,Delivery,T0865,Spearphishing Attachment,True,False,0.07920000000000002,0,0,0.01,1.0,1590.6923499996947
Solver_Insider_Threat,136,3,Exploitation,T0863,User Execution,True,False,0.051750000000000004,0,0,0.01,1.0,3524.4245410550666
Solver_Insider_Threat,136,4,Installation,T0889,Modify Program,True,False,0.08640000000000002,0,0,0.01,1.0,4271.322903399922
Solver_Insider_Threat,136,5,Command & Control,T0869,Standard Application Layer Protocol,True,False,0.0675,0,0,0.01,1.0,5615.848147504425
Solver_Insider_Threat,136,6,Actions on Objectives,T0882,Theft of Operational Information,True,False,0.17550000000000002,0,50,0.01,1.0,4498.938792679188
Solver_Insider_Threat,137,0,Reconnaissance,T0842,Network Sniffing,True,False,0.025,0,0,0.11111111111111108,0.9999999999983531,1028.624999999362
Solver_Insider_Threat,137,1,Weaponization,T0818,Engineering Workstation Compromise,False,False,0.05670000000000001,0,0,0.015384615384615373,0.3333333333333333,1447.3008937503537
Solver_Insider_Threat,137,2,Delivery,T0865,Spearphishing Attachment,True,False,0.07920000000000002,0,0,0.01,1.0,1590.692349999797
Solver_Insider_Threat,137,3,Exploitation,T0863,User Execution,True,False,0.051750000000000004,0,0,0.01,1.0,3524.424541054912
Solver_Insider_Threat,137,4,Installation,T0889,Modify Program,True,False,0.08640000000000002,0,0,0.01,1.0,4271.322903400676
Solver_Insider_Threat,137,5,Command & Control,T0869,Standard Application Layer Protocol,True,False,0.0675,0,0,0.01,1.0,5615.848147504631
Solver_Insider_Threat,137,6,Actions on Objectives,T0882,Theft of Operational Information,True,False,0.17550000000000002,0,50,0.01,1.0,4498.938792678826
Solver_Insider_Threat,138,0,Reconnaissance,T0887,Wireless Sniffing,True,False,0.08000000000000002,0,0,0.11111111111111108,0.3333333333333333,1387.6000000007002
Solver_Insider_Threat,138,1,Weaponization,T0820,Exploitation for Evasion,True,False,0.3675,0,0,0.015384615384615373,0.3333333333333333,1508.225937499751
Solver_Insider_Threat,138,2,Delivery,T0865,Spearphishing Attachment,True,False,0.07920000000000002,0,0,0.01,1.0,1590.692349999882
Solver_Insider_Threat,138,3,Exploitation,T0863,User Execution,True,False,0.051750000000000004,0,0,0.01,1.0,3524.424541054144
Solver_Insider_Threat,138,4,Installation,T0889,Modify Program,True,False,0.08640000000000002,0,0,0.01,1.0,4271.322903399879
Solver_Insider_Threat,138,5,Command & Control,T0869,Standard Application Layer Protocol,False,False,0.0675,0,0,0.01,1.0,5615.8481475051285
Solver_Insider_Threat,138,6,Actions on Objectives,T0882,Theft of Operational Information,False,False,0.17550000000000002,0,0,0.01,1.0,4498.938792679206
Solver_Insider_Threat,139,0,Reconnaissance,T0842,Network Sniffing,True,False,0.025,0,0,0.11111111111111108,0.9999999999979043,1028.625000000812
Solver_Insider_Threat,139,1,Weaponization,T0849,Masquerading,False,False,0.005250000000000001,0,0,0.015384615384615373,0.3333333333333333,1147.7911875006678
Solver_Insider_Threat,139,2,Delivery,T0865,Spearphishing Attachment,True,False,0.07920000000000002,0,0,0.01,1.0,1590.692350000048
Solver_Insider_Threat,139,3,Exploitation,T0863,User Execution,True,False,0.051750000000000004,0,0,0.01,1.0,3524.42454105393
Solver_Insider_Threat,139,4,Installation,T0889,Modify Program,True,False,0.08640000000000002,0,0,0.01,1.0,4271.322903399792
Solver_Insider_Threat,139,5,Command & Control,T0869,Standard Application Layer Protocol,False,False,0.0675,0,0,0.01,1.0,5615.84814750473
Solver_Insider_Threat,139,6,Actions on Objectives,T0882,Theft of Operational Information,True,False,0.17550000000000002,0,50,0.01,1.0,4498.938792678166
Solver_Insider_Threat,140,0,Reconnaissance,T0842,Network Sniffing,True,False,0.025,0,0,0.11111111111111108,0.9999999999997276,1028.6249999991162
Solver_Insider_Threat,140,1,Weaponization,T0818,Engineering Workstation Compromise,True,False,0.0315,0,0,0.015384615384615373,0.9914434523819934,1486.4727187500184
Solver_Insider_Threat,140,2,Delivery,T0865,Spearphishing Attachment,True,True,0.07920000000000002,1,0,0.06569343065693425,1.0,1590.6923499991176
Solver_Insider_Threat,141,0,Reconnaissance,T0842,Network Sniffing,True,False,0.045000000000000005,0,0,0.11111111111111108,0.3333333333333333,1007.5250000007701
Solver_Insider_Threat,141,1,Weaponization,T0820,Exploitation for Evasion,True,True,0.3675,1,0,0.35999999999999993,0.3333333333333333,1508.2259374998846
Solver_Insider_Threat,142,0,Reconnaissance,T0888,Remote System Information Discovery,True,False,0.054000000000000006,0,0,0.11111111111111108,0.3333333333333333,950.0874999990581
Solver_Insider_Threat,142,1,Weaponization,T0820,Exploitation for Evasion,True,True,0.6615000000000001,1,0,0.35999999999999993,0.3333333333333333,957.306687499819
Solver_Insider_Threat,143,0,Reconnaissance,T0842,Network Sniffing,False,False,0.025,0,0,0.11111111111111108,0.9999999999994876,1028.6249999991026
Solver_Insider_Threat,143,1,Weaponization,T0818,Engineering Workstation Compromise,True,False,0.0315,0,0,0.015384615384615373,0.9914434523828475,1486.4727187505339
Solver_Insider_Threat,143,2,Delivery,T0865,Spearphishing Attachment,True,True,0.07920000000000002,1,0,0.06569343065693425,1.0,1590.6923499996478
Solver_Insider_Threat,144,0,Reconnaissance,T0842,Network Sniffing,True,False,0.025,0,0,0.11111111111111108,1.0,1028.6249999994193
Solver_Insider_Threat,144,1,Weaponization,T0849,Masquerading,True,False,0.005250000000000001,0,0,0.015384615384615373,0.3333333333333333,1147.7911874996187
Solver_Insider_Threat,144,2,Delivery,T0865,Spearphishing Attachment,True,False,0.07920000000000002,0,0,0.01,1.0,1590.6923500007103
Solver_Insider_Threat,144,3,Exploitation,T0863,User Execution,True,False,0.051750000000000004,0,0,0.01,1.0,3524.424541053962
Solver_Insider_Threat,144,4,Installation,T0889,Modify Program,False,False,0.08640000000000002,0,0,0.01,1.0,4271.3229034002925
Solver_Insider_Threat,144,5,Command & Control,T0869,Standard Application Layer Protocol,True,False,0.0675,0,0,0.01,1.0,5615.848147504201
Solver_Insider_Threat,144,6,Actions on Objectives,T0882,Theft of Operational Information,False,True,0.17550000000000002,1,0,0.043478260869565216,1.0,4498.938792678086
Solver_Insider_Threat,145,0,Reconnaissance,T0888,Remote System Information Discovery,False,False,0.006,0,0,0.11111111111111108,0.3333333333333333,997.7874999990278
Solver_Insider_Threat,145,1,Weaponization,T0818,Engineering Workstation Compromise,True,False,0.0063,0,0,0.015384615384615373,0.3333333333333333,1525.6445437491764
Solver_Insider_Threat,145,2,Delivery,T0865,Spearphishing Attachment,False,False,0.07920000000000002,0,0,0.01,1.0,1590.692350000779
Solver_Insider_Threat,145,3,Exploitation,T0863,User Execution,True,False,0.051750000000000004,0,0,0.01,1.0,3524.424541054972
Solver_Insider_Threat,145,4,Installation,T0889,Modify Program,True,False,0.08640000000000002,0,0,0.01,1.0,4271.32290339943
Solver_Insider_Threat,145,5,Command & Control,T0869,Standard Application Layer Protocol,False,False,0.0675,0,0,0.01,1.0,5615.848147504118
Solver_Insider_Threat,145,6,Actions on Objectives,T0882,Theft of Operational Information,True,True,0.17550000000000002,1,0,0.043478260869565216,1.0,4498.938792678211
Solver_Insider_Threat,146,0,Reconnaissance,T0842,Network Sniffing,True,False,0.025,0,0,0.11111111111111108,0.9999999999979866,1028.625000000444
Solver_Insider_Threat,146,1,Weaponization,T0849,Masquerading,True,False,0.005250000000000001,0,0,0.015384615384615373,0.3333333333333333,1147.7911875006337
Solver_Insider_Threat,146,2,Delivery,T0865,Spearphishing Attachment,True,False,0.07920000000000002,0,0,0.01,1.0,1590.6923499995298
Solver_Insider_Threat,146,3,Exploitation,T0863,User Execution,True,False,0.051750000000000004,0,0,0.01,1.0,3524.4245410544354
Solver_Insider_Threat,146,4,Installation,T0889,Modify Program,True,False,0.08640000000000002,0,0,0.01,1.0,4271.322903400322
Solver_Insider_Threat,146,5,Command & Control,T0869,Standard Application Layer Protocol,True,False,0.0675,0,0,0.01,1.0,5615.848147505081
Solver_Insider_Threat,146,6,Actions on Objectives,T0882,Theft of Operational Information,False,False,0.17550000000000002,0,0,0.01,1.0,4498.938792678553
Solver_Insider_Threat,147,0,Reconnaissance,T0842,Network Sniffing,True,False,0.025,0,0,0.11111111111111108,0.3333333333333333,1028.624999999396
Solver_Insider_Threat,147,1,Weaponization,T0820,Exploitation for Evasion,True,True,0.6615000000000001,1,0,0.35999999999999993,0.3333333333333333,957.306687500907
Solver_Insider_Threat,148,0,Reconnaissance,T0842,Network Sniffing,False,False,0.025,0,0,0.11111111111111108,0.9999999999983668,1028.6249999993972
Solver_Insider_Threat,148,1,Weaponization,T0849,Masquerading,True,False,0.026250000000000002,0,0,0.015384615384615373,0.3333333333333333,1121.9559374997696
Solver_Insider_Threat,148,2,Delivery,T0865,Spearphishing Attachment,True,False,0.07920000000000002,0,0,0.01,1.0,1590.692349999191
Solver_Insider_Threat,148,3,Exploitation,T0863,User Execution,True,True,0.051750000000000004,1,0,0.043478260869565216,1.0,3524.4245410546796
Solver_Insider_Threat,149,0,Reconnaissance,T0842,Network Sniffing,True,False,0.025,0,0,0.11111111111111108,0.9999999999996005,1028.6250000000791
Solver_Insider_Threat,149,1,Weaponization,T0818,Engineering Workstation Compromise,False,False,0.0315,0,0,0.015384615384615373,0.9914434523808041,1486.4727187504607
Solver_Insider_Threat,149,2,Delivery,T0865,Spearphishing Attachment,False,True,0.07920000000000002,1,0,0.06569343065693425,1.0,1590.6923499999982
Solver_Insider_Threat,150,0,Reconnaissance,T0842,Network Sniffing,True,False,0.025,0,0,0.11111111111111108,1.0,1028.6249999998627
Solver_Insider_Threat,150,1,Weaponization,T0818,Engineering Workstation Compromise,False,False,0.05670000000000001,0,0,0.015384615384615373,0.3333333333333333,1447.300893749336
Solver_Insider_Threat,150,2,Delivery,T0865,Spearphishing Attachment,True,False,0.07920000000000002,0,0,0.01,1.0,1590.6923499998215
Solver_Insider_Threat,150,3,Exploitation,T0863,User Execution,True,False,0.051750000000000004,0,0,0.01,1.0,3524.4245410548565
Solver_Insider_Threat,150,4,Installation,T0889,Modify Program,False,False,0.08640000000000002,0,0,0.01,1.0,4271.322903400314
Solver_Insider_Threat,150,5,Command & Control,T0869,Standard Application Layer Protocol,True,False,0.0675,0,0,0.01,1.0,5615.848147504195
Solver_Insider_Threat,150,6,Actions on Objectives,T0882,Theft of Operational Information,True,False,0.17550000000000002,0,50,0.01,1.0,4498.938792679245
Solver_Insider_Threat,151,0,Reconnaissance,T0842,Network Sniffing,True,False,0.025,0,0,0.11111111111111108,1.0,1028.625000000153
Solver_Insider_Threat,151,1,Weaponization,T0818,Engineering Workstation Compromise,True,False,0.0315,0,0,0.015384615384615373,0.9914434523797948,1486.4727187505537
Solver_Insider_Threat,151,2,Delivery,T0865,Spearphishing Attachment,True,False,0.07920000000000002,0,0,0.01,1.0,1590.6923500007576
Solver_Insider_Threat,151,3,Exploitation,T0863,User Execution,True,False,0.051750000000000004,0,0,0.01,1.0,3524.4245410553003
Solver_Insider_Threat,151,4,Installation,T0889,Modify Program,True,False,0.08640000000000002,0,0,0.01,1.0,4271.3229033995985
Solver_Insider_Threat,151,5,Command & Control,T0869,Standard Application Layer Protocol,True,True,0.0675,1,0,0.043478260869565216,1.0,5615.848147504422
Solver_Insider_Threat,152,0,Reconnaissance,T0842,Network Sniffing,True,False,0.025,0,0,0.11111111111111108,1.0,1028.6250000005782
Solver_Insider_Threat,152,1,Weaponization,T0818,Engineering Workstation Compromise,True,False,0.0315,0,0,0.015384615384615373,0.3333333333333333,1486.4727187498643
Solver_Insider_Threat,152,2,Delivery,T0865,Spearphishing Attachment,True,False,0.07920000000000002,0,0,0.01,1.0,1590.6923499996424
Solver_Insider_Threat,152,3,Exploitation,T0863,User Execution,True,False,0.051750000000000004,0,0,0.01,1.0,3524.424541054108
Solver_Insider_Threat,152,4,Installation,T0889,Modify Program,True,False,0.08640000000000002,0,0,0.01,1.0,4271.322903399579
Solver_Insider_Threat,152,5,Command & Control,T0869,Standard Application Layer Protocol,True,False,0.0675,0,0,0.01,1.0,5615.848147504395
Solver_Insider_Threat,152,6,Actions on Objectives,T0882,Theft of Operational Information,True,True,0.17550000000000002,1,0,0.043478260869565216,1.0,4498.938792678521
Solver_Insider_Threat,153,0,Reconnaissance,T0842,Network Sniffing,True,False,0.025,0,0,0.11111111111111108,1.0,1028.6249999991958
Solver_Insider_Threat,153,1,Weaponization,T0818,Engineering Workstation Compromise,False,False,0.0315,0,0,0.015384615384615373,0.9914434523815318,1486.4727187499489
Solver_Insider_Threat,153,2,Delivery,T0865,Spearphishing Attachment,False,False,0.07920000000000002,0,0,0.01,1.0,1590.692349999889
Solver_Insider_Threat,153,3,Exploitation,T0863,User Execution,True,False,0.051750000000000004,0,0,0.01,1.0,3524.4245410541453
Solver_Insider_Threat,153,4,Installation,T0889,Modify Program,True,False,0.08640000000000002,0,0,0.01,1.0,4271.322903400709
Solver_Insider_Threat,153,5,Command & Control,T0869,Standard Application Layer Protocol,True,False,0.0675,0,0,0.01,1.0,5615.848147505636
Solver_Insider_Threat,153,6,Actions on Objectives,T0882,Theft of Operational Information,False,False,0.17550000000000002,0,0,0.01,1.0,4498.938792679237
Solver_Insider_Threat,154,0,Reconnaissance,T0842,Network Sniffing,True,False,0.025,0,0,0.11111111111111108,0.9999999999982193,1028.625000000502
Solver_Insider_Threat,154,1,Weaponization,T0818,Engineering Workstation Compromise,True,False,0.0063,0,0,0.015384615384615373,0.3333333333333333,1525.6445437506786
Solver_Insider_Threat,154,2,Delivery,T0865,Spearphishing Attachment,True,False,0.07920000000000002,0,0,0.01,1.0,1590.6923499993138
Solver_Insider_Threat,154,3,Exploitation,T0863,User Execution,True,False,0.051750000000000004,0,0,0.01,1.0,3524.4245410545836
Solver_Insider_Threat,154,4,Installation,T0889,Modify Program,False,False,0.08640000000000002,0,0,0.01,1.0,4271.322903399626
Solver_Insider_Threat,154,5,Command & Control,T0869,Standard Application Layer Protocol,True,False,0.0675,0,0,0.01,1.0,5615.84814750425
Solver_Insider_Threat,154,6,Actions on Objectives,T0882,Theft of Operational Information,True,False,0.17550000000000002,0,50,0.01,1.0,4498.938792678827
Solver_Insider_Threat,155,0,Reconnaissance,T0842,Network Sniffing,True,False,0.005000000000000001,0,0,0.11111111111111108,0.3333333333333333,1049.7250000002286
Solver_Insider_Threat,155,1,Weaponization,T0849,Masquerading,False,False,0.04725000000000001,0,0,0.015384615384615373,0.3333333333333333,1096.1206874993009
Solver_Insider_Threat,155,2,Delivery,T0865,Spearphishing Attachment,False,False,0.07920000000000002,0,0,0.01,1.0,1590.6923499998236
Solver_Insider_Threat,155,3,Exploitation,T0863,User Execution,True,False,0.051750000000000004,0,0,0.01,1.0,3524.4245410539584
Solver_Insider_Threat,155,4,Installation,T0889,Modify Program,True,True,0.08640000000000002,1,0,0.043478260869565216,1.0,4271.322903400164
Solver_Insider_Threat,156,0,Reconnaissance,T0887,Wireless Sniffing,True,False,0.4,0,0,0.11111111111111108,0.3333333333333333,1025.9999999997963
Solver_Insider_Threat,156,1,Weaponization,T0849,Masquerading,True,False,0.04725000000000001,0,0,0.015384615384615373,0.3333333333333333,1096.1206874994082
Solver_Insider_Threat,156,2,Delivery,T0865,Spearphishing Attachment,True,False,0.07920000000000002,0,0,0.01,1.0,1590.6923500006299
Solver_Insider_Threat,156,3,Exploitation,T0863,User Execution,True,False,0.051750000000000004,0,0,0.01,1.0,3524.4245410542626
Solver_Insider_Threat,156,4,Installation,T0889,Modify Program,True,False,0.08640000000000002,0,0,0.01,1.0,4271.322903399259
Solver_Insider_Threat,156,5,Command & Control,T0869,Standard Application Layer Protocol,True,False,0.0675,0,0,0.01,1.0,5615.8481475052795
Solver_Insider_Threat,156,6,Actions on Objectives,T0882,Theft of Operational Information,False,False,0.17550000000000002,0,0,0.01,1.0,4498.938792678657
Solver_Insider_Threat,157,0,Reconnaissance,T0842,Network Sniffing,True,False,0.025,0,0,0.11111111111111108,0.3333333333333333,1028.6250000007535
Solver_Insider_Threat,157,1,Weaponization,T0820,Exploitation for Evasion,True,False,0.0735,0,0,0.015384615384615373,0.3333333333333333,2059.145187500699
Solver_Insider_Threat,157,2,Delivery,T0865,Spearphishing Attachment,False,False,0.07920000000000002,0,0,0.01,1.0,1590.6923500001808
Solver_Insider_Threat,157,3,Exploitation,T0863,User Execution,True,False,0.051750000000000004,0,0,0.01,1.0,3524.4245410554345
Solver_Insider_Threat,157,4,Installation,T0889,Modify Program,False,False,0.08640000000000002,0,0,0.01,1.0,4271.322903400628
Solver_Insider_Threat,157,5,Command & Control,T0869,Standard Application Layer Protocol,True,False,0.0675,0,0,0.01,1.0,5615.848147504428
Solver_Insider_Threat,157,6,Actions on Objectives,T0882,Theft of Operational Information,True,False,0.17550000000000002,0,50,0.01,1.0,4498.938792678639
Solver_Insider_Threat,158,0,Reconnaissance,T0842,Network Sniffing,True,False,0.025,0,0,0.11111111111111108,1.0,1028.6249999991444
Solver_Insider_Threat,158,1,Weaponization,T0820,Exploitation for Evasion,True,False,0.3675,0,0,0.015384615384615373,0.3333333333333333,1508.225937500242
Solver_Insider_Threat,158,2,Delivery,T0865,Spearphishing Attachment,True,False,0.07920000000000002,0,0,0.01,1.0,1590.692350000225
Solver_Insider_Threat,158,3,Exploitation,T0863,User Execution,True,False,0.051750000000000004,0,0,0.01,1.0,3524.424541054327
Solver_Insider_Threat,158,4,Installation,T0889,Modify Program,True,False,0.08640000000000002,0,0,0.01,1.0,4271.322903399494
Solver_Insider_Threat,158,5,Command & Control,T0869,Standard Application Layer Protocol,True,False,0.0675,0,0,0.01,1.0,5615.848147505269
Solver_Insider_Threat,158,6,Actions on Objectives,T0882,Theft of Operational Information,False,False,0.17550000000000002,0,0,0.01,1.0,4498.938792678599
Solver_Insider_Threat,159,0,Reconnaissance,T0888,Remote System Information Discovery,True,False,0.006,0,0,0.11111111111111108,0.3333333333333333,997.7875000002873
Solver_Insider_Threat,159,1,Weaponization,T0818,Engineering Workstation Compromise,False,False,0.0063,0,0,0.015384615384615373,0.3333333333333333,1525.644543750791
Solver_Insider_Threat,159,2,Delivery,T0865,Spearphishing Attachment,False,False,0.07920000000000002,0,0,0.01,1.0,1590.692349999836
Solver_Insider_Threat,159,3,Exploitation,T0863,User Execution,True,False,0.051750000000000004,0,0,0.01,1.0,3524.4245410548724
Solver_Insider_Threat,159,4,Installation,T0889,Modify Program,True,False,0.08640000000000002,0,0,0.01,1.0,4271.322903400082
Solver_Insider_Threat,159,5,Command & Control,T0869,Standard Application Layer Protocol,False,False,0.0675,0,0,0.01,1.0,5615.848147504194
Solver_Insider_Threat,159,6,Actions on Objectives,T0882,Theft of Operational Information,True,False,0.17550000000000002,0,50,0.01,1.0,4498.9387926788595
Solver_Insider_Threat,160,0,Reconnaissance,T0842,Network Sniffing,True,False,0.025,0,0,0.11111111111111108,0.9999999999967398,1028.6250000004168
Solver_Insider_Threat,160,1,Weaponization,T0820,Exploitation for Evasion,True,True,0.3675,1,0,0.35999999999999993,0.3333333333333333,1508.2259375000992
Solver_Insider_Threat,161,0,Reconnaissance,T0842,Network Sniffing,False,False,0.025,0,0,0.11111111111111108,0.9999999999996885,1028.6249999993238
Solver_Insider_Threat,161,1,Weaponization,T0818,Engineering Workstation Compromise,True,False,0.0063,0,0,0.015384615384615373,0.3333333333333333,1525.6445437502296
Solver_Insider_Threat,161,2,Delivery,T0865,Spearphishing Attachment,False,False,0.07920000000000002,0,0,0.01,1.0,1590.6923499994755
Solver_Insider_Threat,161,3,Exploitation,T0863,User Execution,True,False,0.051750000000000004,0,0,0.01,1.0,3524.424541054639
Solver_Insider_Threat,161,4,Installation,T0889,Modify Program,True,False,0.08640000000000002,0,0,0.01,1.0,4271.322903400536
Solver_Insider_Threat,161,5,Command & Control,T0869,Standard Application Layer Protocol,True,False,0.0675,0,0,0.01,1.0,5615.848147505334
Solver_Insider_Threat,161,6,Actions on Objectives,T0882,Theft of Operational Information,True,False,0.17550000000000002,0,50,0.01,1.0,4498.9387926789705
Solver_Insider_Threat,162,0,Reconnaissance,T0842,Network Sniffing,True,False,0.045000000000000005,0,0,0.11111111111111108,0.3333333333333333,1007.5249999993193
Solver_Insider_Threat,162,1,Weaponization,T0849,Masquerading,False,False,0.04725000000000001,0,0,0.015384615384615373,0.3333333333333333,1096.1206874996667
Solver_Insider_Threat,162,2,Delivery,T0865,Spearphishing Attachment,True,False,0.07920000000000002,0,0,0.01,1.0,1590.6923499995642
Solver_Insider_Threat,162,3,Exploitation,T0863,User Execution,True,False,0.051750000000000004,0,0,0.01,1.0,3524.4245410540284
Solver_Insider_Threat,162,4,Installation,T0889,Modify Program,True,False,0.08640000000000002,0,0,0.01,1.0,4271.3229033993375
Solver_Insider_Threat,162,5,Command & Control,T0869,Standard Application Layer Protocol,True,False,0.0675,0,0,0.01,1.0,5615.848147505169
Solver_Insider_Threat,162,6,Actions on Objectives,T0882,Theft of Operational Information,False,False,0.17550000000000002,0,0,0.01,1.0,4498.938792678548
Solver_Insider_Threat,163,0,Reconnaissance,T0842,Network Sniffing,False,False,0.025,0,0,0.11111111111111108,1.0,1028.6249999997565
Solver_Insider_Threat,163,1,Weaponization,T0818,Engineering Workstation Compromise,True,False,0.0315,0,0,0.015384615384615373,0.9914434523796686,1486.4727187506194
Solver_Insider_Threat,163,2,Delivery,T0865,Spearphishing Attachment,False,False,0.07920000000000002,0,0,0.01,1.0,1590.6923500001287
Solver_Insider_Threat,163,3,Exploitation,T0863,User Execution,True,False,0.051750000000000004,0,0,0.01,1.0,3524.424541054994
Solver_Insider_Threat,163,4,Installation,T0889,Modify Program,True,False,0.08640000000000002,0,0,0.01,1.0,4271.322903400585
Solver_Insider_Threat,163,5,Command & Control,T0869,Standard Application Layer Protocol,True,False,0.0675,0,0,0.01,1.0,5615.8481475048875
Solver_Insider_Threat,163,6,Actions on Objectives,T0882,Theft of Operational Information,False,True,0.17550000000000002,1,0,0.043478260869565216,1.0,4498.938792678029
Solver_Insider_Threat,164,0,Reconnaissance,T0842,Network Sniffing,True,False,0.025,0,0,0.11111111111111108,0.9999999999985065,1028.6250000001523
Solver_Insider_Threat,164,1,Weaponization,T0820,Exploitation for Evasion,True,False,0.3675,0,0,0.015384615384615373,0.3333333333333333,1508.225937500195
Solver_Insider_Threat,164,2,Delivery,T0865,Spearphishing Attachment,False,True,0.07920000000000002,1,0,0.06569343065693425,1.0,1590.6923500001565
Solver_Insider_Threat,165,0,Reconnaissance,T0888,Remote System Information Discovery,True,False,0.03,0,0,0.11111111111111108,0.3333333333333333,973.9374999993869
Solver_Insider_Threat,165,1,Weaponization,T0818,Engineering Workstation Compromise,True,False,0.0315,0,0,0.015384615384615373,0.9914434523810861,1486.472718750711
Solver_Insider_Threat,165,2,Delivery,T0865,Spearphishing Attachment,False,False,0.07920000000000002,0,0,0.01,1.0,1590.692349999649
Solver_Insider_Threat,165,3,Exploitation,T0863,User Execution,True,False,0.051750000000000004,0,0,0.01,1.0,3524.4245410540575
Solver_Insider_Threat,165,4,Installation,T0889,Modify Program,True,False,0.08640000000000002,0,0,0.01,1.0,4271.322903399776
Solver_Insider_Threat,165,5,Command & Control,T0869,Standard Application Layer Protocol,True,False,0.0675,0,0,0.01,1.0,5615.848147504137
Solver_Insider_Threat,165,6,Actions on Objectives,T0882,Theft of Operational Information,False,False,0.17550000000000002,0,0,0.01,1.0,4498.938792679469
Solver_Insider_Threat,166,0,Reconnaissance,T0842,Network Sniffing,True,False,0.025,0,0,0.11111111111111108,1.0,1028.6249999999768
Solver_Insider_Threat,166,1,Weaponization,T0849,Masquerading,False,False,0.026250000000000002,0,0,0.015384615384615373,0.3333333333333333,1121.9559375000724
Solver_Insider_Threat,166,2,Delivery,T0865,Spearphishing Attachment,True,False,0.07920000000000002,0,0,0.01,1.0,1590.6923500000405
Solver_Insider_Threat,166,3,Exploitation,T0863,User Execution,True,False,0.051750000000000004,0,0,0.01,1.0,3524.4245410553917
Solver_Insider_Threat,166,4,Installation,T0889,Modify Program,True,False,0.08640000000000002,0,0,0.01,1.0,4271.3229033992375
Solver_Insider_Threat,166,5,Command & Control,T0869,Standard Application Layer Protocol,True,False,0.0675,0,0,0.01,1.0,5615.84814750498
Solver_Insider_Threat,166,6,Actions on Objectives,T0882,Theft of Operational Information,False,False,0.17550000000000002,0,0,0.01,1.0,4498.938792679151
Solver_Insider_Threat,167,0,Reconnaissance,T0842,Network Sniffing,True,False,0.025,0,0,0.11111111111111108,1.0,1028.6249999999072
Solver_Insider_Threat,167,1,Weaponization,T0820,Exploitation for Evasion,True,False,0.0735,0,0,0.015384615384615373,0.3333333333333333,2059.1451875005528
Solver_Insider_Threat,167,2,Delivery,T0865,Spearphishing Attachment,True,True,0.07920000000000002,1,0,0.06569343065693425,1.0,1590.6923499994512
Solver_Insider_Threat,168,0,Reconnaissance,T0842,Network Sniffing,True,False,0.025,0,0,0.11111111111111108,1.0,1028.6249999995646
Solver_Insider_Threat,168,1,Weaponization,T0818,Engineering Workstation Compromise,False,False,0.0315,0,0,0.015384615384615373,0.9914434523809589,1486.4727187495173
Solver_Insider_Threat,168,2,Delivery,T0865,Spearphishing Attachment,False,False,0.07920000000000002,0,0,0.01,1.0,1590.6923499997094
Solver_Insider_Threat,168,3,Exploitation,T0863,User Execution,True,False,0.051750000000000004,0,0,0.01,1.0,3524.4245410546478
Solver_Insider_Threat,168,4,Installation,T0889,Modify Program,True,False,0.08640000000000002,0,0,0.01,1.0,4271.322903400516
Solver_Insider_Threat,168,5,Command & Control,T0869,Standard Application Layer Protocol,True,False,0.0675,0,0,0.01,1.0,5615.848147505113
Solver_Insider_Threat,168,6,Actions on Objectives,T0882,Theft of Operational Information,True,False,0.17550000000000002,0,50,0.01,1.0,4498.938792678516
Solver_Insider_Threat,169,0,Reconnaissance,T0842,Network Sniffing,True,True,0.025,1,0,0.8181818181818181,1.0,1028.6250000000293
Solver_Insider_Threat,170,0,Reconnaissance,T0842,Network Sniffing,True,False,0.025,0,0,0.11111111111111108,1.0,1028.6249999991585
Solver_Insider_Threat,170,1,Weaponization,T0818,Engineering Workstation Compromise,True,False,0.0315,0,0,0.015384615384615373,0.9914434523791423,1486.4727187495366
Solver_Insider_Threat,170,2,Delivery,T0865,Spearphishing Attachment,True,True,0.07920000000000002,1,0,0.06569343065693425,1.0,1590.6923499997063
Solver_Insider_Threat,171,0,Reconnaissance,T0888,Remote System Information Discovery,True,False,0.03,0,0,0.11111111111111108,0.3333333333333333,973.9374999995758
Solver_Insider_Threat,171,1,Weaponization,T0818,Engineering Workstation Compromise,False,False,0.0315,0,0,0.015384615384615373,0.9914434523783606,1486.472718749773
Solver_Insider_Threat,171,2,Delivery,T0865,Spearphishing Attachment,True,False,0.07920000000000002,0,0,0.01,1.0,1590.6923500007972
Solver_Insider_Threat,171,3,Exploitation,T0863,User Execution,True,False,0.051750000000000004,0,0,0.01,1.0,3524.424541053882
Solver_Insider_Threat,171,4,Installation,T0889,Modify Program,True,False,0.08640000000000002,0,0,0.01,1.0,4271.3229033994685
Solver_Insider_Threat,171,5,Command & Control,T0869,Standard Application Layer Protocol,True,False,0.0675,0,0,0.01,1.0,5615.848147505455
Solver_Insider_Threat,171,6,Actions on Objectives,T0882,Theft of Operational Information,False,False,0.17550000000000002,0,0,0.01,1.0,4498.9387926783365
Solver_Insider_Threat,172,0,Reconnaissance,T0842,Network Sniffing,True,False,0.025,0,0,0.11111111111111108,1.0,1028.6250000001014
Solver_Insider_Threat,172,1,Weaponization,T0818,Engineering Workstation Compromise,True,False,0.05670000000000001,0,0,0.015384615384615373,0.3333333333333333,1447.3008937494008
Solver_Insider_Threat,172,2,Delivery,T0865,Spearphishing Attachment,False,False,0.07920000000000002,0,0,0.01,1.0,1590.6923500008163
Solver_Insider_Threat,172,3,Exploitation,T0863,User Execution,True,False,0.051750000000000004,0,0,0.01,1.0,3524.4245410550634
Solver_Insider_Threat,172,4,Installation,T0889,Modify Program,True,False,0.08640000000000002,0,0,0.01,1.0,4271.32290340016
Solver_Insider_Threat,172,5,Command & Control,T0869,Standard Application Layer Protocol,True,False,0.0675,0,0,0.01,1.0,5615.848147505619
Solver_Insider_Threat,172,6,Actions on Objectives,T0882,Theft of Operational Information,False,True,0.17550000000000002,1,0,0.043478260869565216,1.0,4498.938792678746
Solver_Insider_Threat,173,0,Reconnaissance,T0842,Network Sniffing,True,False,0.025,0,0,0.11111111111111108,1.0,1028.625000000834
Solver_Insider_Threat,173,1,Weaponization,T0849,Masquerading,False,False,0.005250000000000001,0,0,0.015384615384615373,0.3333333333333333,1147.7911875003244
Solver_Insider_Threat,173,2,Delivery,T0865,Spearphishing Attachment,True,False,0.07920000000000002,0,0,0.01,1.0,1590.692349999832
Solver_Insider_Threat,173,3,Exploitation,T0863,User Execution,True,False,0.051750000000000004,0,0,0.01,1.0,3524.4245410551903
Solver_Insider_Threat,173,4,Installation,T0889,Modify Program,True,False,0.08640000000000002,0,0,0.01,1.0,4271.322903399725
Solver_Insider_Threat,173,5,Command & Control,T0869,Standard Application Layer Protocol,False,False,0.0675,0,0,0.01,1.0,5615.8481475041235
Solver_Insider_Threat,173,6,Actions on Objectives,T0882,Theft of Operational Information,False,False,0.17550000000000002,0,0,0.01,1.0,4498.938792678296
Solver_Insider_Threat,174,0,Reconnaissance,T0842,Network Sniffing,True,False,0.005000000000000001,0,0,0.11111111111111108,0.3333333333333333,1049.7249999992555
Solver_Insider_Threat,174,1,Weaponization,T0849,Masquerading,False,False,0.026250000000000002,0,0,0.015384615384615373,0.3333333333333333,1121.9559375004505
Solver_Insider_Threat,174,2,Delivery,T0865,Spearphishing Attachment,True,False,0.07920000000000002,0,0,0.01,1.0,1590.6923500004705
Solver_Insider_Threat,174,3,Exploitation,T0863,User Execution,True,False,0.051750000000000004,0,0,0.01,1.0,3524.424541053965
Solver_Insider_Threat,174,4,Installation,T0889,Modify Program,True,False,0.08640000000000002,0,0,0.01,1.0,4271.322903400341
Solver_Insider_Threat,174,5,Command & Control,T0869,Standard Application Layer Protocol,True,False,0.0675,0,0,0.01,1.0,5615.848147504923
Solver_Insider_Threat,174,6,Actions on Objectives,T0882,Theft of Operational Information,False,False,0.17550000000000002,0,0,0.01,1.0,4498.938792679047
Solver_Insider_Threat,175,0,Reconnaissance,T0842,Network Sniffing,True,False,0.025,0,0,0.11111111111111108,1.0,1028.6250000009945
Solver_Insider_Threat,175,1,Weaponization,T0818,Engineering Workstation Compromise,True,False,0.05670000000000001,0,0,0.015384615384615373,0.3333333333333333,1447.3008937495663
Solver_Insider_Threat,175,2,Delivery,T0865,Spearphishing Attachment,True,False,0.07920000000000002,0,0,0.01,1.0,1590.692350000391
Solver_Insider_Threat,175,3,Exploitation,T0863,User Execution,True,False,0.051750000000000004,0,0,0.01,1.0,3524.424541054818
Solver_Insider_Threat,175,4,Installation,T0889,Modify Program,True,True,0.08640000000000002,1,0,0.043478260869565216,1.0,4271.32290339941
Solver_Insider_Threat,176,0,Reconnaissance,T0842,Network Sniffing,True,False,0.025,0,0,0.11111111111111108,1.0,1028.6249999994475
Solver_Insider_Threat,176,1,Weaponization,T0818,Engineering Workstation Compromise,True,False,0.05670000000000001,0,0,0.015384615384615373,0.3333333333333333,1447.3008937491988
Solver_Insider_Threat,176,2,Delivery,T0865,Spearphishing Attachment,True,False,0.07920000000000002,0,0,0.01,1.0,1590.6923499997372
Solver_Insider_Threat,176,3,Exploitation,T0863,User Execution,True,False,0.051750000000000004,0,0,0.01,1.0,3524.424541054443
Solver_Insider_Threat,176,4,Installation,T0889,Modify Program,True,False,0.08640000000000002,0,0,0.01,1.0,4271.322903400566
Solver_Insider_Threat,176,5,Command & Control,T0869,Standard Application Layer Protocol,True,False,0.0675,0,0,0.01,1.0,5615.848147505536
Solver_Insider_Threat,176,6,Actions on Objectives,T0882,Theft of Operational Information,True,False,0.17550000000000002,0,50,0.01,1.0,4498.938792678364
Solver_Insider_Threat,177,0,Reconnaissance,T0842,Network Sniffing,True,False,0.005000000000000001,0,0,0.11111111111111108,0.3333333333333333,1049.7250000002916
Solver_Insider_Threat,177,1,Weaponization,T0820,Exploitation for Evasion,True,False,0.3675,0,0,0.015384615384615373,0.3333333333333333,1508.2259375005256
Solver_Insider_Threat,177,2,Delivery,T0865,Spearphishing Attachment,True,False,0.07920000000000002,0,0,0.01,1.0,1590.692350000385
Solver_Insider_Threat,177,3,Exploitation,T0863,User Execution,True,False,0.051750000000000004,0,0,0.01,1.0,3524.4245410550056
Solver_Insider_Threat,177,4,Installation,T0889,Modify Program,True,False,0.08640000000000002,0,0,0.01,1.0,4271.322903399758
Solver_Insider_Threat,177,5,Command & Control,T0869,Standard Application Layer Protocol,True,False,0.0675,0,0,0.01,1.0,5615.848147505207
Solver_Insider_Threat,177,6,Actions on Objectives,T0882,Theft of Operational Information,False,False,0.17550000000000002,0,0,0.01,1.0,4498.938792678821
Solver_Insider_Threat,178,0,Reconnaissance,T0842,Network Sniffing,True,False,0.025,0,0,0.11111111111111108,1.0,1028.625000000922
Solver_Insider_Threat,178,1,Weaponization,T0818,Engineering Workstation Compromise,True,False,0.0315,0,0,0.015384615384615373,0.9914434523783208,1486.472718750387
Solver_Insider_Threat,178,2,Delivery,T0865,Spearphishing Attachment,False,False,0.07920000000000002,0,0,0.01,1.0,1590.6923499999384
Solver_Insider_Threat,178,3,Exploitation,T0863,User Execution,True,False,0.051750000000000004,0,0,0.01,1.0,3524.4245410538397
Solver_Insider_Threat,178,4,Installation,T0889,Modify Program,True,False,0.08640000000000002,0,0,0.01,1.0,4271.322903400139
Solver_Insider_Threat,178,5,Command & Control,T0869,Standard Application Layer Protocol,True,False,0.0675,0,0,0.01,1.0,5615.84814750476
Solver_Insider_Threat,178,6,Actions on Objectives,T0882,Theft of Operational Information,False,False,0.17550000000000002,0,0,0.01,1.0,4498.9387926788295
Solver_Insider_Threat,179,0,Reconnaissance,T0842,Network Sniffing,True,False,0.025,0,0,0.11111111111111108,0.9999999999972476,1028.6250000008015
Solver_Insider_Threat,179,1,Weaponization,T0818,Engineering Workstation Compromise,True,False,0.05670000000000001,0,0,0.015384615384615373,0.3333333333333333,1447.3008937506945
Solver_Insider_Threat,179,2,Delivery,T0865,Spearphishing Attachment,True,False,0.07920000000000002,0,0,0.01,1.0,1590.692349999283
Solver_Insider_Threat,179,3,Exploitation,T0863,User Execution,True,False,0.051750000000000004,0,0,0.01,1.0,3524.424541054784
Solver_Insider_Threat,179,4,Installation,T0889,Modify Program,True,False,0.08640000000000002,0,0,0.01,1.0,4271.322903399925
Solver_Insider_Threat,179,5,Command & Control,T0869,Standard Application Layer Protocol,True,False,0.0675,0,0,0.01,1.0,5615.84814750474
Solver_Insider_Threat,179,6,Actions on Objectives,T0882,Theft of Operational Information,False,False,0.17550000000000002,0,0,0.01,1.0,4498.938792679459
Solver_Insider_Threat,180,0,Reconnaissance,T0842,Network Sniffing,True,False,0.025,0,0,0.11111111111111108,0.999999999999997,1028.6250000009309
Solver_Insider_Threat,180,1,Weaponization,T0849,Masquerading,False,False,0.005250000000000001,0,0,0.015384615384615373,0.3333333333333333,1147.7911875000764
Solver_Insider_Threat,180,2,Delivery,T0865,Spearphishing Attachment,True,False,0.07920000000000002,0,0,0.01,1.0,1590.6923500006844
Solver_Insider_Threat,180,3,Exploitation,T0863,User Execution,True,False,0.051750000000000004,0,0,0.01,1.0,3524.424541054693
Solver_Insider_Threat,180,4,Installation,T0889,Modify Program,True,False,0.08640000000000002,0,0,0.01,1.0,4271.32290339924
Solver_Insider_Threat,180,5,Command & Control,T0869,Standard Application Layer Protocol,True,True,0.0675,1,0,0.043478260869565216,1.0,5615.8481475048775
Solver_Insider_Threat,181,0,Reconnaissance,T0842,Network Sniffing,True,False,0.025,0,0,0.11111111111111108,0.9999999999988028,1028.624999999852
Solver_Insider_Threat,181,1,Weaponization,T0818,Engineering Workstation Compromise,True,False,0.0315,0,0,0.015384615384615373,0.991443452381309,1486.4727187502203
Solver_Insider_Threat,181,2,Delivery,T0865,Spearphishing Attachment,False,True,0.07920000000000002,1,0,0.06569343065693425,1.0,1590.6923499993597
Solver_Insider_Threat,182,0,Reconnaissance,T0842,Network Sniffing,True,False,0.025,0,0,0.11111111111111108,0.9999999999979139,1028.624999999335
Solver_Insider_Threat,182,1,Weaponization,T0849,Masquerading,False,True,0.04725000000000001,1,0,0.35999999999999993,0.3333333333333333,1096.1206875009002
Solver_Insider_Threat,183,0,Reconnaissance,T0842,Network Sniffing,True,False,0.025,0,0,0.11111111111111108,0.9999999999987494,1028.6250000000966
Solver_Insider_Threat,183,1,Weaponization,T0820,Exploitation for Evasion,True,False,0.3675,0,0,0.015384615384615373,0.3333333333333333,1508.225937499812
Solver_Insider_Threat,183,2,Delivery,T0865,Spearphishing Attachment,True,False,0.07920000000000002,0,0,0.01,1.0,1590.6923500001324
Solver_Insider_Threat,183,3,Exploitation,T0863,User Execution,True,False,0.051750000000000004,0,0,0.01,1.0,3524.4245410549797
Solver_Insider_Threat,183,4,Installation,T0889,Modify Program,True,False,0.08640000000000002,0,0,0.01,1.0,4271.322903399961
Solver_Insider_Threat,183,5,Command & Control,T0869,Standard Application Layer Protocol,True,False,0.0675,0,0,0.01,1.0,5615.848147505538
Solver_Insider_Threat,183,6,Actions on Objectives,T0882,Theft of Operational Information,True,False,0.17550000000000002,0,50,0.01,1.0,4498.938792679436
Solver_Insider_Threat,184,0,Reconnaissance,T0842,Network Sniffing,True,False,0.025,0,0,0.11111111111111108,1.0,1028.6250000005662
Solver_Insider_Threat,184,1,Weaponization,T0818,Engineering Workstation Compromise,True,False,0.0315,0,0,0.015384615384615373,0.9914434523796148,1486.4727187502474
Solver_Insider_Threat,184,2,Delivery,T0865,Spearphishing Attachment,True,False,0.07920000000000002,0,0,0.01,1.0,1590.692350000352
Solver_Insider_Threat,184,3,Exploitation,T0863,User Execution,True,False,0.051750000000000004,0,0,0.01,1.0,3524.4245410545814
Solver_Insider_Threat,184,4,Installation,T0889,Modify Program,True,False,0.08640000000000002,0,0,0.01,1.0,4271.322903400635
Solver_Insider_Threat,184,5,Command & Control,T0869,Standard Application Layer Protocol,True,False,0.0675,0,0,0.01,1.0,5615.848147505573
Solver_Insider_Threat,184,6,Actions on Objectives,T0882,Theft of Operational Information,True,False,0.17550000000000002,0,50,0.01,1.0,4498.938792678907
Solver_Insider_Threat,185,0,Reconnaissance,T0842,Network Sniffing,False,False,0.025,0,0,0.11111111111111108,0.9999999999977702,1028.6249999996148
Solver_Insider_Threat,185,1,Weaponization,T0849,Masquerading,False,False,0.026250000000000002,0,0,0.015384615384615373,0.3333333333333333,1121.955937500027
Solver_Insider_Threat,185,2,Delivery,T0865,Spearphishing Attachment,True,False,0.07920000000000002,0,0,0.01,1.0,1590.6923499992085
Solver_Insider_Threat,185,3,Exploitation,T0863,User Execution,False,False,0.051750000000000004,0,0,0.01,1.0,3524.424541054711
Solver_Insider_Threat,185,4,Installation,T0889,Modify Program,True,False,0.08640000000000002,0,0,0.01,1.0,4271.322903400714
Solver_Insider_Threat,185,5,Command & Control,T0869,Standard Application Layer Protocol,True,False,0.0675,0,0,0.01,1.0,5615.848147504347
Solver_Insider_Threat,185,6,Actions on Objectives,T0882,Theft of Operational Information,True,False,0.17550000000000002,0,50,0.01,1.0,4498.938792678795
Solver_Insider_Threat,186,0,Reconnaissance,T0842,Network Sniffing,True,False,0.025,0,0,0.11111111111111108,1.0,1028.6250000000928
Solver_Insider_Threat,186,1,Weaponization,T0820,Exploitation for Evasion,True,True,0.3675,1,0,0.35999999999999993,0.3333333333333333,1508.225937499517
Solver_Insider_Threat,187,0,Reconnaissance,T0842,Network Sniffing,True,False,0.025,0,0,0.11111111111111108,1.0,1028.6249999994552
Solver_Insider_Threat,187,1,Weaponization,T0849,Masquerading,False,False,0.026250000000000002,0,0,0.015384615384615373,0.3333333333333333,1121.9559374998223
Solver_Insider_Threat,187,2,Delivery,T0865,Spearphishing Attachment,False,False,0.07920000000000002,0,0,0.01,1.0,1590.6923499993666
Solver_Insider_Threat,187,3,Exploitation,T0863,User Execution,True,True,0.051750000000000004,1,0,0.043478260869565216,1.0,3524.4245410538842
Solver_Insider_Threat,188,0,Reconnaissance,T0888,Remote System Information Discovery,False,False,0.03,0,0,0.11111111111111108,0.3333333333333333,973.9374999990833
Solver_Insider_Threat,188,1,Weaponization,T0818,Engineering Workstation Compromise,False,False,0.05670000000000001,0,0,0.015384615384615373,0.3333333333333333,1447.3008937498007
Solver_Insider_Threat,188,2,Delivery,T0865,Spearphishing Attachment,False,False,0.07920000000000002,0,0,0.01,1.0,1590.6923500004314
Solver_Insider_Threat,188,3,Exploitation,T0863,User Execution,True,False,0.051750000000000004,0,0,0.01,1.0,3524.4245410542794
Solver_Insider_Threat,188,4,Installation,T0889,Modify Program,True,False,0.08640000000000002,0,0,0.01,1.0,4271.322903400007
Solver_Insider_Threat,188,5,Command & Control,T0869,Standard Application Layer Protocol,True,False,0.0675,0,0,0.01,1.0,5615.848147504379
Solver_Insider_Threat,188,6,Actions on Objectives,T0882,Theft of Operational Information,False,False,0.17550000000000002,0,0,0.01,1.0,4498.938792679301
Solver_Insider_Threat,189,0,Reconnaissance,T0842,Network Sniffing,True,False,0.025,0,0,0.11111111111111108,1.0,1028.6250000003013
Solver_Insider_Threat,189,1,Weaponization,T0818,Engineering Workstation Compromise,True,False,0.0315,0,0,0.015384615384615373,0.9914434523800483,1486.4727187494927
Solver_Insider_Threat,189,2,Delivery,T0865,Spearphishing Attachment,False,False,0.07920000000000002,0,0,0.01,1.0,1590.6923499992506
Solver_Insider_Threat,189,3,Exploitation,T0863,User Execution,True,False,0.051750000000000004,0,0,0.01,1.0,3524.4245410549665
Solver_Insider_Threat,189,4,Installation,T0889,Modify Program,True,False,0.08640000000000002,0,0,0.01,1.0,4271.322903399477
Solver_Insider_Threat,189,5,Command & Control,T0869,Standard Application Layer Protocol,True,True,0.0675,1,0,0.043478260869565216,1.0,5615.8481475047
Solver_Insider_Threat,190,0,Reconnaissance,T0842,Network Sniffing,False,False,0.045000000000000005,0,0,0.11111111111111108,0.3333333333333333,1007.5250000009121
Solver_Insider_Threat,190,1,Weaponization,T0849,Masquerading,True,False,0.026250000000000002,0,0,0.015384615384615373,0.3333333333333333,1121.9559375004876
Solver_Insider_Threat,190,2,Delivery,T0865,Spearphishing Attachment,False,False,0.07920000000000002,0,0,0.01,1.0,1590.6923500006299
Solver_Insider_Threat,190,3,Exploitation,T0863,User Execution,True,False,0.051750000000000004,0,0,0.01,1.0,3524.424541054621
Solver_Insider_Threat,190,4,Installation,T0889,Modify Program,True,False,0.08640000000000002,0,0,0.01,1.0,4271.322903400533
Solver_Insider_Threat,190,5,Command & Control,T0869,Standard Application Layer Protocol,False,False,0.0675,0,0,0.01,1.0,5615.848147504945
Solver_Insider_Threat,190,6,Actions on Objectives,T0882,Theft of Operational Information,False,False,0.17550000000000002,0,0,0.01,1.0,4498.93879267823
Solver_Insider_Threat,191,0,Reconnaissance,T0842,Network Sniffing,True,False,0.025,0,0,0.11111111111111108,1.0,1028.6250000004675
Solver_Insider_Threat,191,1,Weaponization,T0820,Exploitation for Evasion,True,False,0.0735,0,0,0.015384615384615373,0.3333333333333333,2059.145187499542
Solver_Insider_Threat,191,2,Delivery,T0865,Spearphishing Attachment,True,False,0.07920000000000002,0,0,0.01,1.0,1590.6923500000753
Solver_Insider_Threat,191,3,Exploitation,T0863,User Execution,True,False,0.051750000000000004,0,0,0.01,1.0,3524.4245410540293
Solver_Insider_Threat,191,4,Installation,T0889,Modify Program,True,False,0.08640000000000002,0,0,0.01,1.0,4271.322903400364
Solver_Insider_Threat,191,5,Command & Control,T0869,Standard Application Layer Protocol,False,False,0.0675,0,0,0.01,1.0,5615.8481475044655
Solver_Insider_Threat,191,6,Actions on Objectives,T0882,Theft of Operational Information,True,False,0.17550000000000002,0,50,0.01,1.0,4498.9387926791105
Solver_Insider_Threat,192,0,Reconnaissance,T0842,Network Sniffing,True,False,0.025,0,0,0.11111111111111108,1.0,1028.6249999999422
Solver_Insider_Threat,192,1,Weaponization,T0820,Exploitation for Evasion,True,False,0.3675,0,0,0.015384615384615373,0.3333333333333333,1508.2259374999642
Solver_Insider_Threat,192,2,Delivery,T0865,Spearphishing Attachment,False,True,0.07920000000000002,1,0,0.06569343065693425,1.0,1590.692349999344
Solver_Insider_Threat,193,0,Reconnaissance,T0842,Network Sniffing,True,False,0.025,0,0,0.11111111111111108,0.9999999999949838,1028.6250000006976
Solver_Insider_Threat,193,1,Weaponization,T0818,Engineering Workstation Compromise,False,False,0.0315,0,0,0.015384615384615373,0.3333333333333333,1486.472718749558
Solver_Insider_Threat,193,2,Delivery,T0865,Spearphishing Attachment,True,False,0.07920000000000002,0,0,0.01,1.0,1590.6923500005278
Solver_Insider_Threat,193,3,Exploitation,T0863,User Execution,True,True,0.051750000000000004,1,0,0.043478260869565216,1.0,3524.424541054709
Solver_Insider_Threat,194,0,Reconnaissance,T0888,Remote System Information Discovery,True,False,0.03,0,0,0.11111111111111108,0.3333333333333333,973.9375000001587
Solver_Insider_Threat,194,1,Weaponization,T0820,Exploitation for Evasion,True,False,0.3675,0,0,0.015384615384615373,0.3333333333333333,1508.225937500268
Solver_Insider_Threat,194,2,Delivery,T0865,Spearphishing Attachment,True,False,0.07920000000000002,0,0,0.01,1.0,1590.6923500008602
Solver_Insider_Threat,194,3,Exploitation,T0863,User Execution,True,False,0.051750000000000004,0,0,0.01,1.0,3524.424541054157
Solver_Insider_Threat,194,4,Installation,T0889,Modify Program,True,False,0.08640000000000002,0,0,0.01,1.0,4271.322903399382
Solver_Insider_Threat,194,5,Command & Control,T0869,Standard Application Layer Protocol,True,False,0.0675,0,0,0.01,1.0,5615.848147504864
Solver_Insider_Threat,194,6,Actions on Objectives,T0882,Theft of Operational Information,False,True,0.17550000000000002,1,0,0.043478260869565216,1.0,4498.938792678856
Solver_Insider_Threat,195,0,Reconnaissance,T0842,Network Sniffing,True,False,0.025,0,0,0.11111111111111108,1.0,1028.6249999996664
Solver_Insider_Threat,195,1,Weaponization,T0818,Engineering Workstation Compromise,True,False,0.0315,0,0,0.015384615384615373,0.9914434523831261,1486.472718750481
Solver_Insider_Threat,195,2,Delivery,T0865,Spearphishing Attachment,True,True,0.07920000000000002,1,0,0.06569343065693425,1.0,1590.69234999987
Solver_Insider_Threat,196,0,Reconnaissance,T0887,Wireless Sniffing,True,False,0.4,0,0,0.11111111111111108,0.3333333333333333,1026.0000000000266
Solver_Insider_Threat,196,1,Weaponization,T0818,Engineering Workstation Compromise,True,False,0.0315,0,0,0.015384615384615373,0.991443452379811,1486.4727187490648
Solver_Insider_Threat,196,2,Delivery,T0865,Spearphishing Attachment,True,False,0.07920000000000002,0,0,0.01,1.0,1590.69234999912
Solver_Insider_Threat,196,3,Exploitation,T0863,User Execution,True,False,0.051750000000000004,0,0,0.01,1.0,3524.424541055356
Solver_Insider_Threat,196,4,Installation,T0889,Modify Program,True,False,0.08640000000000002,0,0,0.01,1.0,4271.322903399282
Solver_Insider_Threat,196,5,Command & Control,T0869,Standard Application Layer Protocol,False,False,0.0675,0,0,0.01,1.0,5615.848147505073
Solver_Insider_Threat,196,6,Actions on Objectives,T0882,Theft of Operational Information,False,True,0.17550000000000002,1,0,0.043478260869565216,1.0,4498.938792678841
Solver_Insider_Threat,197,0,Reconnaissance,T0842,Network Sniffing,True,False,0.025,0,0,0.11111111111111108,1.0,1028.6249999990698
Solver_Insider_Threat,197,1,Weaponization,T0818,Engineering Workstation Compromise,True,False,0.0315,0,0,0.015384615384615373,0.9914434523810733,1486.4727187493243
Solver_Insider_Threat,197,2,Delivery,T0865,Spearphishing Attachment,False,True,0.07920000000000002,1,0,0.06569343065693425,1.0,1590.6923500006376
Solver_Insider_Threat,198,0,Reconnaissance,T0842,Network Sniffing,True,False,0.025,0,0,0.11111111111111108,1.0,1028.6249999997658
Solver_Insider_Threat,198,1,Weaponization,T0818,Engineering Workstation Compromise,True,False,0.05670000000000001,0,0,0.015384615384615373,0.3333333333333333,1447.300893749207
Solver_Insider_Threat,198,2,Delivery,T0865,Spearphishing Attachment,False,False,0.07920000000000002,0,0,0.01,1.0,1590.692349999132
Solver_Insider_Threat,198,3,Exploitation,T0863,User Execution,True,False,0.051750000000000004,0,0,0.01,1.0,3524.42454105509
Solver_Insider_Threat,198,4,Installation,T0889,Modify Program,True,False,0.08640000000000002,0,0,0.01,1.0,4271.322903399487
Solver_Insider_Threat,198,5,Command & Control,T0869,Standard Application Layer Protocol,True,False,0.0675,0,0,0.01,1.0,5615.848147504735
Solver_Insider_Threat,198,6,Actions on Objectives,T0882,Theft of Operational Information,False,True,0.17550000000000002,1,0,0.043478260869565216,1.0,4498.938792678618
Solver_Insider_Threat,199,0,Reconnaissance,T0887,Wireless Sniffing,True,False,0.08000000000000002,0,0,0.11111111111111108,0.3333333333333333,1387.5999999999317
Solver_Insider_Threat,199,1,Weaponization,T0820,Exploitation for Evasion,True,True,0.6615000000000001,1,0,0.35999999999999993,0.3333333333333333,957.3066874996663
Solver_Hardened_Defense,0,0,Reconnaissance,T0842,Network Sniffing,True,False,0.037500000000000006,0,0,0.11111111111111108,1.0,1015.4374999991127
Solver_Hardened_Defense,0,1,Weaponization,T0849,Masquerading,True,False,0.07087500000000001,0,0,0.015384615384615373,1.0,1067.056031249394
Solver_Hardened_Defense,0,2,Delivery,T0862,Supply Chain Compromise,True,False,0.14850000000000002,0,0,0.01,1.0,805.8332250004808
Solver_Hardened_Defense,0,3,Exploitation,T0863,User Execution,True,False,0.077625,0,0,0.01,1.0,3417.0234522069413
Solver_Hardened_Defense,0,4,Installation,T1505.003,Server Software Component: Web Shell,True,True,0.243,1,0,0.043478260869565216,1.0,2514.5844203120787
Solver_Hardened_Defense,1,0,Reconnaissance,T0842,Network Sniffing,True,False,0.037500000000000006,0,0,0.11111111111111108,1.0,1015.4375000006414
Solver_Hardened_Defense,1,1,Weaponization,T0849,Masquerading,True,False,0.07087500000000001,0,0,0.015384615384615373,1.0,1067.0560312495331
Solver_Hardened_Defense,1,2,Delivery,T0862,Supply Chain Compromise,True,False,0.14850000000000002,0,0,0.01,1.0,805.8332249994025
Solver_Hardened_Defense,1,3,Exploitation,T0863,User Execution,True,False,0.077625,0,0,0.01,1.0,3417.023452207788
Solver_Hardened_Defense,1,4,Installation,T1505.003,Server Software Component: Web Shell,False,False,0.243,0,0,0.01,1.0,2514.5844203130528
Solver_Hardened_Defense,1,5,Command & Control,T0884,Connection Proxy,False,False,0.16875,0,0,0.01,1.0,4014.411774732074
Solver_Hardened_Defense,1,6,Actions on Objectives,T0882,Theft of Operational Information,False,True,0.26325000000000004,1,0,0.043478260869565216,1.0,4013.8663558934913
Solver_Hardened_Defense,2,0,Reconnaissance,T0842,Network Sniffing,True,False,0.037500000000000006,0,0,0.11111111111111108,1.0,1015.437500000007
Solver_Hardened_Defense,2,1,Weaponization,T0849,Masquerading,False,False,0.07087500000000001,0,0,0.015384615384615373,1.0,1067.0560312507237
Solver_Hardened_Defense,2,2,Delivery,T0862,Supply Chain Compromise,False,False,0.14850000000000002,0,0,0.01,1.0,805.8332249992088
Solver_Hardened_Defense,2,3,Exploitation,T0863,User Execution,True,False,0.077625,0,0,0.01,1.0,3417.023452206597
Solver_Hardened_Defense,2,4,Installation,T1505.003,Server Software Component: Web Shell,False,False,0.243,0,0,0.01,1.0,2514.5844203117645
Solver_Hardened_Defense,2,5,Command & Control,T0884,Connection Proxy,True,False,0.16875,0,0,0.01,1.0,4014.411774732095
Solver_Hardened_Defense,2,6,Actions on Objectives,T0882,Theft of Operational Information,True,False,0.26325000000000004,0,50,0.01,1.0,4013.866355892826
Solver_Hardened_Defense,3,0,Reconnaissance,T0842,Network Sniffing,True,False,0.037500000000000006,0,0,0.11111111111111108,1.0,1015.4375000002976
Solver_Hardened_Defense,3,1,Weaponization,T0849,Masquerading,False,False,0.07087500000000001,0,0,0.015384615384615373,1.0,1067.0560312503892
Solver_Hardened_Defense,3,2,Delivery,T0862,Supply Chain Compromise,False,False,0.14850000000000002,0,0,0.01,1.0,805.8332249997633
Solver_Hardened_Defense,3,3,Exploitation,T0863,User Execution,True,True,0.077625,1,0,0.043478260869565216,1.0,3417.0234522078526
Solver_Hardened_Defense,4,0,Reconnaissance,T0842,Network Sniffing,True,False,0.037500000000000006,0,0,0.11111111111111108,1.0,1015.4375000002609
Solver_Hardened_Defense,4,1,Weaponization,T0849,Masquerading,True,False,0.07087500000000001,0,0,0.015384615384615373,1.0,1067.0560312491991
Solver_Hardened_Defense,4,2,Delivery,T0862,Supply Chain Compromise,True,False,0.14850000000000002,0,0,0.01,1.0,805.8332249995384
Solver_Hardened_Defense,4,3,Exploitation,T0863,User Execution,True,False,0.077625,0,0,0.01,1.0,3417.023452206608
Solver_Hardened_Defense,4,4,Installation,T1505.003,Server Software Component: Web Shell,False,False,0.243,0,0,0.01,1.0,2514.584420311726
Solver_Hardened_Defense,4,5,Command & Control,T0884,Connection Proxy,True,True,0.16875,1,0,0.043478260869565216,1.0,4014.4117747317005
Solver_Hardened_Defense,5,0,Reconnaissance,T0842,Network Sniffing,True,False,0.037500000000000006,0,0,0.11111111111111108,1.0,1015.4374999998522
Solver_Hardened_Defense,5,1,Weaponization,T0849,Masquerading,True,False,0.07087500000000001,0,0,0.015384615384615373,1.0,1067.0560312494895
Solver_Hardened_Defense,5,2,Delivery,T0862,Supply Chain Compromise,True,False,0.14850000000000002,0,0,0.01,1.0,805.8332250003276
Solver_Hardened_Defense,5,3,Exploitation,T0863,User Execution,True,False,0.077625,0,0,0.01,1.0,3417.0234522072037
Solver_Hardened_Defense,5,4,Installation,T1505.003,Server Software Component: Web Shell,True,False,0.243,0,0,0.01,1.0,2514.584420312983
Solver_Hardened_Defense,5,5,Command & Control,T0884,Connection Proxy,True,False,0.16875,0,0,0.01,1.0,4014.4117747312216
Solver_Hardened_Defense,5,6,Actions on Objectives,T0882,Theft of Operational Information,True,True,0.26325000000000004,1,0,0.043478260869565216,1.0,4013.8663558933563
Solver_Hardened_Defense,6,0,Reconnaissance,T0842,Network Sniffing,True,False,0.037500000000000006,0,0,0.11111111111111108,1.0,1015.4375000009486
Solver_Hardened_Defense,6,1,Weaponization,T0849,Masquerading,True,False,0.07087500000000001,0,0,0.015384615384615373,1.0,1067.056031249453
Solver_Hardened_Defense,6,2,Delivery,T0862,Supply Chain Compromise,False,False,0.14850000000000002,0,0,0.01,1.0,805.8332249994744
Solver_Hardened_Defense,6,3,Exploitation,T0863,User Execution,True,False,0.077625,0,0,0.01,1.0,3417.023452207445
Solver_Hardened_Defense,6,4,Installation,T1505.003,Server Software Component: Web Shell,False,False,0.243,0,0,0.01,1.0,2514.5844203128954
Solver_Hardened_Defense,6,5,Command & Control,T0884,Connection Proxy,True,False,0.16875,0,0,0.01,1.0,4014.4117747308637
Solver_Hardened_Defense,6,6,Actions on Objectives,T0882,Theft of Operational Information,True,False,0.26325000000000004,0,50,0.01,1.0,4013.8663558932635
Solver_Hardened_Defense,7,0,Reconnaissance,T0842,Network Sniffing,True,False,0.037500000000000006,0,0,0.11111111111111108,1.0,1015.437499999504
Solver_Hardened_Defense,7,1,Weaponization,T0849,Masquerading,False,False,0.07087500000000001,0,0,0.015384615384615373,1.0,1067.0560312507735
Solver_Hardened_Defense,7,2,Delivery,T0862,Supply Chain Compromise,True,False,0.14850000000000002,0,0,0.01,1.0,805.8332249998659
Solver_Hardened_Defense,7,3,Exploitation,T0863,User Execution,True,False,0.077625,0,0,0.01,1.0,3417.023452207325
Solver_Hardened_Defense,7,4,Installation,T1505.003,Server Software Component: Web Shell,True,False,0.243,0,0,0.01,1.0,2514.58442031264
Solver_Hardened_Defense,7,5,Command & Control,T0884,Connection Proxy,True,False,0.16875,0,0,0.01,1.0,4014.411774730741
Solver_Hardened_Defense,7,6,Actions on Objectives,T0882,Theft of Operational Information,False,False,0.26325000000000004,0,0,0.01,1.0,4013.866355892898
Solver_Hardened_Defense,8,0,Reconnaissance,T0842,Network Sniffing,True,False,0.037500000000000006,0,0,0.11111111111111108,1.0,1015.4374999997195
Solver_Hardened_Defense,8,1,Weaponization,T0849,Masquerading,False,False,0.07087500000000001,0,0,0.015384615384615373,1.0,1067.0560312501702
Solver_Hardened_Defense,8,2,Delivery,T0862,Supply Chain Compromise,True,False,0.14850000000000002,0,0,0.01,1.0,805.8332249999305
Solver_Hardened_Defense,8,3,Exploitation,T0863,User Execution,True,False,0.077625,0,0,0.01,1.0,3417.02345220785
Solver_Hardened_Defense,8,4,Installation,T1505.003,Server Software Component: Web Shell,True,False,0.243,0,0,0.01,1.0,2514.5844203130614
Solver_Hardened_Defense,8,5,Command & Control,T0884,Connection Proxy,False,False,0.16875,0,0,0.01,1.0,4014.4117747313303
Solver_Hardened_Defense,8,6,Actions on Objectives,T0882,Theft of Operational Information,False,True,0.26325000000000004,1,0,0.043478260869565216,1.0,4013.866355892759
Solver_Hardened_Defense,9,0,Reconnaissance,T0842,Network Sniffing,True,False,0.037500000000000006,0,0,0.11111111111111108,1.0,1015.4375000003524
Solver_Hardened_Defense,9,1,Weaponization,T0849,Masquerading,True,False,0.07087500000000001,0,0,0.015384615384615373,1.0,1067.0560312493733
Solver_Hardened_Defense,9,2,Delivery,T0862,Supply Chain Compromise,False,False,0.14850000000000002,0,0,0.01,1.0,805.8332250005498
Solver_Hardened_Defense,9,3,Exploitation,T0863,User Execution,True,False,0.077625,0,0,0.01,1.0,3417.0234522076776
Solver_Hardened_Defense,9,4,Installation,T1505.003,Server Software Component: Web Shell,True,False,0.243,0,0,0.01,1.0,2514.5844203127726
Solver_Hardened_Defense,9,5,Command & Control,T0884,Connection Proxy,True,False,0.16875,0,0,0.01,1.0,4014.411774731743
Solver_Hardened_Defense,9,6,Actions on Objectives,T0882,Theft of Operational Information,False,False,0.26325000000000004,0,0,0.01,1.0,4013.86635589274
Solver_Hardened_Defense,10,0,Reconnaissance,T0842,Network Sniffing,True,False,0.037500000000000006,0,0,0.11111111111111108,1.0,1015.4374999998772
Solver_Hardened_Defense,10,1,Weaponization,T0849,Masquerading,False,False,0.07087500000000001,0,0,0.015384615384615373,1.0,1067.056031249755
Solver_Hardened_Defense,10,2,Delivery,T0862,Supply Chain Compromise,True,False,0.14850000000000002,0,0,0.01,1.0,805.833225000152
Solver_Hardened_Defense,10,3,Exploitation,T0863,User Execution,True,False,0.077625,0,0,0.01,1.0,3417.0234522069904
Solver_Hardened_Defense,10,4,Installation,T1505.003,Server Software Component: Web Shell,True,False,0.243,0,0,0.01,1.0,2514.5844203123793
Solver_Hardened_Defense,10,5,Command & Control,T0884,Connection Proxy,True,False,0.16875,0,0,0.01,1.0,4014.4117747307355
Solver_Hardened_Defense,10,6,Actions on Objectives,T0882,Theft of Operational Information,True,True,0.26325000000000004,1,0,0.043478260869565216,1.0,4013.866355892607
Solver_Hardened_Defense,11,0,Reconnaissance,T0842,Network Sniffing,True,False,0.037500000000000006,0,0,0.11111111111111108,1.0,1015.4375000008214
Solver_Hardened_Defense,11,1,Weaponization,T0849,Masquerading,True,False,0.07087500000000001,0,0,0.015384615384615373,1.0,1067.0560312496705
Solver_Hardened_Defense,11,2,Delivery,T0862,Supply Chain Compromise,False,False,0.14850000000000002,0,0,0.01,1.0,805.8332249992133
Solver_Hardened_Defense,11,3,Exploitation,T0863,User Execution,True,False,0.077625,0,0,0.01,1.0,3417.0234522071983
Solver_Hardened_Defense,11,4,Installation,T1505.003,Server Software Component: Web Shell,True,False,0.243,0,0,0.01,1.0,2514.58442031199
Solver_Hardened_Defense,11,5,Command & Control,T0884,Connection Proxy,True,False,0.16875,0,0,0.01,1.0,4014.4117747310174
Solver_Hardened_Defense,11,6,Actions on Objectives,T0882,Theft of Operational Information,True,True,0.26325000000000004,1,0,0.043478260869565216,1.0,4013.866355893133
Solver_Hardened_Defense,12,0,Reconnaissance,T0842,Network Sniffing,True,False,0.037500000000000006,0,0,0.11111111111111108,1.0,1015.437500000744
Solver_Hardened_Defense,12,1,Weaponization,T0849,Masquerading,False,False,0.07087500000000001,0,0,0.015384615384615373,1.0,1067.0560312494383
Solver_Hardened_Defense,12,2,Delivery,T0862,Supply Chain Compromise,False,True,0.14850000000000002,1,0,0.06569343065693425,1.0,805.833225000509
Solver_Hardened_Defense,13,0,Reconnaissance,T0842,Network Sniffing,True,False,0.037500000000000006,0,0,0.11111111111111108,1.0,1015.4375000000999
Solver_Hardened_Defense,13,1,Weaponization,T0849,Masquerading,True,False,0.07087500000000001,0,0,0.015384615384615373,1.0,1067.0560312501614
Solver_Hardened_Defense,13,2,Delivery,T0862,Supply Chain Compromise,False,False,0.14850000000000002,0,0,0.01,1.0,805.8332250000278
Solver_Hardened_Defense,13,3,Exploitation,T0863,User Execution,True,False,0.077625,0,0,0.01,1.0,3417.023452207656
Solver_Hardened_Defense,13,4,Installation,T1505.003,Server Software Component: Web Shell,True,False,0.243,0,0,0.01,1.0,2514.5844203122683
Solver_Hardened_Defense,13,5,Command & Control,T0884,Connection Proxy,False,False,0.16875,0,0,0.01,1.0,4014.4117747318346
Solver_Hardened_Defense,13,6,Actions on Objectives,T0882,Theft of Operational Information,False,False,0.26325000000000004,0,0,0.01,1.0,4013.8663558930502
Solver_Hardened_Defense,14,0,Reconnaissance,T0842,Network Sniffing,True,False,0.037500000000000006,0,0,0.11111111111111108,1.0,1015.437499999956
Solver_Hardened_Defense,14,1,Weaponization,T0849,Masquerading,False,False,0.07087500000000001,0,0,0.015384615384615373,1.0,1067.0560312494874
Solver_Hardened_Defense,14,2,Delivery,T0862,Supply Chain Compromise,True,False,0.14850000000000002,0,0,0.01,1.0,805.8332250007528
Solver_Hardened_Defense,14,3,Exploitation,T0863,User Execution,True,False,0.077625,0,0,0.01,1.0,3417.0234522078417
Solver_Hardened_Defense,14,4,Installation,T1505.003,Server Software Component: Web Shell,True,False,0.243,0,0,0.01,1.0,2514.584420312596
Solver_Hardened_Defense,14,5,Command & Control,T0884,Connection Proxy,True,False,0.16875,0,0,0.01,1.0,4014.4117747319992
Solver_Hardened_Defense,14,6,Actions on Objectives,T0882,Theft of Operational Information,True,True,0.26325000000000004,1,0,0.043478260869565216,1.0,4013.8663558929356
Solver_Hardened_Defense,15,0,Reconnaissance,T0842,Network Sniffing,True,False,0.037500000000000006,0,0,0.11111111111111108,1.0,1015.4374999994131
Solver_Hardened_Defense,15,1,Weaponization,T0849,Masquerading,True,False,0.07087500000000001,0,0,0.015384615384615373,1.0,1067.0560312497335
Solver_Hardened_Defense,15,2,Delivery,T0862,Supply Chain Compromise,True,False,0.14850000000000002,0,0,0.01,1.0,805.8332249993708
Solver_Hardened_Defense,15,3,Exploitation,T0863,User Execution,True,False,0.077625,0,0,0.01,1.0,3417.0234522065994
Solver_Hardened_Defense,15,4,Installation,T1505.003,Server Software Component: Web Shell,False,False,0.243,0,0,0.01,1.0,2514.5844203122615
Solver_Hardened_Defense,15,5,Command & Control,T0884,Connection Proxy,False,False,0.16875,0,0,0.01,1.0,4014.4117747313435
Solver_Hardened_Defense,15,6,Actions on Objectives,T0882,Theft of Operational Information,False,False,0.26325000000000004,0,0,0.01,1.0,4013.8663558935377
Solver_Hardened_Defense,16,0,Reconnaissance,T0842,Network Sniffing,True,False,0.037500000000000006,0,0,0.11111111111111108,1.0,1015.4374999995862
Solver_Hardened_Defense,16,1,Weaponization,T0849,Masquerading,False,False,0.07087500000000001,0,0,0.015384615384615373,1.0,1067.0560312496634
Solver_Hardened_Defense,16,2,Delivery,T0862,Supply Chain Compromise,True,True,0.14850000000000002,1,0,0.06569343065693425,1.0,805.8332250007403
Solver_Hardened_Defense,17,0,Reconnaissance,T0842,Network Sniffing,True,False,0.037500000000000006,0,0,0.11111111111111108,1.0,1015.4374999994176
Solver_Hardened_Defense,17,1,Weaponization,T0849,Masquerading,True,False,0.07087500000000001,0,0,0.015384615384615373,1.0,1067.0560312494033
Solver_Hardened_Defense,17,2,Delivery,T0862,Supply Chain Compromise,False,False,0.14850000000000002,0,0,0.01,1.0,805.8332249995423
Solver_Hardened_Defense,17,3,Exploitation,T0863,User Execution,True,False,0.077625,0,0,0.01,1.0,3417.0234522077762
Solver_Hardened_Defense,17,4,Installation,T1505.003,Server Software Component: Web Shell,True,False,0.243,0,0,0.01,1.0,2514.5844203122188
Solver_Hardened_Defense,17,5,Command & Control,T0884,Connection Proxy,True,False,0.16875,0,0,0.01,1.0,4014.4117747317778
Solver_Hardened_Defense,17,6,Actions on Objectives,T0882,Theft of Operational Information,False,False,0.26325000000000004,0,0,0.01,1.0,4013.866355892568
Solver_Hardened_Defense,18,0,Reconnaissance,T0842,Network Sniffing,True,False,0.037500000000000006,0,0,0.11111111111111108,1.0,1015.4375000003564
Solver_Hardened_Defense,18,1,Weaponization,T0849,Masquerading,True,False,0.07087500000000001,0,0,0.015384615384615373,1.0,1067.0560312509222
Solver_Hardened_Defense,18,2,Delivery,T0862,Supply Chain Compromise,False,False,0.14850000000000002,0,0,0.01,1.0,805.8332250009022
Solver_Hardened_Defense,18,3,Exploitation,T0863,User Execution,True,False,0.077625,0,0,0.01,1.0,3417.0234522064015
Solver_Hardened_Defense,18,4,Installation,T1505.003,Server Software Component: Web Shell,False,False,0.243,0,0,0.01,1.0,2514.584420313153
Solver_Hardened_Defense,18,5,Command & Control,T0884,Connection Proxy,False,False,0.16875,0,0,0.01,1.0,4014.4117747307355
Solver_Hardened_Defense,18,6,Actions on Objectives,T0882,Theft of Operational Information,True,False,0.26325000000000004,0,50,0.01,1.0,4013.866355892705
Solver_Hardened_Defense,19,0,Reconnaissance,T0842,Network Sniffing,False,False,0.037500000000000006,0,0,0.11111111111111108,1.0,1015.4374999993926
Solver_Hardened_Defense,19,1,Weaponization,T0849,Masquerading,False,False,0.07087500000000001,0,0,0.015384615384615373,1.0,1067.0560312495993
Solver_Hardened_Defense,19,2,Delivery,T0862,Supply Chain Compromise,False,False,0.14850000000000002,0,0,0.01,1.0,805.8332249996274
Solver_Hardened_Defense,19,3,Exploitation,T0863,User Execution,True,False,0.077625,0,0,0.01,1.0,3417.023452207212
Solver_Hardened_Defense,19,4,Installation,T1505.003,Server Software Component: Web Shell,False,False,0.243,0,0,0.01,1.0,2514.5844203132956
Solver_Hardened_Defense,19,5,Command & Control,T0884,Connection Proxy,False,True,0.16875,1,0,0.043478260869565216,1.0,4014.41177473112
Solver_Hardened_Defense,20,0,Reconnaissance,T0842,Network Sniffing,True,False,0.037500000000000006,0,0,0.11111111111111108,1.0,1015.437500000556
Solver_Hardened_Defense,20,1,Weaponization,T0849,Masquerading,True,False,0.07087500000000001,0,0,0.015384615384615373,1.0,1067.0560312491343
Solver_Hardened_Defense,20,2,Delivery,T0862,Supply Chain Compromise,False,False,0.14850000000000002,0,0,0.01,1.0,805.8332250008006
Solver_Hardened_Defense,20,3,Exploitation,T0863,User Execution,True,True,0.077625,1,0,0.043478260869565216,1.0,3417.0234522067003
Solver_Hardened_Defense,21,0,Reconnaissance,T0842,Network Sniffing,True,False,0.037500000000000006,0,0,0.11111111111111108,1.0,1015.437500000284
Solver_Hardened_Defense,21,1,Weaponization,T0849,Masquerading,False,True,0.07087500000000001,1,0,0.35999999999999993,1.0,1067.0560312496116
Solver_Hardened_Defense,22,0,Reconnaissance,T0842,Network Sniffing,True,False,0.037500000000000006,0,0,0.11111111111111108,1.0,1015.4375000009766
Solver_Hardened_Defense,22,1,Weaponization,T0849,Masquerading,False,False,0.07087500000000001,0,0,0.015384615384615373,1.0,1067.0560312498312
Solver_Hardened_Defense,22,2,Delivery,T0862,Supply Chain Compromise,True,False,0.14850000000000002,0,0,0.01,1.0,805.8332250004622
Solver_Hardened_Defense,22,3,Exploitation,T0863,User Execution,True,False,0.077625,0,0,0.01,1.0,3417.0234522065175
Solver_Hardened_Defense,22,4,Installation,T1505.003,Server Software Component: Web Shell,False,False,0.243,0,0,0.01,1.0,2514.584420311956
Solver_Hardened_Defense,22,5,Command & Control,T0884,Connection Proxy,True,False,0.16875,0,0,0.01,1.0,4014.411774732214
Solver_Hardened_Defense,22,6,Actions on Objectives,T0882,Theft of Operational Information,True,False,0.26325000000000004,0,50,0.01,1.0,4013.866355893315
Solver_Hardened_Defense,23,0,Reconnaissance,T0842,Network Sniffing,True,False,0.037500000000000006,0,0,0.11111111111111108,1.0,1015.437500000349
Solver_Hardened_Defense,23,1,Weaponization,T0849,Masquerading,True,False,0.07087500000000001,0,0,0.015384615384615373,1.0,1067.0560312504438
Solver_Hardened_Defense,23,2,Delivery,T0862,Supply Chain Compromise,False,False,0.14850000000000002,0,0,0.01,1.0,805.8332249996206
Solver_Hardened_Defense,23,3,Exploitation,T0863,User Execution,True,False,0.077625,0,0,0.01,1.0,3417.0234522074657
Solver_Hardened_Defense,23,4,Installation,T1505.003,Server Software Component: Web Shell,True,False,0.243,0,0,0.01,1.0,2514.584420312929
Solver_Hardened_Defense,23,5,Command & Control,T0884,Connection Proxy,True,False,0.16875,0,0,0.01,1.0,4014.411774732062
Solver_Hardened_Defense,23,6,Actions on Objectives,T0882,Theft of Operational Information,True,True,0.26325000000000004,1,0,0.043478260869565216,1.0,4013.8663558929293
Solver_Hardened_Defense,24,0,Reconnaissance,T0842,Network Sniffing,True,False,0.037500000000000006,0,0,0.11111111111111108,1.0,1015.4375000002665
Solver_Hardened_Defense,24,1,Weaponization,T0849,Masquerading,True,False,0.07087500000000001,0,0,0.015384615384615373,1.0,1067.0560312498335
Solver_Hardened_Defense,24,2,Delivery,T0862,Supply Chain Compromise,False,False,0.14850000000000002,0,0,0.01,1.0,805.8332249998931
Solver_Hardened_Defense,24,3,Exploitation,T0863,User Execution,True,False,0.077625,0,0,0.01,1.0,3417.023452206237
Solver_Hardened_Defense,24,4,Installation,T1505.003,Server Software Component: Web Shell,True,False,0.243,0,0,0.01,1.0,2514.58442031225
Solver_Hardened_Defense,24,5,Command & Control,T0884,Connection Proxy,True,False,0.16875,0,0,0.01,1.0,4014.411774731223
Solver_Hardened_Defense,24,6,Actions on Objectives,T0882,Theft of Operational Information,False,False,0.26325000000000004,0,0,0.01,1.0,4013.866355893193
Solver_Hardened_Defense,25,0,Reconnaissance,T0842,Network Sniffing,True,False,0.037500000000000006,0,0,0.11111111111111108,1.0,1015.437499999026
Solver_Hardened_Defense,25,1,Weaponization,T0849,Masquerading,False,False,0.07087500000000001,0,0,0.015384615384615373,1.0,1067.0560312490995
Solver_Hardened_Defense,25,2,Delivery,T0862,Supply Chain Compromise,False,False,0.14850000000000002,0,0,0.01,1.0,805.8332249993981
Solver_Hardened_Defense,25,3,Exploitation,T0863,User Execution,True,False,0.077625,0,0,0.01,1.0,3417.02345220721
Solver_Hardened_Defense,25,4,Installation,T1505.003,Server Software Component: Web Shell,True,False,0.243,0,0,0.01,1.0,2514.5844203118677
Solver_Hardened_Defense,25,5,Command & Control,T0884,Connection Proxy,True,True,0.16875,1,0,0.043478260869565216,1.0,4014.41177473149
Solver_Hardened_Defense,26,0,Reconnaissance,T0842,Network Sniffing,True,False,0.037500000000000006,0,0,0.11111111111111108,1.0,1015.4375000007406
Solver_Hardened_Defense,26,1,Weaponization,T0849,Masquerading,True,False,0.07087500000000001,0,0,0.015384615384615373,1.0,1067.0560312502594
Solver_Hardened_Defense,26,2,Delivery,T0862,Supply Chain Compromise,True,False,0.14850000000000002,0,0,0.01,1.0,805.8332250007928
Solver_Hardened_Defense,26,3,Exploitation,T0863,User Execution,True,False,0.077625,0,0,0.01,1.0,3417.0234522064175
Solver_Hardened_Defense,26,4,Installation,T1505.003,Server Software Component: Web Shell,True,False,0.243,0,0,0.01,1.0,2514.5844203130505
Solver_Hardened_Defense,26,5,Command & Control,T0884,Connection Proxy,True,False,0.16875,0,0,0.01,1.0,4014.4117747306864
Solver_Hardened_Defense,26,6,Actions on Objectives,T0882,Theft of Operational Information,True,False,0.26325000000000004,0,50,0.01,1.0,4013.8663558938265
Solver_Hardened_Defense,27,0,Reconnaissance,T0842,Network Sniffing,True,False,0.037500000000000006,0,0,0.11111111111111108,1.0,1015.4375000003079
Solver_Hardened_Defense,27,1,Weaponization,T0849,Masquerading,False,False,0.07087500000000001,0,0,0.015384615384615373,1.0,1067.0560312497016
Solver_Hardened_Defense,27,2,Delivery,T0862,Supply Chain Compromise,False,False,0.14850000000000002,0,0,0.01,1.0,805.8332250001064
Solver_Hardened_Defense,27,3,Exploitation,T0863,User Execution,True,False,0.077625,0,0,0.01,1.0,3417.0234522069927
Solver_Hardened_Defense,27,4,Installation,T1505.003,Server Software Component: Web Shell,False,False,0.243,0,0,0.01,1.0,2514.584420312981
Solver_Hardened_Defense,27,5,Command & Control,T0884,Connection Proxy,True,False,0.16875,0,0,0.01,1.0,4014.4117747320206
Solver_Hardened_Defense,27,6,Actions on Objectives,T0882,Theft of Operational Information,True,False,0.26325000000000004,0,50,0.01,1.0,4013.866355892483
Solver_Hardened_Defense,28,0,Reconnaissance,T0842,Network Sniffing,True,False,0.037500000000000006,0,0,0.11111111111111108,1.0,1015.4375000008758
Solver_Hardened_Defense,28,1,Weaponization,T0849,Masquerading,False,False,0.07087500000000001,0,0,0.015384615384615373,1.0,1067.0560312503173
Solver_Hardened_Defense,28,2,Delivery,T0862,Supply Chain Compromise,False,False,0.14850000000000002,0,0,0.01,1.0,805.833225000566
Solver_Hardened_Defense,28,3,Exploitation,T0863,User Execution,True,False,0.077625,0,0,0.01,1.0,3417.0234522074766
Solver_Hardened_Defense,28,4,Installation,T1505.003,Server Software Component: Web Shell,False,False,0.243,0,0,0.01,1.0,2514.5844203120714
Solver_Hardened_Defense,28,5,Command & Control,T0884,Connection Proxy,True,False,0.16875,0,0,0.01,1.0,4014.4117747312703
Solver_Hardened_Defense,28,6,Actions on Objectives,T0882,Theft of Operational Information,False,False,0.26325000000000004,0,0,0.01,1.0,4013.8663558934113
Solver_Hardened_Defense,29,0,Reconnaissance,T0842,Network Sniffing,True,False,0.037500000000000006,0,0,0.11111111111111108,1.0,1015.4375000004378
Solver_Hardened_Defense,29,1,Weaponization,T0849,Masquerading,False,False,0.07087500000000001,0,0,0.015384615384615373,1.0,1067.056031250275
Solver_Hardened_Defense,29,2,Delivery,T0862,Supply Chain Compromise,True,False,0.14850000000000002,0,0,0.01,1.0,805.8332250004485
Solver_Hardened_Defense,29,3,Exploitation,T0863,User Execution,True,False,0.077625,0,0,0.01,1.0,3417.0234522071632
Solver_Hardened_Defense,29,4,Installation,T1505.003,Server Software Component: Web Shell,False,False,0.243,0,0,0.01,1.0,2514.5844203126303
Solver_Hardened_Defense,29,5,Command & Control,T0884,Connection Proxy,True,False,0.16875,0,0,0.01,1.0,4014.4117747313835
Solver_Hardened_Defense,29,6,Actions on Objectives,T0882,Theft of Operational Information,True,True,0.26325000000000004,1,0,0.043478260869565216,1.0,4013.8663558934754
Solver_Hardened_Defense,30,0,Reconnaissance,T0842,Network Sniffing,True,False,0.037500000000000006,0,0,0.11111111111111108,1.0,1015.437499999919
Solver_Hardened_Defense,30,1,Weaponization,T0849,Masquerading,False,False,0.07087500000000001,0,0,0.015384615384615373,1.0,1067.0560312501586
Solver_Hardened_Defense,30,2,Delivery,T0862,Supply Chain Compromise,True,False,0.14850000000000002,0,0,0.01,1.0,805.8332249992717
Solver_Hardened_Defense,30,3,Exploitation,T0863,User Execution,True,False,0.077625,0,0,0.01,1.0,3417.023452206539
Solver_Hardened_Defense,30,4,Installation,T1505.003,Server Software Component: Web Shell,True,False,0.243,0,0,0.01,1.0,2514.5844203119186
Solver_Hardened_Defense,30,5,Command & Control,T0884,Connection Proxy,True,False,0.16875,0,0,0.01,1.0,4014.4117747318514
Solver_Hardened_Defense,30,6,Actions on Objectives,T0882,Theft of Operational Information,False,True,0.26325000000000004,1,0,0.043478260869565216,1.0,4013.866355893329
Solver_Hardened_Defense,31,0,Reconnaissance,T0842,Network Sniffing,True,False,0.037500000000000006,0,0,0.11111111111111108,1.0,1015.4374999992631
Solver_Hardened_Defense,31,1,Weaponization,T0849,Masquerading,False,False,0.07087500000000001,0,0,0.015384615384615373,1.0,1067.0560312501218
Solver_Hardened_Defense,31,2,Delivery,T0862,Supply Chain Compromise,True,False,0.14850000000000002,0,0,0.01,1.0,805.8332249997977
Solver_Hardened_Defense,31,3,Exploitation,T0863,User Execution,True,False,0.077625,0,0,0.01,1.0,3417.0234522078063
Solver_Hardened_Defense,31,4,Installation,T1505.003,Server Software Component: Web Shell,True,False,0.243,0,0,0.01,1.0,2514.5844203125353
Solver_Hardened_Defense,31,5,Command & Control,T0884,Connection Proxy,True,False,0.16875,0,0,0.01,1.0,4014.411774731775
Solver_Hardened_Defense,31,6,Actions on Objectives,T0882,Theft of Operational Information,True,False,0.26325000000000004,0,50,0.01,1.0,4013.8663558930602
Solver_Hardened_Defense,32,0,Reconnaissance,T0842,Network Sniffing,True,False,0.037500000000000006,0,0,0.11111111111111108,1.0,1015.4374999997827
Solver_Hardened_Defense,32,1,Weaponization,T0849,Masquerading,True,False,0.07087500000000001,0,0,0.015384615384615373,1.0,1067.0560312492678
Solver_Hardened_Defense,32,2,Delivery,T0862,Supply Chain Compromise,True,False,0.14850000000000002,0,0,0.01,1.0,805.8332249996749
Solver_Hardened_Defense,32,3,Exploitation,T0863,User Execution,True,False,0.077625,0,0,0.01,1.0,3417.0234522069622
Solver_Hardened_Defense,32,4,Installation,T1505.003,Server Software Component: Web Shell,True,False,0.243,0,0,0.01,1.0,2514.584420312208
Solver_Hardened_Defense,32,5,Command & Control,T0884,Connection Proxy,True,False,0.16875,0,0,0.01,1.0,4014.4117747321648
Solver_Hardened_Defense,32,6,Actions on Objectives,T0882,Theft of Operational Information,True,True,0.26325000000000004,1,0,0.043478260869565216,1.0,4013.86635589291
Solver_Hardened_Defense,33,0,Reconnaissance,T0842,Network Sniffing,True,False,0.037500000000000006,0,0,0.11111111111111108,1.0,1015.4375000004604
Solver_Hardened_Defense,33,1,Weaponization,T0849,Masquerading,False,False,0.07087500000000001,0,0,0.015384615384615373,1.0,1067.0560312501582
Solver_Hardened_Defense,33,2,Delivery,T0862,Supply Chain Compromise,True,False,0.14850000000000002,0,0,0.01,1.0,805.8332249996525
Solver_Hardened_Defense,33,3,Exploitation,T0863,User Execution,True,False,0.077625,0,0,0.01,1.0,3417.0234522066753
Solver_Hardened_Defense,33,4,Installation,T1505.003,Server Software Component: Web Shell,False,True,0.243,1,0,0.043478260869565216,1.0,2514.5844203120855
Solver_Hardened_Defense,34,0,Reconnaissance,T0842,Network Sniffing,True,False,0.037500000000000006,0,0,0.11111111111111108,1.0,1015.4375000007888
Solver_Hardened_Defense,34,1,Weaponization,T0849,Masquerading,False,False,0.07087500000000001,0,0,0.015384615384615373,1.0,1067.0560312508435
Solver_Hardened_Defense,34,2,Delivery,T0862,Supply Chain Compromise,False,False,0.14850000000000002,0,0,0.01,1.0,805.8332250000211
Solver_Hardened_Defense,34,3,Exploitation,T0863,User Execution,True,False,0.077625,0,0,0.01,1.0,3417.0234522066594
Solver_Hardened_Defense,34,4,Installation,T1505.003,Server Software Component: Web Shell,False,True,0.243,1,0,0.043478260869565216,1.0,2514.584420313251
Solver_Hardened_Defense,35,0,Reconnaissance,T0842,Network Sniffing,True,False,0.037500000000000006,0,0,0.11111111111111108,1.0,1015.4375000003436
Solver_Hardened_Defense,35,1,Weaponization,T0849,Masquerading,True,False,0.07087500000000001,0,0,0.015384615384615373,1.0,1067.0560312495752
Solver_Hardened_Defense,35,2,Delivery,T0862,Supply Chain Compromise,True,False,0.14850000000000002,0,0,0.01,1.0,805.8332250000115
Solver_Hardened_Defense,35,3,Exploitation,T0863,User Execution,True,False,0.077625,0,0,0.01,1.0,3417.0234522074675
Solver_Hardened_Defense,35,4,Installation,T1505.003,Server Software Component: Web Shell,True,True,0.243,1,0,0.043478260869565216,1.0,2514.5844203118518
Solver_Hardened_Defense,36,0,Reconnaissance,T0842,Network Sniffing,True,False,0.037500000000000006,0,0,0.11111111111111108,1.0,1015.4374999993214
Solver_Hardened_Defense,36,1,Weaponization,T0849,Masquerading,False,False,0.07087500000000001,0,0,0.015384615384615373,1.0,1067.0560312506934
Solver_Hardened_Defense,36,2,Delivery,T0862,Supply Chain Compromise,False,True,0.14850000000000002,1,0,0.06569343065693425,1.0,805.8332249997841
Solver_Hardened_Defense,37,0,Reconnaissance,T0842,Network Sniffing,True,False,0.037500000000000006,0,0,0.11111111111111108,1.0,1015.437500000531
Solver_Hardened_Defense,37,1,Weaponization,T0849,Masquerading,False,False,0.07087500000000001,0,0,0.015384615384615373,1.0,1067.0560312507093
Solver_Hardened_Defense,37,2,Delivery,T0862,Supply Chain Compromise,False,False,0.14850000000000002,0,0,0.01,1.0,805.8332250006869
Solver_Hardened_Defense,37,3,Exploitation,T0863,User Execution,False,False,0.077625,0,0,0.01,1.0,3417.02345220678
Solver_Hardened_Defense,37,4,Installation,T1505.003,Server Software Component: Web Shell,False,True,0.243,1,0,0.043478260869565216,1.0,2514.5844203125052
Solver_Hardened_Defense,38,0,Reconnaissance,T0842,Network Sniffing,True,False,0.037500000000000006,0,0,0.11111111111111108,1.0,1015.437500000642
Solver_Hardened_Defense,38,1,Weaponization,T0849,Masquerading,False,False,0.07087500000000001,0,0,0.015384615384615373,1.0,1067.0560312509447
Solver_Hardened_Defense,38,2,Delivery,T0862,Supply Chain Compromise,False,False,0.14850000000000002,0,0,0.01,1.0,805.8332250003658
Solver_Hardened_Defense,38,3,Exploitation,T0863,User Execution,True,False,0.077625,0,0,0.01,1.0,3417.0234522078063
Solver_Hardened_Defense,38,4,Installation,T1505.003,Server Software Component: Web Shell,False,True,0.243,1,0,0.043478260869565216,1.0,2514.584420312654
Solver_Hardened_Defense,39,0,Reconnaissance,T0842,Network Sniffing,True,False,0.037500000000000006,0,0,0.11111111111111108,1.0,1015.4375000005097
Solver_Hardened_Defense,39,1,Weaponization,T0849,Masquerading,True,False,0.07087500000000001,0,0,0.015384615384615373,1.0,1067.056031250879
Solver_Hardened_Defense,39,2,Delivery,T0862,Supply Chain Compromise,False,False,0.14850000000000002,0,0,0.01,1.0,805.8332249991648
Solver_Hardened_Defense,39,3,Exploitation,T0863,User Execution,True,False,0.077625,0,0,0.01,1.0,3417.023452207165
Solver_Hardened_Defense,39,4,Installation,T1505.003,Server Software Component: Web Shell,False,False,0.243,0,0,0.01,1.0,2514.584420312944
Solver_Hardened_Defense,39,5,Command & Control,T0884,Connection Proxy,True,False,0.16875,0,0,0.01,1.0,4014.4117747317937
Solver_Hardened_Defense,39,6,Actions on Objectives,T0882,Theft of Operational Information,True,True,0.26325000000000004,1,0,0.043478260869565216,1.0,4013.8663558933035
Solver_Hardened_Defense,40,0,Reconnaissance,T0842,Network Sniffing,True,False,0.037500000000000006,0,0,0.11111111111111108,1.0,1015.4374999999354
Solver_Hardened_Defense,40,1,Weaponization,T0849,Masquerading,False,False,0.07087500000000001,0,0,0.015384615384615373,1.0,1067.0560312502878
Solver_Hardened_Defense,40,2,Delivery,T0862,Supply Chain Compromise,True,False,0.14850000000000002,0,0,0.01,1.0,805.833225000094
Solver_Hardened_Defense,40,3,Exploitation,T0863,User Execution,False,False,0.077625,0,0,0.01,1.0,3417.023452206568
Solver_Hardened_Defense,40,4,Installation,T1505.003,Server Software Component: Web Shell,True,True,0.243,1,0,0.043478260869565216,1.0,2514.58442031222
Solver_Hardened_Defense,41,0,Reconnaissance,T0842,Network Sniffing,True,False,0.037500000000000006,0,0,0.11111111111111108,1.0,1015.4375000007344
Solver_Hardened_Defense,41,1,Weaponization,T0849,Masquerading,True,False,0.07087500000000001,0,0,0.015384615384615373,1.0,1067.0560312500781
Solver_Hardened_Defense,41,2,Delivery,T0862,Supply Chain Compromise,False,False,0.14850000000000002,0,0,0.01,1.0,805.8332250005257
Solver_Hardened_Defense,41,3,Exploitation,T0863,User Execution,True,False,0.077625,0,0,0.01,1.0,3417.023452206202
Solver_Hardened_Defense,41,4,Installation,T1505.003,Server Software Component: Web Shell,True,False,0.243,0,0,0.01,1.0,2514.584420313219
Solver_Hardened_Defense,41,5,Command & Control,T0884,Connection Proxy,False,False,0.16875,0,0,0.01,1.0,4014.411774731504
Solver_Hardened_Defense,41,6,Actions on Objectives,T0882,Theft of Operational Information,False,False,0.26325000000000004,0,0,0.01,1.0,4013.8663558933004
Solver_Hardened_Defense,42,0,Reconnaissance,T0842,Network Sniffing,True,False,0.037500000000000006,0,0,0.11111111111111108,1.0,1015.4374999996671
Solver_Hardened_Defense,42,1,Weaponization,T0849,Masquerading,False,False,0.07087500000000001,0,0,0.015384615384615373,1.0,1067.0560312508333
Solver_Hardened_Defense,42,2,Delivery,T0862,Supply Chain Compromise,False,False,0.14850000000000002,0,0,0.01,1.0,805.8332250002093
Solver_Hardened_Defense,42,3,Exploitation,T0863,User Execution,True,False,0.077625,0,0,0.01,1.0,3417.0234522063215
Solver_Hardened_Defense,42,4,Installation,T1505.003,Server Software Component: Web Shell,True,False,0.243,0,0,0.01,1.0,2514.5844203126508
Solver_Hardened_Defense,42,5,Command & Control,T0884,Connection Proxy,True,False,0.16875,0,0,0.01,1.0,4014.4117747319306
Solver_Hardened_Defense,42,6,Actions on Objectives,T0882,Theft of Operational Information,True,False,0.26325000000000004,0,50,0.01,1.0,4013.8663558938465
Solver_Hardened_Defense,43,0,Reconnaissance,T0842,Network Sniffing,True,False,0.037500000000000006,0,0,0.11111111111111108,1.0,1015.4374999991278
Solver_Hardened_Defense,43,1,Weaponization,T0849,Masquerading,False,False,0.07087500000000001,0,0,0.015384615384615373,1.0,1067.056031250428
Solver_Hardened_Defense,43,2,Delivery,T0862,Supply Chain Compromise,False,False,0.14850000000000002,0,0,0.01,1.0,805.8332249997231
Solver_Hardened_Defense,43,3,Exploitation,T0863,User Execution,True,False,0.077625,0,0,0.01,1.0,3417.023452207139
Solver_Hardened_Defense,43,4,Installation,T1505.003,Server Software Component: Web Shell,False,False,0.243,0,0,0.01,1.0,2514.5844203132956
Solver_Hardened_Defense,43,5,Command & Control,T0884,Connection Proxy,True,False,0.16875,0,0,0.01,1.0,4014.4117747313926
Solver_Hardened_Defense,43,6,Actions on Objectives,T0882,Theft of Operational Information,False,False,0.26325000000000004,0,0,0.01,1.0,4013.8663558927174
Solver_Hardened_Defense,44,0,Reconnaissance,T0842,Network Sniffing,True,False,0.037500000000000006,0,0,0.11111111111111108,1.0,1015.4375000003255
Solver_Hardened_Defense,44,1,Weaponization,T0849,Masquerading,False,False,0.07087500000000001,0,0,0.015384615384615373,1.0,1067.056031249213
Solver_Hardened_Defense,44,2,Delivery,T0862,Supply Chain Compromise,True,False,0.14850000000000002,0,0,0.01,1.0,805.8332250002609
Solver_Hardened_Defense,44,3,Exploitation,T0863,User Execution,True,False,0.077625,0,0,0.01,1.0,3417.023452207101
Solver_Hardened_Defense,44,4,Installation,T1505.003,Server Software Component: Web Shell,False,False,0.243,0,0,0.01,1.0,2514.584420312777
Solver_Hardened_Defense,44,5,Command & Control,T0884,Connection Proxy,True,False,0.16875,0,0,0.01,1.0,4014.4117747309774
Solver_Hardened_Defense,44,6,Actions on Objectives,T0882,Theft of Operational Information,False,False,0.26325000000000004,0,0,0.01,1.0,4013.866355892927
Solver_Hardened_Defense,45,0,Reconnaissance,T0842,Network Sniffing,True,False,0.037500000000000006,0,0,0.11111111111111108,1.0,1015.4374999999416
Solver_Hardened_Defense,45,1,Weaponization,T0849,Masquerading,False,False,0.07087500000000001,0,0,0.015384615384615373,1.0,1067.056031249124
Solver_Hardened_Defense,45,2,Delivery,T0862,Supply Chain Compromise,True,False,0.14850000000000002,0,0,0.01,1.0,805.8332250007708
Solver_Hardened_Defense,45,3,Exploitation,T0863,User Execution,False,False,0.077625,0,0,0.01,1.0,3417.023452207749
Solver_Hardened_Defense,45,4,Installation,T1505.003,Server Software Component: Web Shell,True,False,0.243,0,0,0.01,1.0,2514.584420312674
Solver_Hardened_Defense,45,5,Command & Control,T0884,Connection Proxy,False,False,0.16875,0,0,0.01,1.0,4014.411774731909
Solver_Hardened_Defense,45,6,Actions on Objectives,T0882,Theft of Operational Information,False,False,0.26325000000000004,0,0,0.01,1.0,4013.866355893511
Solver_Hardened_Defense,46,0,Reconnaissance,T0842,Network Sniffing,True,False,0.037500000000000006,0,0,0.11111111111111108,1.0,1015.4374999990554
Solver_Hardened_Defense,46,1,Weaponization,T0849,Masquerading,True,False,0.07087500000000001,0,0,0.015384615384615373,1.0,1067.056031249833
Solver_Hardened_Defense,46,2,Delivery,T0862,Supply Chain Compromise,True,False,0.14850000000000002,0,0,0.01,1.0,805.8332250000867
Solver_Hardened_Defense,46,3,Exploitation,T0863,User Execution,True,False,0.077625,0,0,0.01,1.0,3417.0234522070946
Solver_Hardened_Defense,46,4,Installation,T1505.003,Server Software Component: Web Shell,True,False,0.243,0,0,0.01,1.0,2514.5844203125316
Solver_Hardened_Defense,46,5,Command & Control,T0884,Connection Proxy,False,False,0.16875,0,0,0.01,1.0,4014.4117747312603
Solver_Hardened_Defense,46,6,Actions on Objectives,T0882,Theft of Operational Information,True,False,0.26325000000000004,0,50,0.01,1.0,4013.866355893264
Solver_Hardened_Defense,47,0,Reconnaissance,T0842,Network Sniffing,True,False,0.037500000000000006,0,0,0.11111111111111108,1.0,1015.4374999996161
Solver_Hardened_Defense,47,1,Weaponization,T0849,Masquerading,True,False,0.07087500000000001,0,0,0.015384615384615373,1.0,1067.056031250406
Solver_Hardened_Defense,47,2,Delivery,T0862,Supply Chain Compromise,False,False,0.14850000000000002,0,0,0.01,1.0,805.8332250008922
Solver_Hardened_Defense,47,3,Exploitation,T0863,User Execution,True,False,0.077625,0,0,0.01,1.0,3417.0234522071837
Solver_Hardened_Defense,47,4,Installation,T1505.003,Server Software Component: Web Shell,False,True,0.243,1,0,0.043478260869565216,1.0,2514.584420312185
Solver_Hardened_Defense,48,0,Reconnaissance,T0842,Network Sniffing,True,False,0.037500000000000006,0,0,0.11111111111111108,1.0,1015.4375000008763
Solver_Hardened_Defense,48,1,Weaponization,T0849,Masquerading,True,False,0.07087500000000001,0,0,0.015384615384615373,1.0,1067.0560312505247
Solver_Hardened_Defense,48,2,Delivery,T0862,Supply Chain Compromise,True,False,0.14850000000000002,0,0,0.01,1.0,805.8332250007035
Solver_Hardened_Defense,48,3,Exploitation,T0863,User Execution,True,False,0.077625,0,0,0.01,1.0,3417.0234522072733
Solver_Hardened_Defense,48,4,Installation,T1505.003,Server Software Component: Web Shell,True,False,0.243,0,0,0.01,1.0,2514.5844203124266
Solver_Hardened_Defense,48,5,Command & Control,T0884,Connection Proxy,True,False,0.16875,0,0,0.01,1.0,4014.4117747314554
Solver_Hardened_Defense,48,6,Actions on Objectives,T0882,Theft of Operational Information,False,True,0.26325000000000004,1,0,0.043478260869565216,1.0,4013.866355892709
Solver_Hardened_Defense,49,0,Reconnaissance,T0842,Network Sniffing,True,False,0.037500000000000006,0,0,0.11111111111111108,1.0,1015.4375000001016
Solver_Hardened_Defense,49,1,Weaponization,T0849,Masquerading,True,False,0.07087500000000001,0,0,0.015384615384615373,1.0,1067.0560312503887
Solver_Hardened_Defense,49,2,Delivery,T0862,Supply Chain Compromise,True,False,0.14850000000000002,0,0,0.01,1.0,805.83322499952
Solver_Hardened_Defense,49,3,Exploitation,T0863,User Execution,True,False,0.077625,0,0,0.01,1.0,3417.023452206638
Solver_Hardened_Defense,49,4,Installation,T1505.003,Server Software Component: Web Shell,False,False,0.243,0,0,0.01,1.0,2514.584420312183
Solver_Hardened_Defense,49,5,Command & Control,T0884,Connection Proxy,True,True,0.16875,1,0,0.043478260869565216,1.0,4014.4117747310133
Solver_Hardened_Defense,50,0,Reconnaissance,T0842,Network Sniffing,True,False,0.037500000000000006,0,0,0.11111111111111108,1.0,1015.4375000008272
Solver_Hardened_Defense,50,1,Weaponization,T0849,Masquerading,True,False,0.07087500000000001,0,0,0.015384615384615373,1.0,1067.0560312492644
Solver_Hardened_Defense,50,2,Delivery,T0862,Supply Chain Compromise,False,False,0.14850000000000002,0,0,0.01,1.0,805.8332250001288
Solver_Hardened_Defense,50,3,Exploitation,T0863,User Execution,True,False,0.077625,0,0,0.01,1.0,3417.023452207777
Solver_Hardened_Defense,50,4,Installation,T1505.003,Server Software Component: Web Shell,False,False,0.243,0,0,0.01,1.0,2514.584420311838
Solver_Hardened_Defense,50,5,Command & Control,T0884,Connection Proxy,True,False,0.16875,0,0,0.01,1.0,4014.411774731314
Solver_Hardened_Defense,50,6,Actions on Objectives,T0882,Theft of Operational Information,False,True,0.26325000000000004,1,0,0.043478260869565216,1.0,4013.866355893729
Solver_Hardened_Defense,51,0,Reconnaissance,T0842,Network Sniffing,True,False,0.037500000000000006,0,0,0.11111111111111108,1.0,1015.4374999996368
Solver_Hardened_Defense,51,1,Weaponization,T0849,Masquerading,False,True,0.07087500000000001,1,0,0.35999999999999993,1.0,1067.0560312494686
Solver_Hardened_Defense,52,0,Reconnaissance,T0842,Network Sniffing,True,False,0.037500000000000006,0,0,0.11111111111111108,1.0,1015.4375000004914
Solver_Hardened_Defense,52,1,Weaponization,T0849,Masquerading,True,False,0.07087500000000001,0,0,0.015384615384615373,1.0,1067.0560312494297
Solver_Hardened_Defense,52,2,Delivery,T0862,Supply Chain Compromise,True,False,0.14850000000000002,0,0,0.01,1.0,805.8332249996545
Solver_Hardened_Defense,52,3,Exploitation,T0863,User Execution,True,False,0.077625,0,0,0.01,1.0,3417.023452206489
Solver_Hardened_Defense,52,4,Installation,T1505.003,Server Software Component: Web Shell,True,False,0.243,0,0,0.01,1.0,2514.5844203129277
Solver_Hardened_Defense,52,5,Command & Control,T0884,Connection Proxy,True,False,0.16875,0,0,0.01,1.0,4014.411774731716
Solver_Hardened_Defense,52,6,Actions on Objectives,T0882,Theft of Operational Information,True,False,0.26325000000000004,0,50,0.01,1.0,4013.8663558933117
Solver_Hardened_Defense,53,0,Reconnaissance,T0842,Network Sniffing,True,False,0.037500000000000006,0,0,0.11111111111111108,1.0,1015.437500000966
Solver_Hardened_Defense,53,1,Weaponization,T0849,Masquerading,True,False,0.07087500000000001,0,0,0.015384615384615373,1.0,1067.0560312502573
Solver_Hardened_Defense,53,2,Delivery,T0862,Supply Chain Compromise,True,False,0.14850000000000002,0,0,0.01,1.0,805.8332249996392
Solver_Hardened_Defense,53,3,Exploitation,T0863,User Execution,True,False,0.077625,0,0,0.01,1.0,3417.02345220663
Solver_Hardened_Defense,53,4,Installation,T1505.003,Server Software Component: Web Shell,False,True,0.243,1,0,0.043478260869565216,1.0,2514.584420313153
Solver_Hardened_Defense,54,0,Reconnaissance,T0842,Network Sniffing,True,False,0.037500000000000006,0,0,0.11111111111111108,1.0,1015.4374999994424
Solver_Hardened_Defense,54,1,Weaponization,T0849,Masquerading,True,False,0.07087500000000001,0,0,0.015384615384615373,1.0,1067.0560312508965
Solver_Hardened_Defense,54,2,Delivery,T0862,Supply Chain Compromise,False,False,0.14850000000000002,0,0,0.01,1.0,805.8332249999611
Solver_Hardened_Defense,54,3,Exploitation,T0863,User Execution,True,False,0.077625,0,0,0.01,1.0,3417.023452206406
Solver_Hardened_Defense,54,4,Installation,T1505.003,Server Software Component: Web Shell,False,True,0.243,1,0,0.043478260869565216,1.0,2514.5844203128217
Solver_Hardened_Defense,55,0,Reconnaissance,T0842,Network Sniffing,True,False,0.037500000000000006,0,0,0.11111111111111108,1.0,1015.4375000004361
Solver_Hardened_Defense,55,1,Weaponization,T0849,Masquerading,False,False,0.07087500000000001,0,0,0.015384615384615373,1.0,1067.0560312490727
Solver_Hardened_Defense,55,2,Delivery,T0862,Supply Chain Compromise,False,False,0.14850000000000002,0,0,0.01,1.0,805.8332250006442
Solver_Hardened_Defense,55,3,Exploitation,T0863,User Execution,True,False,0.077625,0,0,0.01,1.0,3417.023452206937
Solver_Hardened_Defense,55,4,Installation,T1505.003,Server Software Component: Web Shell,True,False,0.243,0,0,0.01,1.0,2514.584420311813
Solver_Hardened_Defense,55,5,Command & Control,T0884,Connection Proxy,True,False,0.16875,0,0,0.01,1.0,4014.411774730912
Solver_Hardened_Defense,55,6,Actions on Objectives,T0882,Theft of Operational Information,True,True,0.26325000000000004,1,0,0.043478260869565216,1.0,4013.8663558924804
Solver_Hardened_Defense,56,0,Reconnaissance,T0842,Network Sniffing,True,False,0.037500000000000006,0,0,0.11111111111111108,1.0,1015.4374999996003
Solver_Hardened_Defense,56,1,Weaponization,T0849,Masquerading,False,False,0.07087500000000001,0,0,0.015384615384615373,1.0,1067.0560312502557
Solver_Hardened_Defense,56,2,Delivery,T0862,Supply Chain Compromise,True,False,0.14850000000000002,0,0,0.01,1.0,805.8332249995796
Solver_Hardened_Defense,56,3,Exploitation,T0863,User Execution,False,False,0.077625,0,0,0.01,1.0,3417.0234522070573
Solver_Hardened_Defense,56,4,Installation,T1505.003,Server Software Component: Web Shell,True,True,0.243,1,0,0.043478260869565216,1.0,2514.5844203123615
Solver_Hardened_Defense,57,0,Reconnaissance,T0842,Network Sniffing,True,False,0.037500000000000006,0,0,0.11111111111111108,1.0,1015.4374999990229
Solver_Hardened_Defense,57,1,Weaponization,T0849,Masquerading,True,True,0.07087500000000001,1,0,0.35999999999999993,1.0,1067.0560312506161
Solver_Hardened_Defense,58,0,Reconnaissance,T0842,Network Sniffing,True,False,0.037500000000000006,0,0,0.11111111111111108,1.0,1015.4374999992325
Solver_Hardened_Defense,58,1,Weaponization,T0849,Masquerading,True,False,0.07087500000000001,0,0,0.015384615384615373,1.0,1067.0560312496054
Solver_Hardened_Defense,58,2,Delivery,T0862,Supply Chain Compromise,False,False,0.14850000000000002,0,0,0.01,1.0,805.8332249999214
Solver_Hardened_Defense,58,3,Exploitation,T0863,User Execution,True,False,0.077625,0,0,0.01,1.0,3417.023452207354
Solver_Hardened_Defense,58,4,Installation,T1505.003,Server Software Component: Web Shell,False,False,0.243,0,0,0.01,1.0,2514.584420312338
Solver_Hardened_Defense,58,5,Command & Control,T0884,Connection Proxy,True,False,0.16875,0,0,0.01,1.0,4014.411774731207
Solver_Hardened_Defense,58,6,Actions on Objectives,T0882,Theft of Operational Information,True,False,0.26325000000000004,0,50,0.01,1.0,4013.8663558938415
Solver_Hardened_Defense,59,0,Reconnaissance,T0842,Network Sniffing,True,False,0.037500000000000006,0,0,0.11111111111111108,1.0,1015.4375000000654
Solver_Hardened_Defense,59,1,Weaponization,T0849,Masquerading,True,False,0.07087500000000001,0,0,0.015384615384615373,1.0,1067.0560312506677
Solver_Hardened_Defense,59,2,Delivery,T0862,Supply Chain Compromise,True,False,0.14850000000000002,0,0,0.01,1.0,805.833225000523
Solver_Hardened_Defense,59,3,Exploitation,T0863,User Execution,True,False,0.077625,0,0,0.01,1.0,3417.023452207321
Solver_Hardened_Defense,59,4,Installation,T1505.003,Server Software Component: Web Shell,False,True,0.243,1,0,0.043478260869565216,1.0,2514.5844203132583
Solver_Hardened_Defense,60,0,Reconnaissance,T0842,Network Sniffing,False,False,0.037500000000000006,0,0,0.11111111111111108,1.0,1015.4374999993287
Solver_Hardened_Defense,60,1,Weaponization,T0849,Masquerading,False,False,0.07087500000000001,0,0,0.015384615384615373,1.0,1067.0560312500786
Solver_Hardened_Defense,60,2,Delivery,T0862,Supply Chain Compromise,False,True,0.14850000000000002,1,0,0.06569343065693425,1.0,805.8332249994704
Solver_Hardened_Defense,61,0,Reconnaissance,T0842,Network Sniffing,True,False,0.037500000000000006,0,0,0.11111111111111108,1.0,1015.4374999995347
Solver_Hardened_Defense,61,1,Weaponization,T0849,Masquerading,True,False,0.07087500000000001,0,0,0.015384615384615373,1.0,1067.056031249529
Solver_Hardened_Defense,61,2,Delivery,T0862,Supply Chain Compromise,True,True,0.14850000000000002,1,0,0.06569343065693425,1.0,805.8332250000693
Solver_Hardened_Defense,62,0,Reconnaissance,T0842,Network Sniffing,True,False,0.037500000000000006,0,0,0.11111111111111108,1.0,1015.4375000001075
Solver_Hardened_Defense,62,1,Weaponization,T0849,Masquerading,False,False,0.07087500000000001,0,0,0.015384615384615373,1.0,1067.0560312503071
Solver_Hardened_Defense,62,2,Delivery,T0862,Supply Chain Compromise,False,False,0.14850000000000002,0,0,0.01,1.0,805.83322499951
Solver_Hardened_Defense,62,3,Exploitation,T0863,User Execution,True,False,0.077625,0,0,0.01,1.0,3417.023452206645
Solver_Hardened_Defense,62,4,Installation,T1505.003,Server Software Component: Web Shell,False,False,0.243,0,0,0.01,1.0,2514.584420312581
Solver_Hardened_Defense,62,5,Command & Control,T0884,Connection Proxy,True,False,0.16875,0,0,0.01,1.0,4014.411774731612
Solver_Hardened_Defense,62,6,Actions on Objectives,T0882,Theft of Operational Information,True,True,0.26325000000000004,1,0,0.043478260869565216,1.0,4013.8663558927324
Solver_Hardened_Defense,63,0,Reconnaissance,T0842,Network Sniffing,True,False,0.037500000000000006,0,0,0.11111111111111108,1.0,1015.4374999997522
Solver_Hardened_Defense,63,1,Weaponization,T0849,Masquerading,False,False,0.07087500000000001,0,0,0.015384615384615373,1.0,1067.0560312497655
Solver_Hardened_Defense,63,2,Delivery,T0862,Supply Chain Compromise,False,False,0.14850000000000002,0,0,0.01,1.0,805.8332250002235
Solver_Hardened_Defense,63,3,Exploitation,T0863,User Execution,True,False,0.077625,0,0,0.01,1.0,3417.023452207726
Solver_Hardened_Defense,63,4,Installation,T1505.003,Server Software Component: Web Shell,False,False,0.243,0,0,0.01,1.0,2514.5844203117404
Solver_Hardened_Defense,63,5,Command & Control,T0884,Connection Proxy,False,False,0.16875,0,0,0.01,1.0,4014.411774730792
Solver_Hardened_Defense,63,6,Actions on Objectives,T0882,Theft of Operational Information,True,False,0.26325000000000004,0,50,0.01,1.0,4013.8663558931316
Solver_Hardened_Defense,64,0,Reconnaissance,T0842,Network Sniffing,True,False,0.037500000000000006,0,0,0.11111111111111108,1.0,1015.4374999997461
Solver_Hardened_Defense,64,1,Weaponization,T0849,Masquerading,True,False,0.07087500000000001,0,0,0.015384615384615373,1.0,1067.0560312495106
Solver_Hardened_Defense,64,2,Delivery,T0862,Supply Chain Compromise,False,False,0.14850000000000002,0,0,0.01,1.0,805.8332250004
Solver_Hardened_Defense,64,3,Exploitation,T0863,User Execution,True,True,0.077625,1,0,0.043478260869565216,1.0,3417.023452207336
Solver_Hardened_Defense,65,0,Reconnaissance,T0842,Network Sniffing,True,False,0.037500000000000006,0,0,0.11111111111111108,1.0,1015.4374999992568
Solver_Hardened_Defense,65,1,Weaponization,T0849,Masquerading,True,False,0.07087500000000001,0,0,0.015384615384615373,1.0,1067.0560312495827
Solver_Hardened_Defense,65,2,Delivery,T0862,Supply Chain Compromise,True,False,0.14850000000000002,0,0,0.01,1.0,805.8332250007621
Solver_Hardened_Defense,65,3,Exploitation,T0863,User Execution,True,False,0.077625,0,0,0.01,1.0,3417.0234522074247
Solver_Hardened_Defense,65,4,Installation,T1505.003,Server Software Component: Web Shell,False,False,0.243,0,0,0.01,1.0,2514.5844203120228
Solver_Hardened_Defense,65,5,Command & Control,T0884,Connection Proxy,True,False,0.16875,0,0,0.01,1.0,4014.4117747309756
Solver_Hardened_Defense,65,6,Actions on Objectives,T0882,Theft of Operational Information,False,True,0.26325000000000004,1,0,0.043478260869565216,1.0,4013.86635589338
Solver_Hardened_Defense,66,0,Reconnaissance,T0842,Network Sniffing,True,False,0.037500000000000006,0,0,0.11111111111111108,1.0,1015.4375000000223
Solver_Hardened_Defense,66,1,Weaponization,T0849,Masquerading,True,False,0.07087500000000001,0,0,0.015384615384615373,1.0,1067.0560312499372
Solver_Hardened_Defense,66,2,Delivery,T0862,Supply Chain Compromise,False,False,0.14850000000000002,0,0,0.01,1.0,805.8332250003167
Solver_Hardened_Defense,66,3,Exploitation,T0863,User Execution,True,False,0.077625,0,0,0.01,1.0,3417.0234522062133
Solver_Hardened_Defense,66,4,Installation,T1505.003,Server Software Component: Web Shell,True,True,0.243,1,0,0.043478260869565216,1.0,2514.584420312961
Solver_Hardened_Defense,67,0,Reconnaissance,T0842,Network Sniffing,False,False,0.037500000000000006,0,0,0.11111111111111108,1.0,1015.4374999993416
Solver_Hardened_Defense,67,1,Weaponization,T0849,Masquerading,False,False,0.07087500000000001,0,0,0.015384615384615373,1.0,1067.0560312506905
Solver_Hardened_Defense,67,2,Delivery,T0862,Supply Chain Compromise,True,False,0.14850000000000002,0,0,0.01,1.0,805.8332249999601
Solver_Hardened_Defense,67,3,Exploitation,T0863,User Execution,True,False,0.077625,0,0,0.01,1.0,3417.0234522078727
Solver_Hardened_Defense,67,4,Installation,T1505.003,Server Software Component: Web Shell,True,False,0.243,0,0,0.01,1.0,2514.5844203129095
Solver_Hardened_Defense,67,5,Command & Control,T0884,Connection Proxy,False,False,0.16875,0,0,0.01,1.0,4014.4117747308123
Solver_Hardened_Defense,67,6,Actions on Objectives,T0882,Theft of Operational Information,False,False,0.26325000000000004,0,0,0.01,1.0,4013.8663558936773
Solver_Hardened_Defense,68,0,Reconnaissance,T0842,Network Sniffing,True,False,0.037500000000000006,0,0,0.11111111111111108,1.0,1015.4375000002264
Solver_Hardened_Defense,68,1,Weaponization,T0849,Masquerading,True,False,0.07087500000000001,0,0,0.015384615384615373,1.0,1067.0560312491343
Solver_Hardened_Defense,68,2,Delivery,T0862,Supply Chain Compromise,False,False,0.14850000000000002,0,0,0.01,1.0,805.833224999893
Solver_Hardened_Defense,68,3,Exploitation,T0863,User Execution,True,False,0.077625,0,0,0.01,1.0,3417.0234522071573
Solver_Hardened_Defense,68,4,Installation,T1505.003,Server Software Component: Web Shell,True,False,0.243,0,0,0.01,1.0,2514.584420311743
Solver_Hardened_Defense,68,5,Command & Control,T0884,Connection Proxy,False,False,0.16875,0,0,0.01,1.0,4014.41177473136
Solver_Hardened_Defense,68,6,Actions on Objectives,T0882,Theft of Operational Information,True,False,0.26325000000000004,0,50,0.01,1.0,4013.8663558930716
Solver_Hardened_Defense,69,0,Reconnaissance,T0842,Network Sniffing,True,False,0.037500000000000006,0,0,0.11111111111111108,1.0,1015.4375000003195
Solver_Hardened_Defense,69,1,Weaponization,T0849,Masquerading,False,False,0.07087500000000001,0,0,0.015384615384615373,1.0,1067.056031250288
Solver_Hardened_Defense,69,2,Delivery,T0862,Supply Chain Compromise,False,False,0.14850000000000002,0,0,0.01,1.0,805.8332250002004
Solver_Hardened_Defense,69,3,Exploitation,T0863,User Execution,True,False,0.077625,0,0,0.01,1.0,3417.023452206462
Solver_Hardened_Defense,69,4,Installation,T1505.003,Server Software Component: Web Shell,True,False,0.243,0,0,0.01,1.0,2514.584420312366
Solver_Hardened_Defense,69,5,Command & Control,T0884,Connection Proxy,False,False,0.16875,0,0,0.01,1.0,4014.4117747311234
Solver_Hardened_Defense,69,6,Actions on Objectives,T0882,Theft of Operational Information,False,False,0.26325000000000004,0,0,0.01,1.0,4013.8663558929065
Solver_Hardened_Defense,70,0,Reconnaissance,T0842,Network Sniffing,True,False,0.037500000000000006,0,0,0.11111111111111108,1.0,1015.4374999999611
Solver_Hardened_Defense,70,1,Weaponization,T0849,Masquerading,False,False,0.07087500000000001,0,0,0.015384615384615373,1.0,1067.0560312493456
Solver_Hardened_Defense,70,2,Delivery,T0862,Supply Chain Compromise,False,False,0.14850000000000002,0,0,0.01,1.0,805.8332250007469
Solver_Hardened_Defense,70,3,Exploitation,T0863,User Execution,True,False,0.077625,0,0,0.01,1.0,3417.0234522074647
Solver_Hardened_Defense,70,4,Installation,T1505.003,Server Software Component: Web Shell,True,False,0.243,0,0,0.01,1.0,2514.584420312135
Solver_Hardened_Defense,70,5,Command & Control,T0884,Connection Proxy,False,False,0.16875,0,0,0.01,1.0,4014.411774732133
Solver_Hardened_Defense,70,6,Actions on Objectives,T0882,Theft of Operational Information,False,True,0.26325000000000004,1,0,0.043478260869565216,1.0,4013.8663558935045
Solver_Hardened_Defense,71,0,Reconnaissance,T0842,Network Sniffing,False,False,0.037500000000000006,0,0,0.11111111111111108,1.0,1015.4375000002816
Solver_Hardened_Defense,71,1,Weaponization,T0849,Masquerading,False,False,0.07087500000000001,0,0,0.015384615384615373,1.0,1067.0560312496996
Solver_Hardened_Defense,71,2,Delivery,T0862,Supply Chain Compromise,False,True,0.14850000000000002,1,0,0.06569343065693425,1.0,805.8332249996806
Solver_Hardened_Defense,72,0,Reconnaissance,T0842,Network Sniffing,True,False,0.037500000000000006,0,0,0.11111111111111108,1.0,1015.4374999994506
Solver_Hardened_Defense,72,1,Weaponization,T0849,Masquerading,True,True,0.07087500000000001,1,0,0.35999999999999993,1.0,1067.0560312494028
Solver_Hardened_Defense,73,0,Reconnaissance,T0842,Network Sniffing,True,False,0.037500000000000006,0,0,0.11111111111111108,1.0,1015.4374999999416
Solver_Hardened_Defense,73,1,Weaponization,T0849,Masquerading,True,False,0.07087500000000001,0,0,0.015384615384615373,1.0,1067.0560312492435
Solver_Hardened_Defense,73,2,Delivery,T0862,Supply Chain Compromise,True,False,0.14850000000000002,0,0,0.01,1.0,805.8332250002504
Solver_Hardened_Defense,73,3,Exploitation,T0863,User Execution,True,False,0.077625,0,0,0.01,1.0,3417.023452206264
Solver_Hardened_Defense,73,4,Installation,T1505.003,Server Software Component: Web Shell,True,True,0.243,1,0,0.043478260869565216,1.0,2514.5844203129764
Solver_Hardened_Defense,74,0,Reconnaissance,T0842,Network Sniffing,True,False,0.037500000000000006,0,0,0.11111111111111108,1.0,1015.437499999835
Solver_Hardened_Defense,74,1,Weaponization,T0849,Masquerading,True,False,0.07087500000000001,0,0,0.015384615384615373,1.0,1067.056031249378
Solver_Hardened_Defense,74,2,Delivery,T0862,Supply Chain Compromise,False,False,0.14850000000000002,0,0,0.01,1.0,805.8332250002566
Solver_Hardened_Defense,74,3,Exploitation,T0863,User Execution,True,False,0.077625,0,0,0.01,1.0,3417.023452207645
Solver_Hardened_Defense,74,4,Installation,T1505.003,Server Software Component: Web Shell,False,True,0.243,1,0,0.043478260869565216,1.0,2514.584420312201
Solver_Hardened_Defense,75,0,Reconnaissance,T0842,Network Sniffing,True,False,0.037500000000000006,0,0,0.11111111111111108,1.0,1015.4375000008192
Solver_Hardened_Defense,75,1,Weaponization,T0849,Masquerading,True,False,0.07087500000000001,0,0,0.015384615384615373,1.0,1067.056031249054
Solver_Hardened_Defense,75,2,Delivery,T0862,Supply Chain Compromise,False,False,0.14850000000000002,0,0,0.01,1.0,805.8332249993705
Solver_Hardened_Defense,75,3,Exploitation,T0863,User Execution,True,False,0.077625,0,0,0.01,1.0,3417.0234522075457
Solver_Hardened_Defense,75,4,Installation,T1505.003,Server Software Component: Web Shell,False,True,0.243,1,0,0.043478260869565216,1.0,2514.584420312727
Solver_Hardened_Defense,76,0,Reconnaissance,T0842,Network Sniffing,True,False,0.037500000000000006,0,0,0.11111111111111108,1.0,1015.4374999991514
Solver_Hardened_Defense,76,1,Weaponization,T0849,Masquerading,True,False,0.07087500000000001,0,0,0.015384615384615373,1.0,1067.0560312498242
Solver_Hardened_Defense,76,2,Delivery,T0862,Supply Chain Compromise,False,True,0.14850000000000002,1,0,0.06569343065693425,1.0,805.8332250006796
Solver_Hardened_Defense,77,0,Reconnaissance,T0842,Network Sniffing,True,False,0.037500000000000006,0,0,0.11111111111111108,1.0,1015.4375000006551
Solver_Hardened_Defense,77,1,Weaponization,T0849,Masquerading,True,False,0.07087500000000001,0,0,0.015384615384615373,1.0,1067.0560312507655
Solver_Hardened_Defense,77,2,Delivery,T0862,Supply Chain Compromise,True,False,0.14850000000000002,0,0,0.01,1.0,805.833225000735
Solver_Hardened_Defense,77,3,Exploitation,T0863,User Execution,True,False,0.077625,0,0,0.01,1.0,3417.0234522067876
Solver_Hardened_Defense,77,4,Installation,T1505.003,Server Software Component: Web Shell,False,False,0.243,0,0,0.01,1.0,2514.5844203125107
Solver_Hardened_Defense,77,5,Command & Control,T0884,Connection Proxy,True,False,0.16875,0,0,0.01,1.0,4014.4117747318332
Solver_Hardened_Defense,77,6,Actions on Objectives,T0882,Theft of Operational Information,True,False,0.26325000000000004,0,50,0.01,1.0,4013.8663558924727
Solver_Hardened_Defense,78,0,Reconnaissance,T0842,Network Sniffing,True,False,0.037500000000000006,0,0,0.11111111111111108,1.0,1015.437500000073
Solver_Hardened_Defense,78,1,Weaponization,T0849,Masquerading,True,False,0.07087500000000001,0,0,0.015384615384615373,1.0,1067.0560312491907
Solver_Hardened_Defense,78,2,Delivery,T0862,Supply Chain Compromise,False,False,0.14850000000000002,0,0,0.01,1.0,805.8332249991059
Solver_Hardened_Defense,78,3,Exploitation,T0863,User Execution,True,False,0.077625,0,0,0.01,1.0,3417.0234522070937
Solver_Hardened_Defense,78,4,Installation,T1505.003,Server Software Component: Web Shell,False,False,0.243,0,0,0.01,1.0,2514.584420312818
Solver_Hardened_Defense,78,5,Command & Control,T0884,Connection Proxy,True,False,0.16875,0,0,0.01,1.0,4014.4117747307996
Solver_Hardened_Defense,78,6,Actions on Objectives,T0882,Theft of Operational Information,False,False,0.26325000000000004,0,0,0.01,1.0,4013.8663558928315
Solver_Hardened_Defense,79,0,Reconnaissance,T0842,Network Sniffing,True,False,0.037500000000000006,0,0,0.11111111111111108,1.0,1015.4375000006515
Solver_Hardened_Defense,79,1,Weaponization,T0849,Masquerading,True,False,0.07087500000000001,0,0,0.015384615384615373,1.0,1067.0560312506677
Solver_Hardened_Defense,79,2,Delivery,T0862,Supply Chain Compromise,False,False,0.14850000000000002,0,0,0.01,1.0,805.8332249992927
Solver_Hardened_Defense,79,3,Exploitation,T0863,User Execution,True,False,0.077625,0,0,0.01,1.0,3417.023452206516
Solver_Hardened_Defense,79,4,Installation,T1505.003,Server Software Component: Web Shell,True,False,0.243,0,0,0.01,1.0,2514.5844203121305
Solver_Hardened_Defense,79,5,Command & Control,T0884,Connection Proxy,False,False,0.16875,0,0,0.01,1.0,4014.4117747322075
Solver_Hardened_Defense,79,6,Actions on Objectives,T0882,Theft of Operational Information,True,True,0.26325000000000004,1,0,0.043478260869565216,1.0,4013.8663558934604
Solver_Hardened_Defense,80,0,Reconnaissance,T0842,Network Sniffing,True,False,0.037500000000000006,0,0,0.11111111111111108,1.0,1015.4375000006273
Solver_Hardened_Defense,80,1,Weaponization,T0849,Masquerading,False,False,0.07087500000000001,0,0,0.015384615384615373,1.0,1067.0560312494051
Solver_Hardened_Defense,80,2,Delivery,T0862,Supply Chain Compromise,False,False,0.14850000000000002,0,0,0.01,1.0,805.8332249997654
Solver_Hardened_Defense,80,3,Exploitation,T0863,User Execution,True,False,0.077625,0,0,0.01,1.0,3417.023452207339
Solver_Hardened_Defense,80,4,Installation,T1505.003,Server Software Component: Web Shell,True,False,0.243,0,0,0.01,1.0,2514.5844203122037
Solver_Hardened_Defense,80,5,Command & Control,T0884,Connection Proxy,True,False,0.16875,0,0,0.01,1.0,4014.4117747310133
Solver_Hardened_Defense,80,6,Actions on Objectives,T0882,Theft of Operational Information,True,True,0.26325000000000004,1,0,0.043478260869565216,1.0,4013.8663558935523
Solver_Hardened_Defense,81,0,Reconnaissance,T0842,Network Sniffing,True,False,0.037500000000000006,0,0,0.11111111111111108,1.0,1015.4374999995795
Solver_Hardened_Defense,81,1,Weaponization,T0849,Masquerading,True,False,0.07087500000000001,0,0,0.015384615384615373,1.0,1067.0560312496157
Solver_Hardened_Defense,81,2,Delivery,T0862,Supply Chain Compromise,False,False,0.14850000000000002,0,0,0.01,1.0,805.8332250007131
Solver_Hardened_Defense,81,3,Exploitation,T0863,User Execution,False,False,0.077625,0,0,0.01,1.0,3417.0234522065443
Solver_Hardened_Defense,81,4,Installation,T1505.003,Server Software Component: Web Shell,True,False,0.243,0,0,0.01,1.0,2514.584420311694
Solver_Hardened_Defense,81,5,Command & Control,T0884,Connection Proxy,True,True,0.16875,1,0,0.043478260869565216,1.0,4014.411774730746
Solver_Hardened_Defense,82,0,Reconnaissance,T0842,Network Sniffing,True,False,0.037500000000000006,0,0,0.11111111111111108,1.0,1015.437500000812
Solver_Hardened_Defense,82,1,Weaponization,T0849,Masquerading,False,False,0.07087500000000001,0,0,0.015384615384615373,1.0,1067.05603125024
Solver_Hardened_Defense,82,2,Delivery,T0862,Supply Chain Compromise,True,False,0.14850000000000002,0,0,0.01,1.0,805.8332249997535
Solver_Hardened_Defense,82,3,Exploitation,T0863,User Execution,True,False,0.077625,0,0,0.01,1.0,3417.0234522063847
Solver_Hardened_Defense,82,4,Installation,T1505.003,Server Software Component: Web Shell,False,False,0.243,0,0,0.01,1.0,2514.5844203121223
Solver_Hardened_Defense,82,5,Command & Control,T0884,Connection Proxy,False,True,0.16875,1,0,0.043478260869565216,1.0,4014.411774731108
Solver_Hardened_Defense,83,0,Reconnaissance,T0842,Network Sniffing,True,False,0.037500000000000006,0,0,0.11111111111111108,1.0,1015.4375000008024
Solver_Hardened_Defense,83,1,Weaponization,T0849,Masquerading,False,False,0.07087500000000001,0,0,0.015384615384615373,1.0,1067.0560312504995
Solver_Hardened_Defense,83,2,Delivery,T0862,Supply Chain Compromise,False,False,0.14850000000000002,0,0,0.01,1.0,805.8332250006033
Solver_Hardened_Defense,83,3,Exploitation,T0863,User Execution,True,False,0.077625,0,0,0.01,1.0,3417.023452207673
Solver_Hardened_Defense,83,4,Installation,T1505.003,Server Software Component: Web Shell,True,True,0.243,1,0,0.043478260869565216,1.0,2514.5844203123534
Solver_Hardened_Defense,84,0,Reconnaissance,T0842,Network Sniffing,True,False,0.037500000000000006,0,0,0.11111111111111108,1.0,1015.4375000006239
Solver_Hardened_Defense,84,1,Weaponization,T0849,Masquerading,False,False,0.07087500000000001,0,0,0.015384615384615373,1.0,1067.0560312499667
Solver_Hardened_Defense,84,2,Delivery,T0862,Supply Chain Compromise,True,False,0.14850000000000002,0,0,0.01,1.0,805.8332250004108
Solver_Hardened_Defense,84,3,Exploitation,T0863,User Execution,True,False,0.077625,0,0,0.01,1.0,3417.023452207299
Solver_Hardened_Defense,84,4,Installation,T1505.003,Server Software Component: Web Shell,False,False,0.243,0,0,0.01,1.0,2514.5844203130832
Solver_Hardened_Defense,84,5,Command & Control,T0884,Connection Proxy,False,False,0.16875,0,0,0.01,1.0,4014.4117747313335
Solver_Hardened_Defense,84,6,Actions on Objectives,T0882,Theft of Operational Information,False,False,0.26325000000000004,0,0,0.01,1.0,4013.8663558938424
Solver_Hardened_Defense,85,0,Reconnaissance,T0842,Network Sniffing,False,False,0.037500000000000006,0,0,0.11111111111111108,1.0,1015.4375000006654
Solver_Hardened_Defense,85,1,Weaponization,T0849,Masquerading,True,False,0.07087500000000001,0,0,0.015384615384615373,1.0,1067.0560312496918
Solver_Hardened_Defense,85,2,Delivery,T0862,Supply Chain Compromise,True,False,0.14850000000000002,0,0,0.01,1.0,805.8332250001514
Solver_Hardened_Defense,85,3,Exploitation,T0863,User Execution,True,False,0.077625,0,0,0.01,1.0,3417.02345220681
Solver_Hardened_Defense,85,4,Installation,T1505.003,Server Software Component: Web Shell,True,True,0.243,1,0,0.043478260869565216,1.0,2514.5844203121524
Solver_Hardened_Defense,86,0,Reconnaissance,T0842,Network Sniffing,True,False,0.037500000000000006,0,0,0.11111111111111108,1.0,1015.4374999990923
Solver_Hardened_Defense,86,1,Weaponization,T0849,Masquerading,False,False,0.07087500000000001,0,0,0.015384615384615373,1.0,1067.0560312491912
Solver_Hardened_Defense,86,2,Delivery,T0862,Supply Chain Compromise,False,False,0.14850000000000002,0,0,0.01,1.0,805.8332250007993
Solver_Hardened_Defense,86,3,Exploitation,T0863,User Execution,True,False,0.077625,0,0,0.01,1.0,3417.023452206664
Solver_Hardened_Defense,86,4,Installation,T1505.003,Server Software Component: Web Shell,False,False,0.243,0,0,0.01,1.0,2514.5844203132347
Solver_Hardened_Defense,86,5,Command & Control,T0884,Connection Proxy,True,False,0.16875,0,0,0.01,1.0,4014.411774731753
Solver_Hardened_Defense,86,6,Actions on Objectives,T0882,Theft of Operational Information,False,False,0.26325000000000004,0,0,0.01,1.0,4013.8663558927137
Solver_Hardened_Defense,87,0,Reconnaissance,T0842,Network Sniffing,True,False,0.037500000000000006,0,0,0.11111111111111108,1.0,1015.4375000002264
Solver_Hardened_Defense,87,1,Weaponization,T0849,Masquerading,True,False,0.07087500000000001,0,0,0.015384615384615373,1.0,1067.056031250816
Solver_Hardened_Defense,87,2,Delivery,T0862,Supply Chain Compromise,True,False,0.14850000000000002,0,0,0.01,1.0,805.8332249997737
Solver_Hardened_Defense,87,3,Exploitation,T0863,User Execution,True,False,0.077625,0,0,0.01,1.0,3417.0234522078117
Solver_Hardened_Defense,87,4,Installation,T1505.003,Server Software Component: Web Shell,True,False,0.243,0,0,0.01,1.0,2514.584420312761
Solver_Hardened_Defense,87,5,Command & Control,T0884,Connection Proxy,True,False,0.16875,0,0,0.01,1.0,4014.41177473081
Solver_Hardened_Defense,87,6,Actions on Objectives,T0882,Theft of Operational Information,False,False,0.26325000000000004,0,0,0.01,1.0,4013.866355892405
Solver_Hardened_Defense,88,0,Reconnaissance,T0842,Network Sniffing,True,False,0.037500000000000006,0,0,0.11111111111111108,1.0,1015.4374999993861
Solver_Hardened_Defense,88,1,Weaponization,T0849,Masquerading,True,False,0.07087500000000001,0,0,0.015384615384615373,1.0,1067.0560312500652
Solver_Hardened_Defense,88,2,Delivery,T0862,Supply Chain Compromise,False,False,0.14850000000000002,0,0,0.01,1.0,805.8332249998047
Solver_Hardened_Defense,88,3,Exploitation,T0863,User Execution,True,False,0.077625,0,0,0.01,1.0,3417.023452206219
Solver_Hardened_Defense,88,4,Installation,T1505.003,Server Software Component: Web Shell,False,False,0.243,0,0,0.01,1.0,2514.584420312347
Solver_Hardened_Defense,88,5,Command & Control,T0884,Connection Proxy,True,False,0.16875,0,0,0.01,1.0,4014.4117747312484
Solver_Hardened_Defense,88,6,Actions on Objectives,T0882,Theft of Operational Information,True,False,0.26325000000000004,0,50,0.01,1.0,4013.866355893226
Solver_Hardened_Defense,89,0,Reconnaissance,T0842,Network Sniffing,False,False,0.037500000000000006,0,0,0.11111111111111108,1.0,1015.4374999991669
Solver_Hardened_Defense,89,1,Weaponization,T0849,Masquerading,False,False,0.07087500000000001,0,0,0.015384615384615373,1.0,1067.0560312499874
Solver_Hardened_Defense,89,2,Delivery,T0862,Supply Chain Compromise,False,True,0.14850000000000002,1,0,0.06569343065693425,1.0,805.8332250003265
Solver_Hardened_Defense,90,0,Reconnaissance,T0842,Network Sniffing,True,False,0.037500000000000006,0,0,0.11111111111111108,1.0,1015.4374999993362
Solver_Hardened_Defense,90,1,Weaponization,T0849,Masquerading,True,False,0.07087500000000001,0,0,0.015384615384615373,1.0,1067.0560312500766
Solver_Hardened_Defense,90,2,Delivery,T0862,Supply Chain Compromise,True,False,0.14850000000000002,0,0,0.01,1.0,805.8332249995235
Solver_Hardened_Defense,90,3,Exploitation,T0863,User Execution,True,False,0.077625,0,0,0.01,1.0,3417.023452207193
Solver_Hardened_Defense,90,4,Installation,T1505.003,Server Software Component: Web Shell,True,False,0.243,0,0,0.01,1.0,2514.5844203124234
Solver_Hardened_Defense,90,5,Command & Control,T0884,Connection Proxy,True,False,0.16875,0,0,0.01,1.0,4014.411774730998
Solver_Hardened_Defense,90,6,Actions on Objectives,T0882,Theft of Operational Information,False,False,0.26325000000000004,0,0,0.01,1.0,4013.866355893029
Solver_Hardened_Defense,91,0,Reconnaissance,T0842,Network Sniffing,True,False,0.037500000000000006,0,0,0.11111111111111108,1.0,1015.4374999994718
Solver_Hardened_Defense,91,1,Weaponization,T0849,Masquerading,False,False,0.07087500000000001,0,0,0.015384615384615373,1.0,1067.0560312497025
Solver_Hardened_Defense,91,2,Delivery,T0862,Supply Chain Compromise,True,False,0.14850000000000002,0,0,0.01,1.0,805.833225000343
Solver_Hardened_Defense,91,3,Exploitation,T0863,User Execution,True,False,0.077625,0,0,0.01,1.0,3417.023452207229
Solver_Hardened_Defense,91,4,Installation,T1505.003,Server Software Component: Web Shell,False,False,0.243,0,0,0.01,1.0,2514.5844203120346
Solver_Hardened_Defense,91,5,Command & Control,T0884,Connection Proxy,True,False,0.16875,0,0,0.01,1.0,4014.4117747309374
Solver_Hardened_Defense,91,6,Actions on Objectives,T0882,Theft of Operational Information,False,False,0.26325000000000004,0,0,0.01,1.0,4013.866355892797
Solver_Hardened_Defense,92,0,Reconnaissance,T0842,Network Sniffing,True,False,0.037500000000000006,0,0,0.11111111111111108,1.0,1015.4374999993737
Solver_Hardened_Defense,92,1,Weaponization,T0849,Masquerading,True,False,0.07087500000000001,0,0,0.015384615384615373,1.0,1067.0560312498408
Solver_Hardened_Defense,92,2,Delivery,T0862,Supply Chain Compromise,True,False,0.14850000000000002,0,0,0.01,1.0,805.8332249998405
Solver_Hardened_Defense,92,3,Exploitation,T0863,User Execution,True,False,0.077625,0,0,0.01,1.0,3417.023452207262
Solver_Hardened_Defense,92,4,Installation,T1505.003,Server Software Component: Web Shell,True,False,0.243,0,0,0.01,1.0,2514.584420311897
Solver_Hardened_Defense,92,5,Command & Control,T0884,Connection Proxy,True,False,0.16875,0,0,0.01,1.0,4014.411774731874
Solver_Hardened_Defense,92,6,Actions on Objectives,T0882,Theft of Operational Information,True,True,0.26325000000000004,1,0,0.043478260869565216,1.0,4013.8663558935027
Solver_Hardened_Defense,93,0,Reconnaissance,T0842,Network Sniffing,True,False,0.037500000000000006,0,0,0.11111111111111108,1.0,1015.4374999991637
Solver_Hardened_Defense,93,1,Weaponization,T0849,Masquerading,True,False,0.07087500000000001,0,0,0.015384615384615373,1.0,1067.0560312496946
Solver_Hardened_Defense,93,2,Delivery,T0862,Supply Chain Compromise,True,False,0.14850000000000002,0,0,0.01,1.0,805.8332249997818
Solver_Hardened_Defense,93,3,Exploitation,T0863,User Execution,True,False,0.077625,0,0,0.01,1.0,3417.0234522078413
Solver_Hardened_Defense,93,4,Installation,T1505.003,Server Software Component: Web Shell,False,False,0.243,0,0,0.01,1.0,2514.5844203116894
Solver_Hardened_Defense,93,5,Command & Control,T0884,Connection Proxy,True,True,0.16875,1,0,0.043478260869565216,1.0,4014.4117747307587
Solver_Hardened_Defense,94,0,Reconnaissance,T0842,Network Sniffing,True,False,0.037500000000000006,0,0,0.11111111111111108,1.0,1015.4375000007691
Solver_Hardened_Defense,94,1,Weaponization,T0849,Masquerading,False,False,0.07087500000000001,0,0,0.015384615384615373,1.0,1067.0560312502573
Solver_Hardened_Defense,94,2,Delivery,T0862,Supply Chain Compromise,False,False,0.14850000000000002,0,0,0.01,1.0,805.8332249993081
Solver_Hardened_Defense,94,3,Exploitation,T0863,User Execution,True,False,0.077625,0,0,0.01,1.0,3417.023452207355
Solver_Hardened_Defense,94,4,Installation,T1505.003,Server Software Component: Web Shell,True,False,0.243,0,0,0.01,1.0,2514.5844203132365
Solver_Hardened_Defense,94,5,Command & Control,T0884,Connection Proxy,False,True,0.16875,1,0,0.043478260869565216,1.0,4014.411774731202
Solver_Hardened_Defense,95,0,Reconnaissance,T0842,Network Sniffing,True,False,0.037500000000000006,0,0,0.11111111111111108,1.0,1015.4374999995528
Solver_Hardened_Defense,95,1,Weaponization,T0849,Masquerading,False,False,0.07087500000000001,0,0,0.015384615384615373,1.0,1067.0560312493644
Solver_Hardened_Defense,95,2,Delivery,T0862,Supply Chain Compromise,False,False,0.14850000000000002,0,0,0.01,1.0,805.8332250000914
Solver_Hardened_Defense,95,3,Exploitation,T0863,User Execution,True,False,0.077625,0,0,0.01,1.0,3417.0234522074015
Solver_Hardened_Defense,95,4,Installation,T1505.003,Server Software Component: Web Shell,True,False,0.243,0,0,0.01,1.0,2514.5844203123474
Solver_Hardened_Defense,95,5,Command & Control,T0884,Connection Proxy,True,False,0.16875,0,0,0.01,1.0,4014.4117747321375
Solver_Hardened_Defense,95,6,Actions on Objectives,T0882,Theft of Operational Information,True,False,0.26325000000000004,0,50,0.01,1.0,4013.866355892849
Solver_Hardened_Defense,96,0,Reconnaissance,T0842,Network Sniffing,True,False,0.037500000000000006,0,0,0.11111111111111108,1.0,1015.4375000000425
Solver_Hardened_Defense,96,1,Weaponization,T0849,Masquerading,False,False,0.07087500000000001,0,0,0.015384615384615373,1.0,1067.0560312506123
Solver_Hardened_Defense,96,2,Delivery,T0862,Supply Chain Compromise,False,False,0.14850000000000002,0,0,0.01,1.0,805.8332249992399
Solver_Hardened_Defense,96,3,Exploitation,T0863,User Execution,True,False,0.077625,0,0,0.01,1.0,3417.0234522075943
Solver_Hardened_Defense,96,4,Installation,T1505.003,Server Software Component: Web Shell,False,False,0.243,0,0,0.01,1.0,2514.5844203127035
Solver_Hardened_Defense,96,5,Command & Control,T0884,Connection Proxy,True,False,0.16875,0,0,0.01,1.0,4014.4117747316545
Solver_Hardened_Defense,96,6,Actions on Objectives,T0882,Theft of Operational Information,False,True,0.26325000000000004,1,0,0.043478260869565216,1.0,4013.8663558932235
Solver_Hardened_Defense,97,0,Reconnaissance,T0842,Network Sniffing,True,False,0.037500000000000006,0,0,0.11111111111111108,1.0,1015.4374999991392
Solver_Hardened_Defense,97,1,Weaponization,T0849,Masquerading,True,False,0.07087500000000001,0,0,0.015384615384615373,1.0,1067.0560312491125
Solver_Hardened_Defense,97,2,Delivery,T0862,Supply Chain Compromise,False,True,0.14850000000000002,1,0,0.06569343065693425,1.0,805.8332250001025
Solver_Hardened_Defense,98,0,Reconnaissance,T0842,Network Sniffing,True,False,0.037500000000000006,0,0,0.11111111111111108,1.0,1015.4374999999652
Solver_Hardened_Defense,98,1,Weaponization,T0849,Masquerading,True,False,0.07087500000000001,0,0,0.015384615384615373,1.0,1067.056031250699
Solver_Hardened_Defense,98,2,Delivery,T0862,Supply Chain Compromise,False,False,0.14850000000000002,0,0,0.01,1.0,805.8332249997208
Solver_Hardened_Defense,98,3,Exploitation,T0863,User Execution,True,True,0.077625,1,0,0.043478260869565216,1.0,3417.023452207259
Solver_Hardened_Defense,99,0,Reconnaissance,T0842,Network Sniffing,False,False,0.037500000000000006,0,0,0.11111111111111108,1.0,1015.4375000002628
Solver_Hardened_Defense,99,1,Weaponization,T0849,Masquerading,True,False,0.07087500000000001,0,0,0.015384615384615373,1.0,1067.0560312504617
Solver_Hardened_Defense,99,2,Delivery,T0862,Supply Chain Compromise,True,False,0.14850000000000002,0,0,0.01,1.0,805.8332250002144
Solver_Hardened_Defense,99,3,Exploitation,T0863,User Execution,True,False,0.077625,0,0,0.01,1.0,3417.0234522065048
Solver_Hardened_Defense,99,4,Installation,T1505.003,Server Software Component: Web Shell,False,False,0.243,0,0,0.01,1.0,2514.584420312558
Solver_Hardened_Defense,99,5,Command & Control,T0884,Connection Proxy,True,False,0.16875,0,0,0.01,1.0,4014.411774731318
Solver_Hardened_Defense,99,6,Actions on Objectives,T0882,Theft of Operational Information,False,False,0.26325000000000004,0,0,0.01,1.0,4013.8663558933804
Solver_Hardened_Defense,100,0,Reconnaissance,T0842,Network Sniffing,True,True,0.037500000000000006,1,0,0.8181818181818181,1.0,1015.4374999999047
Solver_Hardened_Defense,101,0,Reconnaissance,T0842,Network Sniffing,True,False,0.037500000000000006,0,0,0.11111111111111108,1.0,1015.4374999999167
Solver_Hardened_Defense,101,1,Weaponization,T0849,Masquerading,False,True,0.07087500000000001,1,0,0.35999999999999993,1.0,1067.0560312493224
Solver_Hardened_Defense,102,0,Reconnaissance,T0842,Network Sniffing,True,False,0.037500000000000006,0,0,0.11111111111111108,1.0,1015.4375000008026
Solver_Hardened_Defense,102,1,Weaponization,T0849,Masquerading,True,False,0.07087500000000001,0,0,0.015384615384615373,1.0,1067.0560312500907
Solver_Hardened_Defense,102,2,Delivery,T0862,Supply Chain Compromise,False,False,0.14850000000000002,0,0,0.01,1.0,805.8332249999725
Solver_Hardened_Defense,102,3,Exploitation,T0863,User Execution,True,False,0.077625,0,0,0.01,1.0,3417.023452206477
Solver_Hardened_Defense,102,4,Installation,T1505.003,Server Software Component: Web Shell,True,False,0.243,0,0,0.01,1.0,2514.5844203126303
Solver_Hardened_Defense,102,5,Command & Control,T0884,Connection Proxy,False,False,0.16875,0,0,0.01,1.0,4014.41177473121
Solver_Hardened_Defense,102,6,Actions on Objectives,T0882,Theft of Operational Information,False,False,0.26325000000000004,0,0,0.01,1.0,4013.8663558933476
Solver_Hardened_Defense,103,0,Reconnaissance,T0842,Network Sniffing,True,False,0.037500000000000006,0,0,0.11111111111111108,1.0,1015.4375000008802
Solver_Hardened_Defense,103,1,Weaponization,T0849,Masquerading,True,False,0.07087500000000001,0,0,0.015384615384615373,1.0,1067.0560312491095
Solver_Hardened_Defense,103,2,Delivery,T0862,Supply Chain Compromise,False,False,0.14850000000000002,0,0,0.01,1.0,805.8332250007242
Solver_Hardened_Defense,103,3,Exploitation,T0863,User Execution,True,False,0.077625,0,0,0.01,1.0,3417.02345220727
Solver_Hardened_Defense,103,4,Installation,T1505.003,Server Software Component: Web Shell,False,False,0.243,0,0,0.01,1.0,2514.5844203117986
Solver_Hardened_Defense,103,5,Command & Control,T0884,Connection Proxy,True,False,0.16875,0,0,0.01,1.0,4014.411774731537
Solver_Hardened_Defense,103,6,Actions on Objectives,T0882,Theft of Operational Information,False,False,0.26325000000000004,0,0,0.01,1.0,4013.866355892951
Solver_Hardened_Defense,104,0,Reconnaissance,T0842,Network Sniffing,True,False,0.037500000000000006,0,0,0.11111111111111108,1.0,1015.4375000009087
Solver_Hardened_Defense,104,1,Weaponization,T0849,Masquerading,False,False,0.07087500000000001,0,0,0.015384615384615373,1.0,1067.056031250646
Solver_Hardened_Defense,104,2,Delivery,T0862,Supply Chain Compromise,False,False,0.14850000000000002,0,0,0.01,1.0,805.8332249997521
Solver_Hardened_Defense,104,3,Exploitation,T0863,User Execution,True,False,0.077625,0,0,0.01,1.0,3417.0234522068686
Solver_Hardened_Defense,104,4,Installation,T1505.003,Server Software Component: Web Shell,False,False,0.243,0,0,0.01,1.0,2514.584420313105
Solver_Hardened_Defense,104,5,Command & Control,T0884,Connection Proxy,False,False,0.16875,0,0,0.01,1.0,4014.4117747309474
Solver_Hardened_Defense,104,6,Actions on Objectives,T0882,Theft of Operational Information,True,False,0.26325000000000004,0,50,0.01,1.0,4013.866355892489
Solver_Hardened_Defense,105,0,Reconnaissance,T0842,Network Sniffing,True,False,0.037500000000000006,0,0,0.11111111111111108,1.0,1015.4375000009857
Solver_Hardened_Defense,105,1,Weaponization,T0849,Masquerading,True,False,0.07087500000000001,0,0,0.015384615384615373,1.0,1067.056031250921
Solver_Hardened_Defense,105,2,Delivery,T0862,Supply Chain Compromise,False,False,0.14850000000000002,0,0,0.01,1.0,805.8332249996939
Solver_Hardened_Defense,105,3,Exploitation,T0863,User Execution,True,False,0.077625,0,0,0.01,1.0,3417.023452207257
Solver_Hardened_Defense,105,4,Installation,T1505.003,Server Software Component: Web Shell,False,False,0.243,0,0,0.01,1.0,2514.5844203124334
Solver_Hardened_Defense,105,5,Command & Control,T0884,Connection Proxy,True,False,0.16875,0,0,0.01,1.0,4014.4117747307982
Solver_Hardened_Defense,105,6,Actions on Objectives,T0882,Theft of Operational Information,True,False,0.26325000000000004,0,50,0.01,1.0,4013.86635589248
Solver_Hardened_Defense,106,0,Reconnaissance,T0842,Network Sniffing,True,False,0.037500000000000006,0,0,0.11111111111111108,1.0,1015.4374999995706
Solver_Hardened_Defense,106,1,Weaponization,T0849,Masquerading,True,False,0.07087500000000001,0,0,0.015384615384615373,1.0,1067.056031250276
Solver_Hardened_Defense,106,2,Delivery,T0862,Supply Chain Compromise,False,False,0.14850000000000002,0,0,0.01,1.0,805.8332249996163
Solver_Hardened_Defense,106,3,Exploitation,T0863,User Execution,True,False,0.077625,0,0,0.01,1.0,3417.02345220624
Solver_Hardened_Defense,106,4,Installation,T1505.003,Server Software Component: Web Shell,True,True,0.243,1,0,0.043478260869565216,1.0,2514.5844203118554
Solver_Hardened_Defense,107,0,Reconnaissance,T0842,Network Sniffing,True,False,0.037500000000000006,0,0,0.11111111111111108,1.0,1015.4374999993975
Solver_Hardened_Defense,107,1,Weaponization,T0849,Masquerading,False,False,0.07087500000000001,0,0,0.015384615384615373,1.0,1067.0560312509472
Solver_Hardened_Defense,107,2,Delivery,T0862,Supply Chain Compromise,False,False,0.14850000000000002,0,0,0.01,1.0,805.8332250006716
Solver_Hardened_Defense,107,3,Exploitation,T0863,User Execution,True,False,0.077625,0,0,0.01,1.0,3417.0234522071305
Solver_Hardened_Defense,107,4,Installation,T1505.003,Server Software Component: Web Shell,True,True,0.243,1,0,0.043478260869565216,1.0,2514.584420311926
Solver_Hardened_Defense,108,0,Reconnaissance,T0842,Network Sniffing,True,False,0.037500000000000006,0,0,0.11111111111111108,1.0,1015.4375000008413
Solver_Hardened_Defense,108,1,Weaponization,T0849,Masquerading,True,False,0.07087500000000001,0,0,0.015384615384615373,1.0,1067.0560312491018
Solver_Hardened_Defense,108,2,Delivery,T0862,Supply Chain Compromise,True,False,0.14850000000000002,0,0,0.01,1.0,805.8332250001308
Solver_Hardened_Defense,108,3,Exploitation,T0863,User Execution,True,False,0.077625,0,0,0.01,1.0,3417.023452207271
Solver_Hardened_Defense,108,4,Installation,T1505.003,Server Software Component: Web Shell,True,True,0.243,1,0,0.043478260869565216,1.0,2514.5844203129027
Solver_Hardened_Defense,109,0,Reconnaissance,T0842,Network Sniffing,True,False,0.037500000000000006,0,0,0.11111111111111108,1.0,1015.4375000001331
Solver_Hardened_Defense,109,1,Weaponization,T0849,Masquerading,True,False,0.07087500000000001,0,0,0.015384615384615373,1.0,1067.056031250682
Solver_Hardened_Defense,109,2,Delivery,T0862,Supply Chain Compromise,False,False,0.14850000000000002,0,0,0.01,1.0,805.8332249992864
Solver_Hardened_Defense,109,3,Exploitation,T0863,User Execution,False,False,0.077625,0,0,0.01,1.0,3417.0234522063633
Solver_Hardened_Defense,109,4,Installation,T1505.003,Server Software Component: Web Shell,False,True,0.243,1,0,0.043478260869565216,1.0,2514.584420312735
Solver_Hardened_Defense,110,0,Reconnaissance,T0842,Network Sniffing,True,False,0.037500000000000006,0,0,0.11111111111111108,1.0,1015.4375000009175
Solver_Hardened_Defense,110,1,Weaponization,T0849,Masquerading,False,False,0.07087500000000001,0,0,0.015384615384615373,1.0,1067.0560312490513
Solver_Hardened_Defense,110,2,Delivery,T0862,Supply Chain Compromise,False,True,0.14850000000000002,1,0,0.06569343065693425,1.0,805.8332250002743
Solver_Hardened_Defense,111,0,Reconnaissance,T0842,Network Sniffing,True,False,0.037500000000000006,0,0,0.11111111111111108,1.0,1015.4375000005796
Solver_Hardened_Defense,111,1,Weaponization,T0849,Masquerading,False,False,0.07087500000000001,0,0,0.015384615384615373,1.0,1067.0560312499176
Solver_Hardened_Defense,111,2,Delivery,T0862,Supply Chain Compromise,False,False,0.14850000000000002,0,0,0.01,1.0,805.8332249995332
Solver_Hardened_Defense,111,3,Exploitation,T0863,User Execution,True,False,0.077625,0,0,0.01,1.0,3417.023452207309
Solver_Hardened_Defense,111,4,Installation,T1505.003,Server Software Component: Web Shell,True,True,0.243,1,0,0.043478260869565216,1.0,2514.5844203118695
Solver_Hardened_Defense,112,0,Reconnaissance,T0842,Network Sniffing,True,False,0.037500000000000006,0,0,0.11111111111111108,1.0,1015.4375000002244
Solver_Hardened_Defense,112,1,Weaponization,T0849,Masquerading,True,False,0.07087500000000001,0,0,0.015384615384615373,1.0,1067.0560312494658
Solver_Hardened_Defense,112,2,Delivery,T0862,Supply Chain Compromise,False,True,0.14850000000000002,1,0,0.06569343065693425,1.0,805.8332250006404
Solver_Hardened_Defense,113,0,Reconnaissance,T0842,Network Sniffing,False,False,0.037500000000000006,0,0,0.11111111111111108,1.0,1015.4374999995683
Solver_Hardened_Defense,113,1,Weaponization,T0849,Masquerading,False,False,0.07087500000000001,0,0,0.015384615384615373,1.0,1067.056031249923
Solver_Hardened_Defense,113,2,Delivery,T0862,Supply Chain Compromise,True,False,0.14850000000000002,0,0,0.01,1.0,805.8332249999562
Solver_Hardened_Defense,113,3,Exploitation,T0863,User Execution,True,False,0.077625,0,0,0.01,1.0,3417.0234522069136
Solver_Hardened_Defense,113,4,Installation,T1505.003,Server Software Component: Web Shell,True,False,0.243,0,0,0.01,1.0,2514.5844203127513
Solver_Hardened_Defense,113,5,Command & Control,T0884,Connection Proxy,True,False,0.16875,0,0,0.01,1.0,4014.4117747307905
Solver_Hardened_Defense,113,6,Actions on Objectives,T0882,Theft of Operational Information,True,False,0.26325000000000004,0,50,0.01,1.0,4013.866355892493
Solver_Hardened_Defense,114,0,Reconnaissance,T0842,Network Sniffing,True,False,0.037500000000000006,0,0,0.11111111111111108,1.0,1015.4374999996345
Solver_Hardened_Defense,114,1,Weaponization,T0849,Masquerading,True,False,0.07087500000000001,0,0,0.015384615384615373,1.0,1067.0560312502848
Solver_Hardened_Defense,114,2,Delivery,T0862,Supply Chain Compromise,False,False,0.14850000000000002,0,0,0.01,1.0,805.8332250000109
Solver_Hardened_Defense,114,3,Exploitation,T0863,User Execution,True,False,0.077625,0,0,0.01,1.0,3417.02345220632
Solver_Hardened_Defense,114,4,Installation,T1505.003,Server Software Component: Web Shell,True,False,0.243,0,0,0.01,1.0,2514.5844203124907
Solver_Hardened_Defense,114,5,Command & Control,T0884,Connection Proxy,True,False,0.16875,0,0,0.01,1.0,4014.4117747320893
Solver_Hardened_Defense,114,6,Actions on Objectives,T0882,Theft of Operational Information,False,False,0.26325000000000004,0,0,0.01,1.0,4013.8663558925
Solver_Hardened_Defense,115,0,Reconnaissance,T0842,Network Sniffing,True,False,0.037500000000000006,0,0,0.11111111111111108,1.0,1015.4374999991156
Solver_Hardened_Defense,115,1,Weaponization,T0849,Masquerading,True,False,0.07087500000000001,0,0,0.015384615384615373,1.0,1067.0560312497678
Solver_Hardened_Defense,115,2,Delivery,T0862,Supply Chain Compromise,False,False,0.14850000000000002,0,0,0.01,1.0,805.8332249998704
Solver_Hardened_Defense,115,3,Exploitation,T0863,User Execution,True,False,0.077625,0,0,0.01,1.0,3417.0234522077812
Solver_Hardened_Defense,115,4,Installation,T1505.003,Server Software Component: Web Shell,False,False,0.243,0,0,0.01,1.0,2514.5844203121633
Solver_Hardened_Defense,115,5,Command & Control,T0884,Connection Proxy,True,False,0.16875,0,0,0.01,1.0,4014.411774731829
Solver_Hardened_Defense,115,6,Actions on Objectives,T0882,Theft of Operational Information,False,False,0.26325000000000004,0,0,0.01,1.0,4013.866355893358
Solver_Hardened_Defense,116,0,Reconnaissance,T0842,Network Sniffing,True,False,0.037500000000000006,0,0,0.11111111111111108,1.0,1015.4374999999699
Solver_Hardened_Defense,116,1,Weaponization,T0849,Masquerading,False,True,0.07087500000000001,1,0,0.35999999999999993,1.0,1067.056031249762
Solver_Hardened_Defense,117,0,Reconnaissance,T0842,Network Sniffing,True,False,0.037500000000000006,0,0,0.11111111111111108,1.0,1015.4375000001365
Solver_Hardened_Defense,117,1,Weaponization,T0849,Masquerading,True,False,0.07087500000000001,0,0,0.015384615384615373,1.0,1067.0560312500525
Solver_Hardened_Defense,117,2,Delivery,T0862,Supply Chain Compromise,True,True,0.14850000000000002,1,0,0.06569343065693425,1.0,805.8332250007838
Solver_Hardened_Defense,118,0,Reconnaissance,T0842,Network Sniffing,True,False,0.037500000000000006,0,0,0.11111111111111108,1.0,1015.4375000007493
Solver_Hardened_Defense,118,1,Weaponization,T0849,Masquerading,False,False,0.07087500000000001,0,0,0.015384615384615373,1.0,1067.0560312493615
Solver_Hardened_Defense,118,2,Delivery,T0862,Supply Chain Compromise,True,False,0.14850000000000002,0,0,0.01,1.0,805.8332249995789
Solver_Hardened_Defense,118,3,Exploitation,T0863,User Execution,True,False,0.077625,0,0,0.01,1.0,3417.0234522064497
Solver_Hardened_Defense,118,4,Installation,T1505.003,Server Software Component: Web Shell,False,False,0.243,0,0,0.01,1.0,2514.584420312368
Solver_Hardened_Defense,118,5,Command & Control,T0884,Connection Proxy,True,False,0.16875,0,0,0.01,1.0,4014.4117747313026
Solver_Hardened_Defense,118,6,Actions on Objectives,T0882,Theft of Operational Information,True,False,0.26325000000000004,0,50,0.01,1.0,4013.8663558927688
Solver_Hardened_Defense,119,0,Reconnaissance,T0842,Network Sniffing,True,False,0.037500000000000006,0,0,0.11111111111111108,1.0,1015.4374999994631
Solver_Hardened_Defense,119,1,Weaponization,T0849,Masquerading,True,False,0.07087500000000001,0,0,0.015384615384615373,1.0,1067.0560312493474
Solver_Hardened_Defense,119,2,Delivery,T0862,Supply Chain Compromise,False,False,0.14850000000000002,0,0,0.01,1.0,805.8332250005286
Solver_Hardened_Defense,119,3,Exploitation,T0863,User Execution,True,False,0.077625,0,0,0.01,1.0,3417.023452207021
Solver_Hardened_Defense,119,4,Installation,T1505.003,Server Software Component: Web Shell,False,True,0.243,1,0,0.043478260869565216,1.0,2514.5844203122488
Solver_Hardened_Defense,120,0,Reconnaissance,T0842,Network Sniffing,True,False,0.037500000000000006,0,0,0.11111111111111108,1.0,1015.4374999990886
Solver_Hardened_Defense,120,1,Weaponization,T0849,Masquerading,False,True,0.07087500000000001,1,0,0.35999999999999993,1.0,1067.056031249659
Solver_Hardened_Defense,121,0,Reconnaissance,T0842,Network Sniffing,True,False,0.037500000000000006,0,0,0.11111111111111108,1.0,1015.4375000007213
Solver_Hardened_Defense,121,1,Weaponization,T0849,Masquerading,False,False,0.07087500000000001,0,0,0.015384615384615373,1.0,1067.0560312501486
Solver_Hardened_Defense,121,2,Delivery,T0862,Supply Chain Compromise,True,False,0.14850000000000002,0,0,0.01,1.0,805.833225000208
Solver_Hardened_Defense,121,3,Exploitation,T0863,User Execution,True,False,0.077625,0,0,0.01,1.0,3417.0234522077044
Solver_Hardened_Defense,121,4,Installation,T1505.003,Server Software Component: Web Shell,True,False,0.243,0,0,0.01,1.0,2514.5844203122742
Solver_Hardened_Defense,121,5,Command & Control,T0884,Connection Proxy,True,True,0.16875,1,0,0.043478260869565216,1.0,4014.411774732144
Solver_Hardened_Defense,122,0,Reconnaissance,T0842,Network Sniffing,True,False,0.037500000000000006,0,0,0.11111111111111108,1.0,1015.4374999997781
Solver_Hardened_Defense,122,1,Weaponization,T0849,Masquerading,False,False,0.07087500000000001,0,0,0.015384615384615373,1.0,1067.0560312491887
Solver_Hardened_Defense,122,2,Delivery,T0862,Supply Chain Compromise,False,False,0.14850000000000002,0,0,0.01,1.0,805.8332249995494
Solver_Hardened_Defense,122,3,Exploitation,T0863,User Execution,True,False,0.077625,0,0,0.01,1.0,3417.0234522066844
Solver_Hardened_Defense,122,4,Installation,T1505.003,Server Software Component: Web Shell,False,False,0.243,0,0,0.01,1.0,2514.5844203127795
Solver_Hardened_Defense,122,5,Command & Control,T0884,Connection Proxy,True,True,0.16875,1,0,0.043478260869565216,1.0,4014.4117747318655
Solver_Hardened_Defense,123,0,Reconnaissance,T0842,Network Sniffing,True,False,0.037500000000000006,0,0,0.11111111111111108,1.0,1015.4374999997732
Solver_Hardened_Defense,123,1,Weaponization,T0849,Masquerading,False,False,0.07087500000000001,0,0,0.015384615384615373,1.0,1067.056031250819
Solver_Hardened_Defense,123,2,Delivery,T0862,Supply Chain Compromise,True,False,0.14850000000000002,0,0,0.01,1.0,805.8332250007686
Solver_Hardened_Defense,123,3,Exploitation,T0863,User Execution,True,False,0.077625,0,0,0.01,1.0,3417.0234522073742
Solver_Hardened_Defense,123,4,Installation,T1505.003,Server Software Component: Web Shell,False,False,0.243,0,0,0.01,1.0,2514.5844203128754
Solver_Hardened_Defense,123,5,Command & Control,T0884,Connection Proxy,False,True,0.16875,1,0,0.043478260869565216,1.0,4014.411774731116
Solver_Hardened_Defense,124,0,Reconnaissance,T0842,Network Sniffing,True,False,0.037500000000000006,0,0,0.11111111111111108,1.0,1015.4374999995075
Solver_Hardened_Defense,124,1,Weaponization,T0849,Masquerading,True,False,0.07087500000000001,0,0,0.015384615384615373,1.0,1067.0560312499692
Solver_Hardened_Defense,124,2,Delivery,T0862,Supply Chain Compromise,False,False,0.14850000000000002,0,0,0.01,1.0,805.8332250005676
Solver_Hardened_Defense,124,3,Exploitation,T0863,User Execution,True,False,0.077625,0,0,0.01,1.0,3417.023452206852
Solver_Hardened_Defense,124,4,Installation,T1505.003,Server Software Component: Web Shell,False,False,0.243,0,0,0.01,1.0,2514.5844203125816
Solver_Hardened_Defense,124,5,Command & Control,T0884,Connection Proxy,False,False,0.16875,0,0,0.01,1.0,4014.4117747316864
Solver_Hardened_Defense,124,6,Actions on Objectives,T0882,Theft of Operational Information,False,False,0.26325000000000004,0,0,0.01,1.0,4013.86635589245
Solver_Hardened_Defense,125,0,Reconnaissance,T0842,Network Sniffing,True,False,0.037500000000000006,0,0,0.11111111111111108,1.0,1015.4375000003585
Solver_Hardened_Defense,125,1,Weaponization,T0849,Masquerading,True,False,0.07087500000000001,0,0,0.015384615384615373,1.0,1067.056031249563
Solver_Hardened_Defense,125,2,Delivery,T0862,Supply Chain Compromise,False,False,0.14850000000000002,0,0,0.01,1.0,805.8332249993206
Solver_Hardened_Defense,125,3,Exploitation,T0863,User Execution,True,False,0.077625,0,0,0.01,1.0,3417.023452206195
Solver_Hardened_Defense,125,4,Installation,T1505.003,Server Software Component: Web Shell,False,False,0.243,0,0,0.01,1.0,2514.5844203127594
Solver_Hardened_Defense,125,5,Command & Control,T0884,Connection Proxy,True,False,0.16875,0,0,0.01,1.0,4014.4117747308437
Solver_Hardened_Defense,125,6,Actions on Objectives,T0882,Theft of Operational Information,False,False,0.26325000000000004,0,0,0.01,1.0,4013.866355893038
Solver_Hardened_Defense,126,0,Reconnaissance,T0842,Network Sniffing,False,False,0.037500000000000006,0,0,0.11111111111111108,1.0,1015.4374999991381
Solver_Hardened_Defense,126,1,Weaponization,T0849,Masquerading,False,False,0.07087500000000001,0,0,0.015384615384615373,1.0,1067.0560312501125
Solver_Hardened_Defense,126,2,Delivery,T0862,Supply Chain Compromise,True,True,0.14850000000000002,1,0,0.06569343065693425,1.0,805.8332249999721
Solver_Hardened_Defense,127,0,Reconnaissance,T0842,Network Sniffing,True,False,0.037500000000000006,0,0,0.11111111111111108,1.0,1015.4375000002533
Solver_Hardened_Defense,127,1,Weaponization,T0849,Masquerading,False,False,0.07087500000000001,0,0,0.015384615384615373,1.0,1067.0560312504792
Solver_Hardened_Defense,127,2,Delivery,T0862,Supply Chain Compromise,False,False,0.14850000000000002,0,0,0.01,1.0,805.8332250003843
Solver_Hardened_Defense,127,3,Exploitation,T0863,User Execution,True,False,0.077625,0,0,0.01,1.0,3417.0234522065043
Solver_Hardened_Defense,127,4,Installation,T1505.003,Server Software Component: Web Shell,True,False,0.243,0,0,0.01,1.0,2514.5844203129836
Solver_Hardened_Defense,127,5,Command & Control,T0884,Connection Proxy,True,False,0.16875,0,0,0.01,1.0,4014.4117747317487
Solver_Hardened_Defense,127,6,Actions on Objectives,T0882,Theft of Operational Information,True,False,0.26325000000000004,0,50,0.01,1.0,4013.866355892543
Solver_Hardened_Defense,128,0,Reconnaissance,T0842,Network Sniffing,True,False,0.037500000000000006,0,0,0.11111111111111108,1.0,1015.4375000003033
Solver_Hardened_Defense,128,1,Weaponization,T0849,Masquerading,False,False,0.07087500000000001,0,0,0.015384615384615373,1.0,1067.0560312493003
Solver_Hardened_Defense,128,2,Delivery,T0862,Supply Chain Compromise,False,False,0.14850000000000002,0,0,0.01,1.0,805.8332249992377
Solver_Hardened_Defense,128,3,Exploitation,T0863,User Execution,True,False,0.077625,0,0,0.01,1.0,3417.0234522066903
Solver_Hardened_Defense,128,4,Installation,T1505.003,Server Software Component: Web Shell,False,False,0.243,0,0,0.01,1.0,2514.584420312165
Solver_Hardened_Defense,128,5,Command & Control,T0884,Connection Proxy,True,False,0.16875,0,0,0.01,1.0,4014.4117747311016
Solver_Hardened_Defense,128,6,Actions on Objectives,T0882,Theft of Operational Information,True,True,0.26325000000000004,1,0,0.043478260869565216,1.0,4013.866355892977
Solver_Hardened_Defense,129,0,Reconnaissance,T0842,Network Sniffing,True,False,0.037500000000000006,0,0,0.11111111111111108,1.0,1015.4375000003612
Solver_Hardened_Defense,129,1,Weaponization,T0849,Masquerading,True,True,0.07087500000000001,1,0,0.35999999999999993,1.0,1067.056031249997
Solver_Hardened_Defense,130,0,Reconnaissance,T0842,Network Sniffing,True,False,0.037500000000000006,0,0,0.11111111111111108,1.0,1015.4374999994361
Solver_Hardened_Defense,130,1,Weaponization,T0849,Masquerading,False,False,0.07087500000000001,0,0,0.015384615384615373,1.0,1067.0560312496855
Solver_Hardened_Defense,130,2,Delivery,T0862,Supply Chain Compromise,False,False,0.14850000000000002,0,0,0.01,1.0,805.8332249993342
Solver_Hardened_Defense,130,3,Exploitation,T0863,User Execution,True,False,0.077625,0,0,0.01,1.0,3417.0234522076366
Solver_Hardened_Defense,130,4,Installation,T1505.003,Server Software Component: Web Shell,True,False,0.243,0,0,0.01,1.0,2514.584420312042
Solver_Hardened_Defense,130,5,Command & Control,T0884,Connection Proxy,True,False,0.16875,0,0,0.01,1.0,4014.4117747321147
Solver_Hardened_Defense,130,6,Actions on Objectives,T0882,Theft of Operational Information,True,True,0.26325000000000004,1,0,0.043478260869565216,1.0,4013.86635589259
Solver_Hardened_Defense,131,0,Reconnaissance,T0842,Network Sniffing,True,False,0.037500000000000006,0,0,0.11111111111111108,1.0,1015.437499999948
Solver_Hardened_Defense,131,1,Weaponization,T0849,Masquerading,True,False,0.07087500000000001,0,0,0.015384615384615373,1.0,1067.0560312508806
Solver_Hardened_Defense,131,2,Delivery,T0862,Supply Chain Compromise,True,False,0.14850000000000002,0,0,0.01,1.0,805.8332249997476
Solver_Hardened_Defense,131,3,Exploitation,T0863,User Execution,True,False,0.077625,0,0,0.01,1.0,3417.0234522062174
Solver_Hardened_Defense,131,4,Installation,T1505.003,Server Software Component: Web Shell,False,False,0.243,0,0,0.01,1.0,2514.584420311855
Solver_Hardened_Defense,131,5,Command & Control,T0884,Connection Proxy,False,False,0.16875,0,0,0.01,1.0,4014.411774731806
Solver_Hardened_Defense,131,6,Actions on Objectives,T0882,Theft of Operational Information,True,True,0.26325000000000004,1,0,0.043478260869565216,1.0,4013.866355892756
Solver_Hardened_Defense,132,0,Reconnaissance,T0842,Network Sniffing,True,False,0.037500000000000006,0,0,0.11111111111111108,1.0,1015.4375000001203
Solver_Hardened_Defense,132,1,Weaponization,T0849,Masquerading,False,False,0.07087500000000001,0,0,0.015384615384615373,1.0,1067.0560312501061
Solver_Hardened_Defense,132,2,Delivery,T0862,Supply Chain Compromise,False,False,0.14850000000000002,0,0,0.01,1.0,805.833224999529
Solver_Hardened_Defense,132,3,Exploitation,T0863,User Execution,True,True,0.077625,1,0,0.043478260869565216,1.0,3417.023452206496
Solver_Hardened_Defense,133,0,Reconnaissance,T0842,Network Sniffing,True,False,0.037500000000000006,0,0,0.11111111111111108,1.0,1015.4374999993306
Solver_Hardened_Defense,133,1,Weaponization,T0849,Masquerading,True,False,0.07087500000000001,0,0,0.015384615384615373,1.0,1067.0560312508694
Solver_Hardened_Defense,133,2,Delivery,T0862,Supply Chain Compromise,False,False,0.14850000000000002,0,0,0.01,1.0,805.8332250001814
Solver_Hardened_Defense,133,3,Exploitation,T0863,User Execution,True,False,0.077625,0,0,0.01,1.0,3417.0234522069204
Solver_Hardened_Defense,133,4,Installation,T1505.003,Server Software Component: Web Shell,True,False,0.243,0,0,0.01,1.0,2514.5844203122465
Solver_Hardened_Defense,133,5,Command & Control,T0884,Connection Proxy,True,False,0.16875,0,0,0.01,1.0,4014.4117747321197
Solver_Hardened_Defense,133,6,Actions on Objectives,T0882,Theft of Operational Information,False,False,0.26325000000000004,0,0,0.01,1.0,4013.866355893167
Solver_Hardened_Defense,134,0,Reconnaissance,T0842,Network Sniffing,True,False,0.037500000000000006,0,0,0.11111111111111108,1.0,1015.4374999994167
Solver_Hardened_Defense,134,1,Weaponization,T0849,Masquerading,False,False,0.07087500000000001,0,0,0.015384615384615373,1.0,1067.0560312492996
Solver_Hardened_Defense,134,2,Delivery,T0862,Supply Chain Compromise,False,False,0.14850000000000002,0,0,0.01,1.0,805.8332250001604
Solver_Hardened_Defense,134,3,Exploitation,T0863,User Execution,True,False,0.077625,0,0,0.01,1.0,3417.0234522065307
Solver_Hardened_Defense,134,4,Installation,T1505.003,Server Software Component: Web Shell,False,False,0.243,0,0,0.01,1.0,2514.5844203132715
Solver_Hardened_Defense,134,5,Command & Control,T0884,Connection Proxy,False,False,0.16875,0,0,0.01,1.0,4014.411774732039
Solver_Hardened_Defense,134,6,Actions on Objectives,T0882,Theft of Operational Information,True,False,0.26325000000000004,0,50,0.01,1.0,4013.8663558932253
Solver_Hardened_Defense,135,0,Reconnaissance,T0842,Network Sniffing,True,False,0.037500000000000006,0,0,0.11111111111111108,1.0,1015.4375000005641
Solver_Hardened_Defense,135,1,Weaponization,T0849,Masquerading,True,False,0.07087500000000001,0,0,0.015384615384615373,1.0,1067.0560312492682
Solver_Hardened_Defense,135,2,Delivery,T0862,Supply Chain Compromise,True,False,0.14850000000000002,0,0,0.01,1.0,805.8332250000618
Solver_Hardened_Defense,135,3,Exploitation,T0863,User Execution,True,True,0.077625,1,0,0.043478260869565216,1.0,3417.0234522072824
Solver_Hardened_Defense,136,0,Reconnaissance,T0842,Network Sniffing,True,False,0.037500000000000006,0,0,0.11111111111111108,1.0,1015.4375000003688
Solver_Hardened_Defense,136,1,Weaponization,T0849,Masquerading,True,False,0.07087500000000001,0,0,0.015384615384615373,1.0,1067.056031250843
Solver_Hardened_Defense,136,2,Delivery,T0862,Supply Chain Compromise,False,False,0.14850000000000002,0,0,0.01,1.0,805.8332249999703
Solver_Hardened_Defense,136,3,Exploitation,T0863,User Execution,True,False,0.077625,0,0,0.01,1.0,3417.0234522069113
Solver_Hardened_Defense,136,4,Installation,T1505.003,Server Software Component: Web Shell,True,False,0.243,0,0,0.01,1.0,2514.5844203122037
Solver_Hardened_Defense,136,5,Command & Control,T0884,Connection Proxy,False,False,0.16875,0,0,0.01,1.0,4014.411774732197
Solver_Hardened_Defense,136,6,Actions on Objectives,T0882,Theft of Operational Information,False,False,0.26325000000000004,0,0,0.01,1.0,4013.866355893756
Solver_Hardened_Defense,137,0,Reconnaissance,T0842,Network Sniffing,True,True,0.037500000000000006,1,0,0.8181818181818181,1.0,1015.437499999349
Solver_Hardened_Defense,138,0,Reconnaissance,T0842,Network Sniffing,True,False,0.037500000000000006,0,0,0.11111111111111108,1.0,1015.4374999992701
Solver_Hardened_Defense,138,1,Weaponization,T0849,Masquerading,False,False,0.07087500000000001,0,0,0.015384615384615373,1.0,1067.0560312509347
Solver_Hardened_Defense,138,2,Delivery,T0862,Supply Chain Compromise,False,False,0.14850000000000002,0,0,0.01,1.0,805.8332249997309
Solver_Hardened_Defense,138,3,Exploitation,T0863,User Execution,True,False,0.077625,0,0,0.01,1.0,3417.0234522065944
Solver_Hardened_Defense,138,4,Installation,T1505.003,Server Software Component: Web Shell,False,True,0.243,1,0,0.043478260869565216,1.0,2514.5844203132583
Solver_Hardened_Defense,139,0,Reconnaissance,T0842,Network Sniffing,True,False,0.037500000000000006,0,0,0.11111111111111108,1.0,1015.4374999993281
Solver_Hardened_Defense,139,1,Weaponization,T0849,Masquerading,False,True,0.07087500000000001,1,0,0.35999999999999993,1.0,1067.0560312497194
Solver_Hardened_Defense,140,0,Reconnaissance,T0842,Network Sniffing,True,True,0.037500000000000006,1,0,0.8181818181818181,1.0,1015.4374999994702
Solver_Hardened_Defense,141,0,Reconnaissance,T0842,Network Sniffing,True,False,0.037500000000000006,0,0,0.11111111111111108,1.0,1015.4375000009927
Solver_Hardened_Defense,141,1,Weaponization,T0849,Masquerading,True,False,0.07087500000000001,0,0,0.015384615384615373,1.0,1067.0560312499297
Solver_Hardened_Defense,141,2,Delivery,T0862,Supply Chain Compromise,False,False,0.14850000000000002,0,0,0.01,1.0,805.8332250007933
Solver_Hardened_Defense,141,3,Exploitation,T0863,User Execution,True,False,0.077625,0,0,0.01,1.0,3417.023452206453
Solver_Hardened_Defense,141,4,Installation,T1505.003,Server Software Component: Web Shell,True,True,0.243,1,0,0.043478260869565216,1.0,2514.5844203123006
Solver_Hardened_Defense,142,0,Reconnaissance,T0842,Network Sniffing,True,False,0.037500000000000006,0,0,0.11111111111111108,1.0,1015.4375000006662
Solver_Hardened_Defense,142,1,Weaponization,T0849,Masquerading,False,False,0.07087500000000001,0,0,0.015384615384615373,1.0,1067.0560312497082
Solver_Hardened_Defense,142,2,Delivery,T0862,Supply Chain Compromise,True,False,0.14850000000000002,0,0,0.01,1.0,805.8332249994769
Solver_Hardened_Defense,142,3,Exploitation,T0863,User Execution,True,False,0.077625,0,0,0.01,1.0,3417.0234522076294
Solver_Hardened_Defense,142,4,Installation,T1505.003,Server Software Component: Web Shell,False,True,0.243,1,0,0.043478260869565216,1.0,2514.5844203121324
Solver_Hardened_Defense,143,0,Reconnaissance,T0842,Network Sniffing,True,False,0.037500000000000006,0,0,0.11111111111111108,1.0,1015.4374999993194
Solver_Hardened_Defense,143,1,Weaponization,T0849,Masquerading,False,False,0.07087500000000001,0,0,0.015384615384615373,1.0,1067.056031250071
Solver_Hardened_Defense,143,2,Delivery,T0862,Supply Chain Compromise,False,False,0.14850000000000002,0,0,0.01,1.0,805.83322499972
Solver_Hardened_Defense,143,3,Exploitation,T0863,User Execution,True,False,0.077625,0,0,0.01,1.0,3417.0234522067135
Solver_Hardened_Defense,143,4,Installation,T1505.003,Server Software Component: Web Shell,True,False,0.243,0,0,0.01,1.0,2514.5844203121765
Solver_Hardened_Defense,143,5,Command & Control,T0884,Connection Proxy,False,True,0.16875,1,0,0.043478260869565216,1.0,4014.4117747322
Solver_Hardened_Defense,144,0,Reconnaissance,T0842,Network Sniffing,True,False,0.037500000000000006,0,0,0.11111111111111108,1.0,1015.4374999994553
Solver_Hardened_Defense,144,1,Weaponization,T0849,Masquerading,False,True,0.07087500000000001,1,0,0.35999999999999993,1.0,1067.056031249167
Solver_Hardened_Defense,145,0,Reconnaissance,T0842,Network Sniffing,True,False,0.037500000000000006,0,0,0.11111111111111108,1.0,1015.4375000005109
Solver_Hardened_Defense,145,1,Weaponization,T0849,Masquerading,True,False,0.07087500000000001,0,0,0.015384615384615373,1.0,1067.0560312491325
Solver_Hardened_Defense,145,2,Delivery,T0862,Supply Chain Compromise,False,False,0.14850000000000002,0,0,0.01,1.0,805.8332249998105
Solver_Hardened_Defense,145,3,Exploitation,T0863,User Execution,True,False,0.077625,0,0,0.01,1.0,3417.0234522062356
Solver_Hardened_Defense,145,4,Installation,T1505.003,Server Software Component: Web Shell,False,False,0.243,0,0,0.01,1.0,2514.5844203125694
Solver_Hardened_Defense,145,5,Command & Control,T0884,Connection Proxy,True,False,0.16875,0,0,0.01,1.0,4014.4117747317905
Solver_Hardened_Defense,145,6,Actions on Objectives,T0882,Theft of Operational Information,True,False,0.26325000000000004,0,50,0.01,1.0,4013.8663558931603
Solver_Hardened_Defense,146,0,Reconnaissance,T0842,Network Sniffing,True,False,0.037500000000000006,0,0,0.11111111111111108,1.0,1015.4374999996879
Solver_Hardened_Defense,146,1,Weaponization,T0849,Masquerading,True,False,0.07087500000000001,0,0,0.015384615384615373,1.0,1067.056031249922
Solver_Hardened_Defense,146,2,Delivery,T0862,Supply Chain Compromise,False,False,0.14850000000000002,0,0,0.01,1.0,805.8332250002143
Solver_Hardened_Defense,146,3,Exploitation,T0863,User Execution,True,False,0.077625,0,0,0.01,1.0,3417.0234522063056
Solver_Hardened_Defense,146,4,Installation,T1505.003,Server Software Component: Web Shell,False,True,0.243,1,0,0.043478260869565216,1.0,2514.5844203124866
Solver_Hardened_Defense,147,0,Reconnaissance,T0842,Network Sniffing,True,False,0.037500000000000006,0,0,0.11111111111111108,1.0,1015.4375000007345
Solver_Hardened_Defense,147,1,Weaponization,T0849,Masquerading,True,False,0.07087500000000001,0,0,0.015384615384615373,1.0,1067.0560312503399
Solver_Hardened_Defense,147,2,Delivery,T0862,Supply Chain Compromise,False,False,0.14850000000000002,0,0,0.01,1.0,805.8332249993424
Solver_Hardened_Defense,147,3,Exploitation,T0863,User Execution,True,False,0.077625,0,0,0.01,1.0,3417.02345220761
Solver_Hardened_Defense,147,4,Installation,T1505.003,Server Software Component: Web Shell,False,True,0.243,1,0,0.043478260869565216,1.0,2514.5844203122388
Solver_Hardened_Defense,148,0,Reconnaissance,T0842,Network Sniffing,False,False,0.037500000000000006,0,0,0.11111111111111108,1.0,1015.4374999990874
Solver_Hardened_Defense,148,1,Weaponization,T0849,Masquerading,False,False,0.07087500000000001,0,0,0.015384615384615373,1.0,1067.0560312500377
Solver_Hardened_Defense,148,2,Delivery,T0862,Supply Chain Compromise,False,True,0.14850000000000002,1,0,0.06569343065693425,1.0,805.8332250008194
Solver_Hardened_Defense,149,0,Reconnaissance,T0842,Network Sniffing,False,False,0.037500000000000006,0,0,0.11111111111111108,1.0,1015.4375000002331
Solver_Hardened_Defense,149,1,Weaponization,T0849,Masquerading,False,False,0.07087500000000001,0,0,0.015384615384615373,1.0,1067.0560312494015
Solver_Hardened_Defense,149,2,Delivery,T0862,Supply Chain Compromise,True,False,0.14850000000000002,0,0,0.01,1.0,805.8332249992496
Solver_Hardened_Defense,149,3,Exploitation,T0863,User Execution,True,False,0.077625,0,0,0.01,1.0,3417.0234522077085
Solver_Hardened_Defense,149,4,Installation,T1505.003,Server Software Component: Web Shell,True,False,0.243,0,0,0.01,1.0,2514.584420312776
Solver_Hardened_Defense,149,5,Command & Control,T0884,Connection Proxy,True,False,0.16875,0,0,0.01,1.0,4014.411774730968
Solver_Hardened_Defense,149,6,Actions on Objectives,T0882,Theft of Operational Information,True,False,0.26325000000000004,0,50,0.01,1.0,4013.86635589345
Solver_Hardened_Defense,150,0,Reconnaissance,T0842,Network Sniffing,True,False,0.037500000000000006,0,0,0.11111111111111108,1.0,1015.4375000003893
Solver_Hardened_Defense,150,1,Weaponization,T0849,Masquerading,True,False,0.07087500000000001,0,0,0.015384615384615373,1.0,1067.0560312509456
Solver_Hardened_Defense,150,2,Delivery,T0862,Supply Chain Compromise,True,False,0.14850000000000002,0,0,0.01,1.0,805.8332250004277
Solver_Hardened_Defense,150,3,Exploitation,T0863,User Execution,True,False,0.077625,0,0,0.01,1.0,3417.0234522072737
Solver_Hardened_Defense,150,4,Installation,T1505.003,Server Software Component: Web Shell,True,False,0.243,0,0,0.01,1.0,2514.5844203122024
Solver_Hardened_Defense,150,5,Command & Control,T0884,Connection Proxy,False,False,0.16875,0,0,0.01,1.0,4014.4117747319133
Solver_Hardened_Defense,150,6,Actions on Objectives,T0882,Theft of Operational Information,True,False,0.26325000000000004,0,50,0.01,1.0,4013.8663558932126
Solver_Hardened_Defense,151,0,Reconnaissance,T0842,Network Sniffing,True,False,0.037500000000000006,0,0,0.11111111111111108,1.0,1015.4374999993338
Solver_Hardened_Defense,151,1,Weaponization,T0849,Masquerading,True,False,0.07087500000000001,0,0,0.015384615384615373,1.0,1067.0560312500083
Solver_Hardened_Defense,151,2,Delivery,T0862,Supply Chain Compromise,False,False,0.14850000000000002,0,0,0.01,1.0,805.8332250004919
Solver_Hardened_Defense,151,3,Exploitation,T0863,User Execution,True,False,0.077625,0,0,0.01,1.0,3417.0234522073706
Solver_Hardened_Defense,151,4,Installation,T1505.003,Server Software Component: Web Shell,False,False,0.243,0,0,0.01,1.0,2514.58442031198
Solver_Hardened_Defense,151,5,Command & Control,T0884,Connection Proxy,False,False,0.16875,0,0,0.01,1.0,4014.4117747316673
Solver_Hardened_Defense,151,6,Actions on Objectives,T0882,Theft of Operational Information,False,False,0.26325000000000004,0,0,0.01,1.0,4013.8663558924522
Solver_Hardened_Defense,152,0,Reconnaissance,T0842,Network Sniffing,True,False,0.037500000000000006,0,0,0.11111111111111108,1.0,1015.4375000007248
Solver_Hardened_Defense,152,1,Weaponization,T0849,Masquerading,True,False,0.07087500000000001,0,0,0.015384615384615373,1.0,1067.0560312497978
Solver_Hardened_Defense,152,2,Delivery,T0862,Supply Chain Compromise,False,False,0.14850000000000002,0,0,0.01,1.0,805.8332249992723
Solver_Hardened_Defense,152,3,Exploitation,T0863,User Execution,True,False,0.077625,0,0,0.01,1.0,3417.023452207683
Solver_Hardened_Defense,152,4,Installation,T1505.003,Server Software Component: Web Shell,False,False,0.243,0,0,0.01,1.0,2514.5844203118613
Solver_Hardened_Defense,152,5,Command & Control,T0884,Connection Proxy,True,True,0.16875,1,0,0.043478260869565216,1.0,4014.411774731247
Solver_Hardened_Defense,153,0,Reconnaissance,T0842,Network Sniffing,True,False,0.037500000000000006,0,0,0.11111111111111108,1.0,1015.437499999257
Solver_Hardened_Defense,153,1,Weaponization,T0849,Masquerading,True,False,0.07087500000000001,0,0,0.015384615384615373,1.0,1067.0560312491532
Solver_Hardened_Defense,153,2,Delivery,T0862,Supply Chain Compromise,False,False,0.14850000000000002,0,0,0.01,1.0,805.8332250004139
Solver_Hardened_Defense,153,3,Exploitation,T0863,User Execution,True,True,0.077625,1,0,0.043478260869565216,1.0,3417.0234522075607
Solver_Hardened_Defense,154,0,Reconnaissance,T0842,Network Sniffing,True,False,0.037500000000000006,0,0,0.11111111111111108,1.0,1015.4375000000393
Solver_Hardened_Defense,154,1,Weaponization,T0849,Masquerading,True,False,0.07087500000000001,0,0,0.015384615384615373,1.0,1067.0560312496596
Solver_Hardened_Defense,154,2,Delivery,T0862,Supply Chain Compromise,False,False,0.14850000000000002,0,0,0.01,1.0,805.8332249997923
Solver_Hardened_Defense,154,3,Exploitation,T0863,User Execution,False,False,0.077625,0,0,0.01,1.0,3417.023452206275
Solver_Hardened_Defense,154,4,Installation,T1505.003,Server Software Component: Web Shell,True,False,0.243,0,0,0.01,1.0,2514.58442031242
Solver_Hardened_Defense,154,5,Command & Control,T0884,Connection Proxy,True,False,0.16875,0,0,0.01,1.0,4014.4117747308514
Solver_Hardened_Defense,154,6,Actions on Objectives,T0882,Theft of Operational Information,False,True,0.26325000000000004,1,0,0.043478260869565216,1.0,4013.866355893854
Solver_Hardened_Defense,155,0,Reconnaissance,T0842,Network Sniffing,True,False,0.037500000000000006,0,0,0.11111111111111108,1.0,1015.437500000059
Solver_Hardened_Defense,155,1,Weaponization,T0849,Masquerading,False,False,0.07087500000000001,0,0,0.015384615384615373,1.0,1067.0560312503098
Solver_Hardened_Defense,155,2,Delivery,T0862,Supply Chain Compromise,False,False,0.14850000000000002,0,0,0.01,1.0,805.8332250002193
Solver_Hardened_Defense,155,3,Exploitation,T0863,User Execution,False,False,0.077625,0,0,0.01,1.0,3417.0234522066166
Solver_Hardened_Defense,155,4,Installation,T1505.003,Server Software Component: Web Shell,False,True,0.243,1,0,0.043478260869565216,1.0,2514.584420312951
Solver_Hardened_Defense,156,0,Reconnaissance,T0842,Network Sniffing,True,False,0.037500000000000006,0,0,0.11111111111111108,1.0,1015.437500000053
Solver_Hardened_Defense,156,1,Weaponization,T0849,Masquerading,False,False,0.07087500000000001,0,0,0.015384615384615373,1.0,1067.0560312494997
Solver_Hardened_Defense,156,2,Delivery,T0862,Supply Chain Compromise,True,False,0.14850000000000002,0,0,0.01,1.0,805.8332249996217
Solver_Hardened_Defense,156,3,Exploitation,T0863,User Execution,True,False,0.077625,0,0,0.01,1.0,3417.023452207245
Solver_Hardened_Defense,156,4,Installation,T1505.003,Server Software Component: Web Shell,False,False,0.243,0,0,0.01,1.0,2514.5844203122297
Solver_Hardened_Defense,156,5,Command & Control,T0884,Connection Proxy,True,False,0.16875,0,0,0.01,1.0,4014.41177473163
Solver_Hardened_Defense,156,6,Actions on Objectives,T0882,Theft of Operational Information,False,True,0.26325000000000004,1,0,0.043478260869565216,1.0,4013.8663558935027
Solver_Hardened_Defense,157,0,Reconnaissance,T0842,Network Sniffing,True,False,0.037500000000000006,0,0,0.11111111111111108,1.0,1015.4374999994292
Solver_Hardened_Defense,157,1,Weaponization,T0849,Masquerading,False,False,0.07087500000000001,0,0,0.015384615384615373,1.0,1067.0560312498972
Solver_Hardened_Defense,157,2,Delivery,T0862,Supply Chain Compromise,False,False,0.14850000000000002,0,0,0.01,1.0,805.8332249998289
Solver_Hardened_Defense,157,3,Exploitation,T0863,User Execution,True,False,0.077625,0,0,0.01,1.0,3417.0234522064356
Solver_Hardened_Defense,157,4,Installation,T1505.003,Server Software Component: Web Shell,True,True,0.243,1,0,0.043478260869565216,1.0,2514.5844203128318
Solver_Hardened_Defense,158,0,Reconnaissance,T0842,Network Sniffing,True,False,0.037500000000000006,0,0,0.11111111111111108,1.0,1015.4374999994028
Solver_Hardened_Defense,158,1,Weaponization,T0849,Masquerading,True,False,0.07087500000000001,0,0,0.015384615384615373,1.0,1067.0560312495243
Solver_Hardened_Defense,158,2,Delivery,T0862,Supply Chain Compromise,True,False,0.14850000000000002,0,0,0.01,1.0,805.8332249994531
Solver_Hardened_Defense,158,3,Exploitation,T0863,User Execution,True,False,0.077625,0,0,0.01,1.0,3417.0234522067894
Solver_Hardened_Defense,158,4,Installation,T1505.003,Server Software Component: Web Shell,True,False,0.243,0,0,0.01,1.0,2514.5844203132547
Solver_Hardened_Defense,158,5,Command & Control,T0884,Connection Proxy,True,False,0.16875,0,0,0.01,1.0,4014.411774731503
Solver_Hardened_Defense,158,6,Actions on Objectives,T0882,Theft of Operational Information,True,False,0.26325000000000004,0,50,0.01,1.0,4013.8663558932712
Solver_Hardened_Defense,159,0,Reconnaissance,T0842,Network Sniffing,True,False,0.037500000000000006,0,0,0.11111111111111108,1.0,1015.437499999141
Solver_Hardened_Defense,159,1,Weaponization,T0849,Masquerading,False,False,0.07087500000000001,0,0,0.015384615384615373,1.0,1067.0560312504665
Solver_Hardened_Defense,159,2,Delivery,T0862,Supply Chain Compromise,False,False,0.14850000000000002,0,0,0.01,1.0,805.8332249994684
Solver_Hardened_Defense,159,3,Exploitation,T0863,User Execution,False,False,0.077625,0,0,0.01,1.0,3417.0234522070755
Solver_Hardened_Defense,159,4,Installation,T1505.003,Server Software Component: Web Shell,True,False,0.243,0,0,0.01,1.0,2514.584420311945
Solver_Hardened_Defense,159,5,Command & Control,T0884,Connection Proxy,True,False,0.16875,0,0,0.01,1.0,4014.411774731243
Solver_Hardened_Defense,159,6,Actions on Objectives,T0882,Theft of Operational Information,True,False,0.26325000000000004,0,50,0.01,1.0,4013.866355893077
Solver_Hardened_Defense,160,0,Reconnaissance,T0842,Network Sniffing,True,False,0.037500000000000006,0,0,0.11111111111111108,1.0,1015.4375000002049
Solver_Hardened_Defense,160,1,Weaponization,T0849,Masquerading,True,False,0.07087500000000001,0,0,0.015384615384615373,1.0,1067.0560312501214
Solver_Hardened_Defense,160,2,Delivery,T0862,Supply Chain Compromise,False,False,0.14850000000000002,0,0,0.01,1.0,805.8332250008225
Solver_Hardened_Defense,160,3,Exploitation,T0863,User Execution,True,False,0.077625,0,0,0.01,1.0,3417.0234522064598
Solver_Hardened_Defense,160,4,Installation,T1505.003,Server Software Component: Web Shell,False,False,0.243,0,0,0.01,1.0,2514.584420312853
Solver_Hardened_Defense,160,5,Command & Control,T0884,Connection Proxy,True,True,0.16875,1,0,0.043478260869565216,1.0,4014.4117747309633
Solver_Hardened_Defense,161,0,Reconnaissance,T0842,Network Sniffing,True,False,0.037500000000000006,0,0,0.11111111111111108,1.0,1015.4374999998602
Solver_Hardened_Defense,161,1,Weaponization,T0849,Masquerading,True,False,0.07087500000000001,0,0,0.015384615384615373,1.0,1067.0560312505138
Solver_Hardened_Defense,161,2,Delivery,T0862,Supply Chain Compromise,True,False,0.14850000000000002,0,0,0.01,1.0,805.8332249996116
Solver_Hardened_Defense,161,3,Exploitation,T0863,User Execution,True,False,0.077625,0,0,0.01,1.0,3417.0234522075593
Solver_Hardened_Defense,161,4,Installation,T1505.003,Server Software Component: Web Shell,False,False,0.243,0,0,0.01,1.0,2514.584420313004
Solver_Hardened_Defense,161,5,Command & Control,T0884,Connection Proxy,True,False,0.16875,0,0,0.01,1.0,4014.4117747311157
Solver_Hardened_Defense,161,6,Actions on Objectives,T0882,Theft of Operational Information,True,True,0.26325000000000004,1,0,0.043478260869565216,1.0,4013.8663558937214
Solver_Hardened_Defense,162,0,Reconnaissance,T0842,Network Sniffing,True,False,0.037500000000000006,0,0,0.11111111111111108,1.0,1015.4375000003218
Solver_Hardened_Defense,162,1,Weaponization,T0849,Masquerading,False,False,0.07087500000000001,0,0,0.015384615384615373,1.0,1067.056031249923
Solver_Hardened_Defense,162,2,Delivery,T0862,Supply Chain Compromise,True,True,0.14850000000000002,1,0,0.06569343065693425,1.0,805.8332250003454
Solver_Hardened_Defense,163,0,Reconnaissance,T0842,Network Sniffing,False,False,0.037500000000000006,0,0,0.11111111111111108,1.0,1015.4374999993051
Solver_Hardened_Defense,163,1,Weaponization,T0849,Masquerading,False,False,0.07087500000000001,0,0,0.015384615384615373,1.0,1067.056031250672
Solver_Hardened_Defense,163,2,Delivery,T0862,Supply Chain Compromise,True,False,0.14850000000000002,0,0,0.01,1.0,805.8332249999322
Solver_Hardened_Defense,163,3,Exploitation,T0863,User Execution,True,False,0.077625,0,0,0.01,1.0,3417.023452206183
Solver_Hardened_Defense,163,4,Installation,T1505.003,Server Software Component: Web Shell,False,False,0.243,0,0,0.01,1.0,2514.5844203117495
Solver_Hardened_Defense,163,5,Command & Control,T0884,Connection Proxy,False,False,0.16875,0,0,0.01,1.0,4014.4117747315763
Solver_Hardened_Defense,163,6,Actions on Objectives,T0882,Theft of Operational Information,False,True,0.26325000000000004,1,0,0.043478260869565216,1.0,4013.8663558923954
Solver_Hardened_Defense,164,0,Reconnaissance,T0842,Network Sniffing,True,False,0.037500000000000006,0,0,0.11111111111111108,1.0,1015.437500000057
Solver_Hardened_Defense,164,1,Weaponization,T0849,Masquerading,True,False,0.07087500000000001,0,0,0.015384615384615373,1.0,1067.0560312506761
Solver_Hardened_Defense,164,2,Delivery,T0862,Supply Chain Compromise,False,False,0.14850000000000002,0,0,0.01,1.0,805.8332250007287
Solver_Hardened_Defense,164,3,Exploitation,T0863,User Execution,True,False,0.077625,0,0,0.01,1.0,3417.023452207735
Solver_Hardened_Defense,164,4,Installation,T1505.003,Server Software Component: Web Shell,True,False,0.243,0,0,0.01,1.0,2514.584420311739
Solver_Hardened_Defense,164,5,Command & Control,T0884,Connection Proxy,True,False,0.16875,0,0,0.01,1.0,4014.4117747316286
Solver_Hardened_Defense,164,6,Actions on Objectives,T0882,Theft of Operational Information,True,False,0.26325000000000004,0,50,0.01,1.0,4013.8663558927606
Solver_Hardened_Defense,165,0,Reconnaissance,T0842,Network Sniffing,True,False,0.037500000000000006,0,0,0.11111111111111108,1.0,1015.4375000008325
Solver_Hardened_Defense,165,1,Weaponization,T0849,Masquerading,True,False,0.07087500000000001,0,0,0.015384615384615373,1.0,1067.0560312500052
Solver_Hardened_Defense,165,2,Delivery,T0862,Supply Chain Compromise,False,False,0.14850000000000002,0,0,0.01,1.0,805.833225000258
Solver_Hardened_Defense,165,3,Exploitation,T0863,User Execution,True,False,0.077625,0,0,0.01,1.0,3417.0234522070423
Solver_Hardened_Defense,165,4,Installation,T1505.003,Server Software Component: Web Shell,True,True,0.243,1,0,0.043478260869565216,1.0,2514.5844203119727
Solver_Hardened_Defense,166,0,Reconnaissance,T0842,Network Sniffing,True,False,0.037500000000000006,0,0,0.11111111111111108,1.0,1015.4375000004869
Solver_Hardened_Defense,166,1,Weaponization,T0849,Masquerading,True,False,0.07087500000000001,0,0,0.015384615384615373,1.0,1067.0560312494229
Solver_Hardened_Defense,166,2,Delivery,T0862,Supply Chain Compromise,True,False,0.14850000000000002,0,0,0.01,1.0,805.8332250008496
Solver_Hardened_Defense,166,3,Exploitation,T0863,User Execution,True,False,0.077625,0,0,0.01,1.0,3417.0234522065084
Solver_Hardened_Defense,166,4,Installation,T1505.003,Server Software Component: Web Shell,True,False,0.243,0,0,0.01,1.0,2514.5844203119727
Solver_Hardened_Defense,166,5,Command & Control,T0884,Connection Proxy,True,False,0.16875,0,0,0.01,1.0,4014.4117747318087
Solver_Hardened_Defense,166,6,Actions on Objectives,T0882,Theft of Operational Information,False,False,0.26325000000000004,0,0,0.01,1.0,4013.8663558933163
Solver_Hardened_Defense,167,0,Reconnaissance,T0842,Network Sniffing,True,False,0.037500000000000006,0,0,0.11111111111111108,1.0,1015.4374999994966
Solver_Hardened_Defense,167,1,Weaponization,T0849,Masquerading,False,False,0.07087500000000001,0,0,0.015384615384615373,1.0,1067.056031250759
Solver_Hardened_Defense,167,2,Delivery,T0862,Supply Chain Compromise,True,False,0.14850000000000002,0,0,0.01,1.0,805.8332249998397
Solver_Hardened_Defense,167,3,Exploitation,T0863,User Execution,True,False,0.077625,0,0,0.01,1.0,3417.0234522064065
Solver_Hardened_Defense,167,4,Installation,T1505.003,Server Software Component: Web Shell,True,True,0.243,1,0,0.043478260869565216,1.0,2514.5844203121896
Solver_Hardened_Defense,168,0,Reconnaissance,T0842,Network Sniffing,True,True,0.037500000000000006,1,0,0.8181818181818181,1.0,1015.4374999993566
Solver_Hardened_Defense,169,0,Reconnaissance,T0842,Network Sniffing,False,False,0.037500000000000006,0,0,0.11111111111111108,1.0,1015.4374999999691
Solver_Hardened_Defense,169,1,Weaponization,T0849,Masquerading,True,False,0.07087500000000001,0,0,0.015384615384615373,1.0,1067.0560312495575
Solver_Hardened_Defense,169,2,Delivery,T0862,Supply Chain Compromise,True,True,0.14850000000000002,1,0,0.06569343065693425,1.0,805.833225000055
Solver_Hardened_Defense,170,0,Reconnaissance,T0842,Network Sniffing,True,False,0.037500000000000006,0,0,0.11111111111111108,1.0,1015.4375000004127
Solver_Hardened_Defense,170,1,Weaponization,T0849,Masquerading,True,False,0.07087500000000001,0,0,0.015384615384615373,1.0,1067.0560312499813
Solver_Hardened_Defense,170,2,Delivery,T0862,Supply Chain Compromise,False,False,0.14850000000000002,0,0,0.01,1.0,805.8332249992546
Solver_Hardened_Defense,170,3,Exploitation,T0863,User Execution,True,False,0.077625,0,0,0.01,1.0,3417.023452207775
Solver_Hardened_Defense,170,4,Installation,T1505.003,Server Software Component: Web Shell,False,True,0.243,1,0,0.043478260869565216,1.0,2514.584420312139
Solver_Hardened_Defense,171,0,Reconnaissance,T0842,Network Sniffing,True,False,0.037500000000000006,0,0,0.11111111111111108,1.0,1015.4374999992739
Solver_Hardened_Defense,171,1,Weaponization,T0849,Masquerading,True,False,0.07087500000000001,0,0,0.015384615384615373,1.0,1067.0560312504979
Solver_Hardened_Defense,171,2,Delivery,T0862,Supply Chain Compromise,False,False,0.14850000000000002,0,0,0.01,1.0,805.8332250001465
Solver_Hardened_Defense,171,3,Exploitation,T0863,User Execution,True,False,0.077625,0,0,0.01,1.0,3417.023452207805
Solver_Hardened_Defense,171,4,Installation,T1505.003,Server Software Component: Web Shell,False,False,0.243,0,0,0.01,1.0,2514.584420313144
Solver_Hardened_Defense,171,5,Command & Control,T0884,Connection Proxy,True,False,0.16875,0,0,0.01,1.0,4014.411774732188
Solver_Hardened_Defense,171,6,Actions on Objectives,T0882,Theft of Operational Information,True,False,0.26325000000000004,0,50,0.01,1.0,4013.8663558926723
Solver_Hardened_Defense,172,0,Reconnaissance,T0842,Network Sniffing,True,False,0.037500000000000006,0,0,0.11111111111111108,1.0,1015.4375000001049
Solver_Hardened_Defense,172,1,Weaponization,T0849,Masquerading,True,False,0.07087500000000001,0,0,0.015384615384615373,1.0,1067.056031249728
Solver_Hardened_Defense,172,2,Delivery,T0862,Supply Chain Compromise,True,False,0.14850000000000002,0,0,0.01,1.0,805.8332250007309
Solver_Hardened_Defense,172,3,Exploitation,T0863,User Execution,True,False,0.077625,0,0,0.01,1.0,3417.023452206288
Solver_Hardened_Defense,172,4,Installation,T1505.003,Server Software Component: Web Shell,False,False,0.243,0,0,0.01,1.0,2514.5844203118195
Solver_Hardened_Defense,172,5,Command & Control,T0884,Connection Proxy,True,False,0.16875,0,0,0.01,1.0,4014.4117747310056
Solver_Hardened_Defense,172,6,Actions on Objectives,T0882,Theft of Operational Information,True,False,0.26325000000000004,0,50,0.01,1.0,4013.866355892516
Solver_Hardened_Defense,173,0,Reconnaissance,T0842,Network Sniffing,True,False,0.037500000000000006,0,0,0.11111111111111108,1.0,1015.4375000008404
Solver_Hardened_Defense,173,1,Weaponization,T0849,Masquerading,True,False,0.07087500000000001,0,0,0.015384615384615373,1.0,1067.0560312497037
Solver_Hardened_Defense,173,2,Delivery,T0862,Supply Chain Compromise,True,False,0.14850000000000002,0,0,0.01,1.0,805.8332250000476
Solver_Hardened_Defense,173,3,Exploitation,T0863,User Execution,True,True,0.077625,1,0,0.043478260869565216,1.0,3417.023452207715
Solver_Hardened_Defense,174,0,Reconnaissance,T0842,Network Sniffing,True,False,0.037500000000000006,0,0,0.11111111111111108,1.0,1015.4374999999164
Solver_Hardened_Defense,174,1,Weaponization,T0849,Masquerading,True,False,0.07087500000000001,0,0,0.015384615384615373,1.0,1067.0560312492048
Solver_Hardened_Defense,174,2,Delivery,T0862,Supply Chain Compromise,True,False,0.14850000000000002,0,0,0.01,1.0,805.8332250000317
Solver_Hardened_Defense,174,3,Exploitation,T0863,User Execution,True,False,0.077625,0,0,0.01,1.0,3417.0234522064034
Solver_Hardened_Defense,174,4,Installation,T1505.003,Server Software Component: Web Shell,True,True,0.243,1,0,0.043478260869565216,1.0,2514.5844203127535
Solver_Hardened_Defense,175,0,Reconnaissance,T0842,Network Sniffing,True,False,0.037500000000000006,0,0,0.11111111111111108,1.0,1015.4374999994894
Solver_Hardened_Defense,175,1,Weaponization,T0849,Masquerading,False,False,0.07087500000000001,0,0,0.015384615384615373,1.0,1067.0560312491298
Solver_Hardened_Defense,175,2,Delivery,T0862,Supply Chain Compromise,False,False,0.14850000000000002,0,0,0.01,1.0,805.8332249992684
Solver_Hardened_Defense,175,3,Exploitation,T0863,User Execution,True,False,0.077625,0,0,0.01,1.0,3417.023452207208
Solver_Hardened_Defense,175,4,Installation,T1505.003,Server Software Component: Web Shell,True,False,0.243,0,0,0.01,1.0,2514.58442031236
Solver_Hardened_Defense,175,5,Command & Control,T0884,Connection Proxy,True,False,0.16875,0,0,0.01,1.0,4014.4117747313035
Solver_Hardened_Defense,175,6,Actions on Objectives,T0882,Theft of Operational Information,True,False,0.26325000000000004,0,50,0.01,1.0,4013.8663558927487
Solver_Hardened_Defense,176,0,Reconnaissance,T0842,Network Sniffing,True,False,0.037500000000000006,0,0,0.11111111111111108,1.0,1015.4375000003489
Solver_Hardened_Defense,176,1,Weaponization,T0849,Masquerading,True,False,0.07087500000000001,0,0,0.015384615384615373,1.0,1067.056031250397
Solver_Hardened_Defense,176,2,Delivery,T0862,Supply Chain Compromise,False,False,0.14850000000000002,0,0,0.01,1.0,805.83322500002
Solver_Hardened_Defense,176,3,Exploitation,T0863,User Execution,False,False,0.077625,0,0,0.01,1.0,3417.0234522070396
Solver_Hardened_Defense,176,4,Installation,T1505.003,Server Software Component: Web Shell,True,False,0.243,0,0,0.01,1.0,2514.584420312095
Solver_Hardened_Defense,176,5,Command & Control,T0884,Connection Proxy,False,False,0.16875,0,0,0.01,1.0,4014.411774731304
Solver_Hardened_Defense,176,6,Actions on Objectives,T0882,Theft of Operational Information,True,False,0.26325000000000004,0,50,0.01,1.0,4013.8663558937787
Solver_Hardened_Defense,177,0,Reconnaissance,T0842,Network Sniffing,True,False,0.037500000000000006,0,0,0.11111111111111108,1.0,1015.4375000008138
Solver_Hardened_Defense,177,1,Weaponization,T0849,Masquerading,False,False,0.07087500000000001,0,0,0.015384615384615373,1.0,1067.0560312499513
Solver_Hardened_Defense,177,2,Delivery,T0862,Supply Chain Compromise,True,False,0.14850000000000002,0,0,0.01,1.0,805.8332249993324
Solver_Hardened_Defense,177,3,Exploitation,T0863,User Execution,True,False,0.077625,0,0,0.01,1.0,3417.02345220657
Solver_Hardened_Defense,177,4,Installation,T1505.003,Server Software Component: Web Shell,False,False,0.243,0,0,0.01,1.0,2514.584420312999
Solver_Hardened_Defense,177,5,Command & Control,T0884,Connection Proxy,True,False,0.16875,0,0,0.01,1.0,4014.411774731098
Solver_Hardened_Defense,177,6,Actions on Objectives,T0882,Theft of Operational Information,False,False,0.26325000000000004,0,0,0.01,1.0,4013.866355893813
Solver_Hardened_Defense,178,0,Reconnaissance,T0842,Network Sniffing,True,False,0.037500000000000006,0,0,0.11111111111111108,1.0,1015.4375000007079
Solver_Hardened_Defense,178,1,Weaponization,T0849,Masquerading,True,False,0.07087500000000001,0,0,0.015384615384615373,1.0,1067.056031250821
Solver_Hardened_Defense,178,2,Delivery,T0862,Supply Chain Compromise,True,False,0.14850000000000002,0,0,0.01,1.0,805.8332249997586
Solver_Hardened_Defense,178,3,Exploitation,T0863,User Execution,True,False,0.077625,0,0,0.01,1.0,3417.023452207329
Solver_Hardened_Defense,178,4,Installation,T1505.003,Server Software Component: Web Shell,True,True,0.243,1,0,0.043478260869565216,1.0,2514.584420312174
Solver_Hardened_Defense,179,0,Reconnaissance,T0842,Network Sniffing,True,False,0.037500000000000006,0,0,0.11111111111111108,1.0,1015.4374999992377
Solver_Hardened_Defense,179,1,Weaponization,T0849,Masquerading,False,False,0.07087500000000001,0,0,0.015384615384615373,1.0,1067.0560312492246
Solver_Hardened_Defense,179,2,Delivery,T0862,Supply Chain Compromise,False,False,0.14850000000000002,0,0,0.01,1.0,805.8332249995691
Solver_Hardened_Defense,179,3,Exploitation,T0863,User Execution,True,False,0.077625,0,0,0.01,1.0,3417.0234522077053
Solver_Hardened_Defense,179,4,Installation,T1505.003,Server Software Component: Web Shell,True,False,0.243,0,0,0.01,1.0,2514.584420311863
Solver_Hardened_Defense,179,5,Command & Control,T0884,Connection Proxy,True,False,0.16875,0,0,0.01,1.0,4014.4117747321793
Solver_Hardened_Defense,179,6,Actions on Objectives,T0882,Theft of Operational Information,False,False,0.26325000000000004,0,0,0.01,1.0,4013.8663558926264
Solver_Hardened_Defense,180,0,Reconnaissance,T0842,Network Sniffing,False,False,0.037500000000000006,0,0,0.11111111111111108,1.0,1015.4374999990351
Solver_Hardened_Defense,180,1,Weaponization,T0849,Masquerading,False,False,0.07087500000000001,0,0,0.015384615384615373,1.0,1067.0560312501589
Solver_Hardened_Defense,180,2,Delivery,T0862,Supply Chain Compromise,False,False,0.14850000000000002,0,0,0.01,1.0,805.8332250006733
Solver_Hardened_Defense,180,3,Exploitation,T0863,User Execution,True,False,0.077625,0,0,0.01,1.0,3417.023452207634
Solver_Hardened_Defense,180,4,Installation,T1505.003,Server Software Component: Web Shell,True,False,0.243,0,0,0.01,1.0,2514.584420311703
Solver_Hardened_Defense,180,5,Command & Control,T0884,Connection Proxy,True,False,0.16875,0,0,0.01,1.0,4014.411774731868
Solver_Hardened_Defense,180,6,Actions on Objectives,T0882,Theft of Operational Information,False,True,0.26325000000000004,1,0,0.043478260869565216,1.0,4013.866355892614
Solver_Hardened_Defense,181,0,Reconnaissance,T0842,Network Sniffing,True,False,0.037500000000000006,0,0,0.11111111111111108,1.0,1015.4374999997167
Solver_Hardened_Defense,181,1,Weaponization,T0849,Masquerading,True,False,0.07087500000000001,0,0,0.015384615384615373,1.0,1067.0560312497319
Solver_Hardened_Defense,181,2,Delivery,T0862,Supply Chain Compromise,False,False,0.14850000000000002,0,0,0.01,1.0,805.83322499929
Solver_Hardened_Defense,181,3,Exploitation,T0863,User Execution,True,False,0.077625,0,0,0.01,1.0,3417.023452207246
Solver_Hardened_Defense,181,4,Installation,T1505.003,Server Software Component: Web Shell,False,False,0.243,0,0,0.01,1.0,2514.584420312625
Solver_Hardened_Defense,181,5,Command & Control,T0884,Connection Proxy,True,False,0.16875,0,0,0.01,1.0,4014.411774731044
Solver_Hardened_Defense,181,6,Actions on Objectives,T0882,Theft of Operational Information,True,False,0.26325000000000004,0,50,0.01,1.0,4013.866355892977
Solver_Hardened_Defense,182,0,Reconnaissance,T0842,Network Sniffing,True,False,0.037500000000000006,0,0,0.11111111111111108,1.0,1015.4375000000061
Solver_Hardened_Defense,182,1,Weaponization,T0849,Masquerading,True,False,0.07087500000000001,0,0,0.015384615384615373,1.0,1067.0560312507703
Solver_Hardened_Defense,182,2,Delivery,T0862,Supply Chain Compromise,False,False,0.14850000000000002,0,0,0.01,1.0,805.8332250001102
Solver_Hardened_Defense,182,3,Exploitation,T0863,User Execution,True,False,0.077625,0,0,0.01,1.0,3417.023452206839
Solver_Hardened_Defense,182,4,Installation,T1505.003,Server Software Component: Web Shell,False,False,0.243,0,0,0.01,1.0,2514.584420312801
Solver_Hardened_Defense,182,5,Command & Control,T0884,Connection Proxy,True,True,0.16875,1,0,0.043478260869565216,1.0,4014.4117747320956
Solver_Hardened_Defense,183,0,Reconnaissance,T0842,Network Sniffing,True,False,0.037500000000000006,0,0,0.11111111111111108,1.0,1015.4374999992871
Solver_Hardened_Defense,183,1,Weaponization,T0849,Masquerading,True,False,0.07087500000000001,0,0,0.015384615384615373,1.0,1067.056031250026
Solver_Hardened_Defense,183,2,Delivery,T0862,Supply Chain Compromise,True,False,0.14850000000000002,0,0,0.01,1.0,805.833224999733
Solver_Hardened_Defense,183,3,Exploitation,T0863,User Execution,True,False,0.077625,0,0,0.01,1.0,3417.0234522072456
Solver_Hardened_Defense,183,4,Installation,T1505.003,Server Software Component: Web Shell,True,False,0.243,0,0,0.01,1.0,2514.58442031245
Solver_Hardened_Defense,183,5,Command & Control,T0884,Connection Proxy,True,False,0.16875,0,0,0.01,1.0,4014.4117747311293
Solver_Hardened_Defense,183,6,Actions on Objectives,T0882,Theft of Operational Information,True,True,0.26325000000000004,1,0,0.043478260869565216,1.0,4013.866355893459
Solver_Hardened_Defense,184,0,Reconnaissance,T0842,Network Sniffing,True,False,0.037500000000000006,0,0,0.11111111111111108,1.0,1015.4374999995797
Solver_Hardened_Defense,184,1,Weaponization,T0849,Masquerading,True,False,0.07087500000000001,0,0,0.015384615384615373,1.0,1067.0560312507737
Solver_Hardened_Defense,184,2,Delivery,T0862,Supply Chain Compromise,True,False,0.14850000000000002,0,0,0.01,1.0,805.8332250008075
Solver_Hardened_Defense,184,3,Exploitation,T0863,User Execution,True,False,0.077625,0,0,0.01,1.0,3417.023452206844
Solver_Hardened_Defense,184,4,Installation,T1505.003,Server Software Component: Web Shell,True,False,0.243,0,0,0.01,1.0,2514.5844203121756
Solver_Hardened_Defense,184,5,Command & Control,T0884,Connection Proxy,False,True,0.16875,1,0,0.043478260869565216,1.0,4014.411774731692
Solver_Hardened_Defense,185,0,Reconnaissance,T0842,Network Sniffing,True,False,0.037500000000000006,0,0,0.11111111111111108,1.0,1015.4375000002165
Solver_Hardened_Defense,185,1,Weaponization,T0849,Masquerading,False,False,0.07087500000000001,0,0,0.015384615384615373,1.0,1067.0560312500124
Solver_Hardened_Defense,185,2,Delivery,T0862,Supply Chain Compromise,False,False,0.14850000000000002,0,0,0.01,1.0,805.8332250000186
Solver_Hardened_Defense,185,3,Exploitation,T0863,User Execution,True,False,0.077625,0,0,0.01,1.0,3417.0234522075366
Solver_Hardened_Defense,185,4,Installation,T1505.003,Server Software Component: Web Shell,True,False,0.243,0,0,0.01,1.0,2514.584420312455
Solver_Hardened_Defense,185,5,Command & Control,T0884,Connection Proxy,False,False,0.16875,0,0,0.01,1.0,4014.4117747308474
Solver_Hardened_Defense,185,6,Actions on Objectives,T0882,Theft of Operational Information,False,False,0.26325000000000004,0,0,0.01,1.0,4013.866355893308
Solver_Hardened_Defense,186,0,Reconnaissance,T0842,Network Sniffing,True,False,0.037500000000000006,0,0,0.11111111111111108,1.0,1015.4375000009861
Solver_Hardened_Defense,186,1,Weaponization,T0849,Masquerading,True,False,0.07087500000000001,0,0,0.015384615384615373,1.0,1067.0560312504294
Solver_Hardened_Defense,186,2,Delivery,T0862,Supply Chain Compromise,False,False,0.14850000000000002,0,0,0.01,1.0,805.8332250005762
Solver_Hardened_Defense,186,3,Exploitation,T0863,User Execution,True,False,0.077625,0,0,0.01,1.0,3417.0234522064334
Solver_Hardened_Defense,186,4,Installation,T1505.003,Server Software Component: Web Shell,False,False,0.243,0,0,0.01,1.0,2514.5844203119127
Solver_Hardened_Defense,186,5,Command & Control,T0884,Connection Proxy,True,False,0.16875,0,0,0.01,1.0,4014.4117747318046
Solver_Hardened_Defense,186,6,Actions on Objectives,T0882,Theft of Operational Information,True,True,0.26325000000000004,1,0,0.043478260869565216,1.0,4013.8663558937847
Solver_Hardened_Defense,187,0,Reconnaissance,T0842,Network Sniffing,False,False,0.037500000000000006,0,0,0.11111111111111108,1.0,1015.4374999996696
Solver_Hardened_Defense,187,1,Weaponization,T0849,Masquerading,True,False,0.07087500000000001,0,0,0.015384615384615373,1.0,1067.0560312503242
Solver_Hardened_Defense,187,2,Delivery,T0862,Supply Chain Compromise,True,False,0.14850000000000002,0,0,0.01,1.0,805.833224999603
Solver_Hardened_Defense,187,3,Exploitation,T0863,User Execution,True,True,0.077625,1,0,0.043478260869565216,1.0,3417.0234522062347
Solver_Hardened_Defense,188,0,Reconnaissance,T0842,Network Sniffing,True,False,0.037500000000000006,0,0,0.11111111111111108,1.0,1015.4374999993541
Solver_Hardened_Defense,188,1,Weaponization,T0849,Masquerading,True,False,0.07087500000000001,0,0,0.015384615384615373,1.0,1067.0560312491682
Solver_Hardened_Defense,188,2,Delivery,T0862,Supply Chain Compromise,False,False,0.14850000000000002,0,0,0.01,1.0,805.8332250006372
Solver_Hardened_Defense,188,3,Exploitation,T0863,User Execution,True,False,0.077625,0,0,0.01,1.0,3417.023452207759
Solver_Hardened_Defense,188,4,Installation,T1505.003,Server Software Component: Web Shell,False,False,0.243,0,0,0.01,1.0,2514.5844203129595
Solver_Hardened_Defense,188,5,Command & Control,T0884,Connection Proxy,True,False,0.16875,0,0,0.01,1.0,4014.411774731269
Solver_Hardened_Defense,188,6,Actions on Objectives,T0882,Theft of Operational Information,True,False,0.26325000000000004,0,50,0.01,1.0,4013.8663558925255
Solver_Hardened_Defense,189,0,Reconnaissance,T0842,Network Sniffing,True,False,0.037500000000000006,0,0,0.11111111111111108,1.0,1015.4374999997023
Solver_Hardened_Defense,189,1,Weaponization,T0849,Masquerading,False,False,0.07087500000000001,0,0,0.015384615384615373,1.0,1067.056031249718
Solver_Hardened_Defense,189,2,Delivery,T0862,Supply Chain Compromise,True,False,0.14850000000000002,0,0,0.01,1.0,805.8332249992275
Solver_Hardened_Defense,189,3,Exploitation,T0863,User Execution,True,False,0.077625,0,0,0.01,1.0,3417.023452206243
Solver_Hardened_Defense,189,4,Installation,T1505.003,Server Software Component: Web Shell,False,False,0.243,0,0,0.01,1.0,2514.584420313308
Solver_Hardened_Defense,189,5,Command & Control,T0884,Connection Proxy,True,False,0.16875,0,0,0.01,1.0,4014.411774732018
Solver_Hardened_Defense,189,6,Actions on Objectives,T0882,Theft of Operational Information,True,False,0.26325000000000004,0,50,0.01,1.0,4013.866355892578
Solver_Hardened_Defense,190,0,Reconnaissance,T0842,Network Sniffing,False,False,0.037500000000000006,0,0,0.11111111111111108,1.0,1015.4375000006931
Solver_Hardened_Defense,190,1,Weaponization,T0849,Masquerading,True,False,0.07087500000000001,0,0,0.015384615384615373,1.0,1067.0560312497314
Solver_Hardened_Defense,190,2,Delivery,T0862,Supply Chain Compromise,False,False,0.14850000000000002,0,0,0.01,1.0,805.8332249996845
Solver_Hardened_Defense,190,3,Exploitation,T0863,User Execution,True,False,0.077625,0,0,0.01,1.0,3417.023452206369
Solver_Hardened_Defense,190,4,Installation,T1505.003,Server Software Component: Web Shell,False,True,0.243,1,0,0.043478260869565216,1.0,2514.5844203118636
Solver_Hardened_Defense,191,0,Reconnaissance,T0842,Network Sniffing,True,False,0.037500000000000006,0,0,0.11111111111111108,1.0,1015.4374999998475
Solver_Hardened_Defense,191,1,Weaponization,T0849,Masquerading,False,False,0.07087500000000001,0,0,0.015384615384615373,1.0,1067.056031250895
Solver_Hardened_Defense,191,2,Delivery,T0862,Supply Chain Compromise,False,False,0.14850000000000002,0,0,0.01,1.0,805.8332249994924
Solver_Hardened_Defense,191,3,Exploitation,T0863,User Execution,True,False,0.077625,0,0,0.01,1.0,3417.023452207348
Solver_Hardened_Defense,191,4,Installation,T1505.003,Server Software Component: Web Shell,True,False,0.243,0,0,0.01,1.0,2514.5844203125494
Solver_Hardened_Defense,191,5,Command & Control,T0884,Connection Proxy,False,False,0.16875,0,0,0.01,1.0,4014.4117747321125
Solver_Hardened_Defense,191,6,Actions on Objectives,T0882,Theft of Operational Information,True,True,0.26325000000000004,1,0,0.043478260869565216,1.0,4013.866355892779
Solver_Hardened_Defense,192,0,Reconnaissance,T0842,Network Sniffing,True,False,0.037500000000000006,0,0,0.11111111111111108,1.0,1015.4374999993205
Solver_Hardened_Defense,192,1,Weaponization,T0849,Masquerading,False,True,0.07087500000000001,1,0,0.35999999999999993,1.0,1067.0560312503878
Solver_Hardened_Defense,193,0,Reconnaissance,T0842,Network Sniffing,True,False,0.037500000000000006,0,0,0.11111111111111108,1.0,1015.4374999990404
Solver_Hardened_Defense,193,1,Weaponization,T0849,Masquerading,False,False,0.07087500000000001,0,0,0.015384615384615373,1.0,1067.056031250511
Solver_Hardened_Defense,193,2,Delivery,T0862,Supply Chain Compromise,True,False,0.14850000000000002,0,0,0.01,1.0,805.8332249994344
Solver_Hardened_Defense,193,3,Exploitation,T0863,User Execution,True,False,0.077625,0,0,0.01,1.0,3417.023452206217
Solver_Hardened_Defense,193,4,Installation,T1505.003,Server Software Component: Web Shell,False,False,0.243,0,0,0.01,1.0,2514.5844203120996
Solver_Hardened_Defense,193,5,Command & Control,T0884,Connection Proxy,False,False,0.16875,0,0,0.01,1.0,4014.4117747312443
Solver_Hardened_Defense,193,6,Actions on Objectives,T0882,Theft of Operational Information,True,True,0.26325000000000004,1,0,0.043478260869565216,1.0,4013.866355893036
Solver_Hardened_Defense,194,0,Reconnaissance,T0842,Network Sniffing,True,False,0.037500000000000006,0,0,0.11111111111111108,1.0,1015.4375000004947
Solver_Hardened_Defense,194,1,Weaponization,T0849,Masquerading,True,False,0.07087500000000001,0,0,0.015384615384615373,1.0,1067.0560312498383
Solver_Hardened_Defense,194,2,Delivery,T0862,Supply Chain Compromise,False,True,0.14850000000000002,1,0,0.06569343065693425,1.0,805.833224999678
Solver_Hardened_Defense,195,0,Reconnaissance,T0842,Network Sniffing,True,False,0.037500000000000006,0,0,0.11111111111111108,1.0,1015.4375000008372
Solver_Hardened_Defense,195,1,Weaponization,T0849,Masquerading,True,False,0.07087500000000001,0,0,0.015384615384615373,1.0,1067.0560312500788
Solver_Hardened_Defense,195,2,Delivery,T0862,Supply Chain Compromise,False,False,0.14850000000000002,0,0,0.01,1.0,805.8332250008038
Solver_Hardened_Defense,195,3,Exploitation,T0863,User Execution,True,False,0.077625,0,0,0.01,1.0,3417.0234522066794
Solver_Hardened_Defense,195,4,Installation,T1505.003,Server Software Component: Web Shell,True,True,0.243,1,0,0.043478260869565216,1.0,2514.584420312342
Solver_Hardened_Defense,196,0,Reconnaissance,T0842,Network Sniffing,False,False,0.037500000000000006,0,0,0.11111111111111108,1.0,1015.4375000002741
Solver_Hardened_Defense,196,1,Weaponization,T0849,Masquerading,False,True,0.07087500000000001,1,0,0.35999999999999993,1.0,1067.056031249672
Solver_Hardened_Defense,197,0,Reconnaissance,T0842,Network Sniffing,True,False,0.037500000000000006,0,0,0.11111111111111108,1.0,1015.4374999998065
Solver_Hardened_Defense,197,1,Weaponization,T0849,Masquerading,True,False,0.07087500000000001,0,0,0.015384615384615373,1.0,1067.056031250232
Solver_Hardened_Defense,197,2,Delivery,T0862,Supply Chain Compromise,True,False,0.14850000000000002,0,0,0.01,1.0,805.833224999436
Solver_Hardened_Defense,197,3,Exploitation,T0863,User Execution,True,False,0.077625,0,0,0.01,1.0,3417.0234522062124
Solver_Hardened_Defense,197,4,Installation,T1505.003,Server Software Component: Web Shell,False,False,0.243,0,0,0.01,1.0,2514.584420312973
Solver_Hardened_Defense,197,5,Command & Control,T0884,Connection Proxy,True,True,0.16875,1,0,0.043478260869565216,1.0,4014.41177473219
Solver_Hardened_Defense,198,0,Reconnaissance,T0842,Network Sniffing,True,False,0.037500000000000006,0,0,0.11111111111111108,1.0,1015.4374999991873
Solver_Hardened_Defense,198,1,Weaponization,T0849,Masquerading,False,False,0.07087500000000001,0,0,0.015384615384615373,1.0,1067.0560312505752
Solver_Hardened_Defense,198,2,Delivery,T0862,Supply Chain Compromise,False,False,0.14850000000000002,0,0,0.01,1.0,805.8332250004008
Solver_Hardened_Defense,198,3,Exploitation,T0863,User Execution,False,False,0.077625,0,0,0.01,1.0,3417.0234522078063
Solver_Hardened_Defense,198,4,Installation,T1505.003,Server Software Component: Web Shell,False,False,0.243,0,0,0.01,1.0,2514.584420311952
Solver_Hardened_Defense,198,5,Command & Control,T0884,Connection Proxy,True,False,0.16875,0,0,0.01,1.0,4014.411774732183
Solver_Hardened_Defense,198,6,Actions on Objectives,T0882,Theft of Operational Information,False,False,0.26325000000000004,0,0,0.01,1.0,4013.8663558928524
Solver_Hardened_Defense,199,0,Reconnaissance,T0842,Network Sniffing,True,False,0.037500000000000006,0,0,0.11111111111111108,1.0,1015.4374999995266
Solver_Hardened_Defense,199,1,Weaponization,T0849,Masquerading,True,False,0.07087500000000001,0,0,0.015384615384615373,1.0,1067.0560312503019
Solver_Hardened_Defense,199,2,Delivery,T0862,Supply Chain Compromise,False,False,0.14850000000000002,0,0,0.01,1.0,805.8332249996215
Solver_Hardened_Defense,199,3,Exploitation,T0863,User Execution,True,False,0.077625,0,0,0.01,1.0,3417.0234522076366
Solver_Hardened_Defense,199,4,Installation,T1505.003,Server Software Component: Web Shell,True,False,0.243,0,0,0.01,1.0,2514.584420313187
Solver_Hardened_Defense,199,5,Command & Control,T0884,Connection Proxy,True,False,0.16875,0,0,0.01,1.0,4014.4117747318573
Solver_Hardened_Defense,199,6,Actions on Objectives,T0882,Theft of Operational Information,False,False,0.26325000000000004,0,0,0.01,1.0,4013.866355893564
